timestamp,Open,High,Low,Close,Volume
2025-10-21 06:00:00,107537.12,108200.0,107499.19,107909.79,754.26623
2025-10-21 07:00:00,107909.79,108200.0,107645.21,108086.37,707.81305
2025-10-21 08:00:00,108086.38,108098.72,107484.22,107695.79,804.21106
2025-10-21 09:00:00,107695.79,107866.72,107540.09,107754.27,543.10308
2025-10-21 10:00:00,107754.27,108811.47,107580.0,108499.56,1096.0073
2025-10-21 11:00:00,108499.56,108639.76,108169.81,108580.01,546.40513
2025-10-21 12:00:00,108580.0,109485.78,108466.48,108793.4,1229.63283
2025-10-21 13:00:00,108793.39,108913.68,107922.06,108426.98,1261.1868
2025-10-21 14:00:00,108426.98,112290.31,108408.0,112170.52,3335.7283
2025-10-21 15:00:00,112170.52,113557.62,111716.91,113422.61,4175.55944
2025-10-21 16:00:00,113422.6,114000.0,112465.33,112565.88,2654.63776
2025-10-21 17:00:00,112565.88,112993.67,111813.18,111973.42,5531.17962
2025-10-21 18:00:00,111973.41,112297.14,111324.29,111990.55,1962.19243
2025-10-21 19:00:00,111990.55,112200.0,111562.94,111780.39,583.46835
2025-10-21 20:00:00,111780.4,111801.41,110554.22,110787.56,1166.16267
2025-10-21 21:00:00,110787.56,111111.0,110111.0,110816.32,986.90737
2025-10-21 22:00:00,110816.33,110816.33,108271.68,109066.98,2484.48697
2025-10-21 23:00:00,109066.98,109423.19,108045.81,108297.67,1531.00726
2025-10-22 00:00:00,108297.66,108643.61,107841.2,107986.14,1537.60176
2025-10-22 01:00:00,107986.15,108460.02,107986.14,108364.21,1493.26761
2025-10-22 02:00:00,108364.22,108678.21,108198.85,108198.85,699.65823
2025-10-22 03:00:00,108198.85,108219.12,107860.92,108216.02,1121.03699
2025-10-22 04:00:00,108216.03,108635.92,108162.09,108625.6,696.45277
2025-10-22 05:00:00,108625.61,108638.99,107879.93,108166.81,1434.44211
2025-10-22 06:00:00,108166.82,108331.75,107945.5,107980.02,675.25677
2025-10-22 07:00:00,107980.02,108321.64,107610.0,108321.63,1077.00799
2025-10-22 08:00:00,108321.64,108358.76,108079.86,108229.3,505.66169
2025-10-22 09:00:00,108229.3,108274.43,107773.89,107963.13,557.31037
2025-10-22 10:00:00,107963.12,108114.8,107650.0,107657.98,497.00462
2025-10-22 11:00:00,107657.98,108207.99,106708.18,107555.05,2452.68318
2025-10-22 12:00:00,107555.04,108399.0,107443.01,108044.96,841.76229
2025-10-22 13:00:00,108044.96,109014.34,107630.39,108783.36,1889.17586
2025-10-22 14:00:00,108783.35,108998.0,107500.0,108947.5,3240.71769
2025-10-22 15:00:00,108947.49,109163.88,107737.04,108416.5,1954.01743
2025-10-22 16:00:00,108416.5,108796.42,107877.27,108226.0,1590.12287
2025-10-22 17:00:00,108226.0,108339.89,107566.65,107778.45,913.68528
2025-10-22 18:00:00,107778.45,108200.0,107463.29,108023.33,668.80381
2025-10-22 19:00:00,108023.33,108411.61,107685.61,107870.35,835.44242
2025-10-22 20:00:00,107870.35,108069.93,107500.0,107696.03,1003.6717
2025-10-22 21:00:00,107696.03,107749.02,106666.69,107207.98,1548.13803
2025-10-22 22:00:00,107207.98,107683.25,106917.57,107196.82,742.32871
2025-10-22 23:00:00,107196.82,107946.15,107169.69,107567.44,635.53433
2025-10-23 00:00:00,107567.45,107980.52,107500.0,107845.3,396.0602
2025-10-23 01:00:00,107845.3,108500.0,107813.2,108150.0,1012.18554
2025-10-23 02:00:00,108150.01,108410.3,108058.66,108410.29,360.75702
2025-10-23 03:00:00,108410.29,108720.39,108323.59,108377.96,604.50041
2025-10-23 04:00:00,108377.96,108940.33,108350.36,108644.32,394.82009
2025-10-23 05:00:00,108644.31,108991.81,108622.05,108940.58,448.44483
2025-10-23 06:00:00,108940.58,110298.29,108849.07,110246.94,1472.3024
2025-10-23 07:00:00,110246.93,110273.48,109207.75,109269.9,999.21853
2025-10-23 08:00:00,109269.9,109903.83,109245.48,109505.44,737.41671
2025-10-23 09:00:00,109505.45,109545.76,109123.01,109426.99,503.07972
2025-10-23 10:00:00,109427.0,109701.9,109370.05,109439.2,401.4903
2025-10-23 11:00:00,109439.2,109655.89,109100.4,109253.89,562.0243
2025-10-23 12:00:00,109253.88,109253.89,108685.72,109164.94,953.31213
2025-10-23 13:00:00,109164.95,109650.01,108800.01,109500.62,1286.55668
2025-10-23 14:00:00,109500.62,109851.62,108723.13,109594.9,1111.45274
2025-10-23 15:00:00,109594.9,110109.99,109486.38,109908.28,933.2687
2025-10-23 16:00:00,109908.29,110576.5,109647.34,110263.74,883.87893
2025-10-23 17:00:00,110263.74,111293.61,109650.0,111241.71,1605.70962
2025-10-23 18:00:00,111241.71,111289.36,110261.48,110571.66,761.73368
2025-10-23 19:00:00,110571.66,110619.9,110106.0,110200.0,388.99846
2025-10-23 20:00:00,110200.01,110200.01,109341.28,109524.81,629.20848
2025-10-23 21:00:00,109524.81,109727.22,109380.12,109532.97,424.08473
2025-10-23 22:00:00,109532.96,110158.37,109517.37,109943.94,443.21336
2025-10-23 23:00:00,109943.95,110099.17,109839.0,110078.18,259.37538
2025-10-24 00:00:00,110078.19,110709.22,109983.93,110500.28,531.07612
2025-10-24 01:00:00,110500.29,110665.53,110141.38,110585.08,371.9999
2025-10-24 02:00:00,110585.09,110829.67,110358.34,110570.12,303.69215
2025-10-24 03:00:00,110570.13,110630.81,110274.85,110441.46,332.11629
2025-10-24 04:00:00,110441.46,111470.32,110332.0,111178.55,958.63918
2025-10-24 05:00:00,111178.54,111310.31,110941.02,111261.36,515.30958
2025-10-24 06:00:00,111261.37,111488.0,111120.71,111464.36,480.6909
2025-10-24 07:00:00,111464.36,111522.3,110768.23,111054.61,750.55477
2025-10-24 08:00:00,111054.61,111226.02,110680.01,111097.8,627.57826
2025-10-24 09:00:00,111097.79,111482.99,111000.0,111324.51,446.13074
2025-10-24 10:00:00,111324.51,111325.42,111069.46,111114.03,346.40996
2025-10-24 11:00:00,111114.03,111267.99,110600.0,111066.29,561.52762
2025-10-24 12:00:00,111066.29,112104.98,110867.15,111297.01,1692.92113
2025-10-24 13:00:00,111297.02,111451.47,110379.51,110937.94,1200.08389
2025-10-24 14:00:00,110937.94,110937.95,109700.01,110219.17,1902.54077
2025-10-24 15:00:00,110219.17,110620.0,109896.51,110046.91,737.57678
2025-10-24 16:00:00,110046.92,110387.79,109797.13,110261.81,441.40283
2025-10-24 17:00:00,110261.81,110571.18,110180.74,110235.22,368.64619
2025-10-24 18:00:00,110235.22,110639.04,110166.0,110619.39,336.10914
2025-10-24 19:00:00,110619.39,110945.39,110525.06,110615.07,323.90966
2025-10-24 20:00:00,110615.07,111025.95,110478.0,110893.7,514.0647
2025-10-24 21:00:00,110893.69,111100.0,110646.64,111085.57,915.59401
2025-10-24 22:00:00,111085.57,111138.62,110927.23,111023.01,203.9224
2025-10-24 23:00:00,111023.01,111123.87,110882.05,111004.89,142.67216
2025-10-25 00:00:00,111004.9,111044.86,110672.86,110766.6,210.6583
2025-10-25 01:00:00,110766.61,111226.67,110750.0,111070.31,235.37952
2025-10-25 02:00:00,111070.31,111128.91,110950.02,111025.77,134.00021
2025-10-25 03:00:00,111025.77,111136.65,110998.21,111029.99,249.3111
2025-10-25 04:00:00,111029.99,111458.81,111029.99,111228.0,411.01306
2025-10-25 05:00:00,111228.0,111433.54,111093.99,111386.79,235.19046
2025-10-25 06:00:00,111386.78,111497.1,111261.01,111366.42,334.48878
2025-10-25 07:00:00,111366.43,111820.87,111366.43,111489.6,436.39799
2025-10-25 08:00:00,111489.59,111805.1,111488.44,111763.8,348.94057
2025-10-25 09:00:00,111763.81,111850.13,111491.62,111521.47,474.02907
2025-10-25 10:00:00,111521.47,111718.99,111375.81,111559.94,382.43284
2025-10-25 11:00:00,111559.94,111664.0,111480.68,111563.81,172.78406
2025-10-25 12:00:00,111563.81,111943.19,111530.38,111899.03,363.41104
2025-10-25 13:00:00,111899.03,111916.0,111520.0,111680.91,355.08597
2025-10-25 14:00:00,111680.92,111765.97,111520.01,111591.19,216.60101
2025-10-25 15:00:00,111591.2,111591.2,111311.19,111385.18,318.98695
2025-10-25 16:00:00,111385.18,111479.99,111164.39,111372.25,430.41077
2025-10-25 17:00:00,111372.25,111451.16,111300.0,111374.96,134.57742
2025-10-25 18:00:00,111374.97,111731.78,111317.34,111719.98,227.92326
2025-10-25 19:00:00,111719.98,111720.0,111579.75,111623.45,170.60799
2025-10-25 20:00:00,111623.46,111659.39,111370.0,111431.94,154.33849
2025-10-25 21:00:00,111431.94,111477.76,111342.25,111477.76,133.46965
2025-10-25 22:00:00,111477.76,111683.64,111409.54,111621.69,159.63737
2025-10-25 23:00:00,111621.69,111675.49,111535.48,111646.27,118.29276
2025-10-26 00:00:00,111646.27,111899.56,111544.15,111715.98,370.92714
2025-10-26 01:00:00,111715.98,111835.85,111520.0,111644.42,270.69687
2025-10-26 02:00:00,111644.41,111687.37,111408.54,111448.85,214.46307
2025-10-26 03:00:00,111448.85,111500.0,111260.45,111260.46,170.69475
2025-10-26 04:00:00,111260.46,111479.99,111260.46,111430.4,129.38461
2025-10-26 05:00:00,111430.39,111650.9,111367.19,111615.32,209.94274
2025-10-26 06:00:00,111615.33,111686.65,111548.75,111635.95,156.20448
2025-10-26 07:00:00,111635.96,111724.96,111620.02,111723.98,169.97811
2025-10-26 08:00:00,111723.98,111850.0,111723.98,111776.94,240.40616
2025-10-26 09:00:00,111776.94,112779.81,111708.63,112528.83,1330.29795
2025-10-26 10:00:00,112528.82,112571.26,112189.33,112477.1,337.77399
2025-10-26 11:00:00,112477.11,113466.23,112430.56,113286.09,1079.09408
2025-10-26 12:00:00,113286.09,113827.02,113279.85,113575.05,1229.55057
2025-10-26 13:00:00,113575.06,114000.0,113283.8,113711.53,1099.62143
2025-10-26 14:00:00,113711.53,113885.27,113544.02,113575.36,739.58798
2025-10-26 15:00:00,113575.35,113725.48,113425.87,113694.97,437.55153
2025-10-26 16:00:00,113694.97,113761.98,113290.62,113517.53,556.71599
2025-10-26 17:00:00,113517.54,113747.85,113442.12,113442.13,319.42533
2025-10-26 18:00:00,113442.14,113793.93,113442.13,113575.15,279.3019
2025-10-26 19:00:00,113575.15,113720.63,113503.82,113585.99,204.67267
2025-10-26 20:00:00,113585.98,113585.98,113283.11,113320.8,248.1548
2025-10-26 21:00:00,113320.8,113590.48,112901.0,113497.06,464.11186
2025-10-26 22:00:00,113497.06,115466.8,113497.06,114681.33,2524.96249
2025-10-26 23:00:00,114681.34,114966.15,114385.13,114559.4,670.95687
2025-10-27 00:00:00,114559.41,115176.47,114362.26,114767.29,1142.27258
2025-10-27 01:00:00,114767.28,115388.96,114710.92,115284.01,725.93495
2025-10-27 02:00:00,115284.01,115445.39,114815.6,114883.39,826.25748
2025-10-27 03:00:00,114883.4,115242.65,114829.48,114958.51,587.18766
2025-10-27 04:00:00,114958.52,115283.27,114938.01,115256.44,400.40691
2025-10-27 05:00:00,115256.43,115652.89,115256.43,115556.57,828.01463
2025-10-27 06:00:00,115556.56,116129.5,115361.65,116053.49,1794.85942
2025-10-27 07:00:00,116053.5,116400.0,115489.53,115554.6,2455.66454
2025-10-27 08:00:00,115554.59,115607.48,114900.0,115014.88,1249.66033
2025-10-27 09:00:00,115014.88,115356.99,114814.69,115254.01,1148.54888
2025-10-27 10:00:00,115254.01,115550.02,115120.9,115447.94,557.73562
2025-10-27 11:00:00,115447.93,115528.74,115128.04,115362.02,745.97843
2025-10-27 12:00:00,115362.02,115437.48,115000.0,115065.67,1172.23501
2025-10-27 13:00:00,115065.96,115415.99,114566.83,115264.28,1010.17279
2025-10-27 14:00:00,115264.29,115358.0,114503.99,114810.05,987.16577
2025-10-27 15:00:00,114810.06,115224.44,114778.0,114969.68,1323.86576
2025-10-27 16:00:00,114969.68,115636.86,114872.12,115497.57,818.25063
2025-10-27 17:00:00,115497.57,115706.06,115311.19,115706.06,442.08673
2025-10-27 18:00:00,115706.06,115790.0,115325.0,115342.19,400.61809
2025-10-27 19:00:00,115342.18,115342.19,114790.81,114942.64,597.25209
2025-10-27 20:00:00,114942.64,114942.64,114408.0,114455.17,550.98109
2025-10-27 21:00:00,114455.17,114626.99,114135.61,114302.7,494.80813
2025-10-27 22:00:00,114302.69,114585.01,114059.4,114112.51,475.05268
2025-10-27 23:00:00,114112.5,114226.23,113830.01,114107.65,715.22221
2025-10-28 00:00:00,114107.65,114374.2,113788.32,113961.67,554.9177
2025-10-28 01:00:00,113961.67,114547.2,113961.67,114424.76,485.50547
2025-10-28 02:00:00,114424.76,114474.1,113569.91,113936.94,686.4219
2025-10-28 03:00:00,113936.93,114109.86,113717.0,113908.24,457.29772
2025-10-28 04:00:00,113908.25,114076.91,113761.71,113964.59,440.12507
2025-10-28 05:00:00,113964.6,113981.73,113483.3,113605.31,628.71639
2025-10-28 06:00:00,113605.32,114186.01,113605.32,114115.52,542.51916
2025-10-28 07:00:00,114115.52,114364.99,114091.51,114188.37,579.31808
2025-10-28 08:00:00,114188.38,114480.19,114113.3,114427.23,307.52828
2025-10-28 09:00:00,114427.23,114634.46,114205.28,114528.6,373.30544
2025-10-28 10:00:00,114528.61,114608.78,114429.78,114595.71,230.0126
2025-10-28 11:00:00,114595.7,114673.68,114297.06,114357.73,326.08736
2025-10-28 12:00:00,114357.72,114517.29,114138.06,114449.55,421.93096
2025-10-28 13:00:00,114449.55,115522.91,114449.55,115522.9,1045.59275
2025-10-28 14:00:00,115522.91,116086.0,114223.63,115068.17,1820.63839
2025-10-28 15:00:00,115068.18,115425.84,114516.0,114641.38,720.35046
2025-10-28 16:00:00,114641.38,115500.0,114530.0,115341.59,754.64859
2025-10-28 17:00:00,115341.59,115591.41,115229.45,115290.0,436.8649
2025-10-28 18:00:00,115289.99,115366.45,114642.94,115022.8,370.32321
2025-10-28 19:00:00,115022.8,115075.08,113566.44,113689.99,1157.95866
2025-10-28 20:00:00,113689.0,113703.32,112324.82,112808.05,1738.00789
2025-10-28 21:00:00,112808.05,113225.53,112211.0,112994.4,726.23538
2025-10-28 22:00:00,112994.41,113289.02,112838.81,113224.08,336.06989
2025-10-28 23:00:00,113224.08,113224.08,112779.57,112898.45,383.04632
2025-10-29 00:00:00,112898.44,112898.45,112442.87,112442.88,505.29871
2025-10-29 01:00:00,112442.87,112975.75,112100.0,112500.03,916.66416
2025-10-29 02:00:00,112500.03,112780.0,112414.47,112666.75,352.69724
2025-10-29 03:00:00,112666.75,112666.75,112339.77,112523.49,301.5613
2025-10-29 04:00:00,112523.49,112878.65,112505.58,112810.55,311.50456
2025-10-29 05:00:00,112810.56,113379.0,112807.34,113039.1,640.93765
2025-10-29 06:00:00,113039.09,113348.78,112976.93,113284.2,443.58086
2025-10-29 07:00:00,113284.21,113577.9,113240.01,113577.9,640.61019
2025-10-29 08:00:00,113577.9,113624.12,112956.0,113070.94,507.26681
2025-10-29 09:00:00,113070.94,113105.08,112768.63,112974.44,659.57288
2025-10-29 10:00:00,112974.44,113186.58,112732.91,112870.01,425.8713
2025-10-29 11:00:00,112870.0,113240.72,112741.26,113132.36,378.28227
2025-10-29 12:00:00,113132.35,113325.13,113050.01,113139.13,343.38468
2025-10-29 13:00:00,113139.13,113643.73,112705.0,112873.07,1155.92441
2025-10-29 14:00:00,112873.08,112916.0,112234.74,112488.44,1185.34226
2025-10-29 15:00:00,112488.45,112564.31,111401.5,111509.74,1921.74476
2025-10-29 16:00:00,111509.74,111523.32,110960.0,111106.35,1388.36304
2025-10-29 17:00:00,111106.35,111922.44,111002.23,111883.49,811.18965
2025-10-29 18:00:00,111883.5,112030.23,109200.0,110806.38,4372.18973
2025-10-29 19:00:00,110806.38,111438.65,110157.03,110640.0,1170.09639
2025-10-29 20:00:00,110640.0,111538.16,110403.28,111433.46,728.51015
2025-10-29 21:00:00,111433.45,111800.0,111368.02,111617.26,405.07841
2025-10-29 22:00:00,111617.26,111618.46,110949.68,111028.2,447.25113
2025-10-29 23:00:00,111028.2,111077.76,109733.22,110021.29,1066.79122
2025-10-30 00:00:00,110021.3,110583.86,109703.43,110559.48,649.59178
2025-10-30 01:00:00,110559.48,110725.64,110257.77,110460.76,575.63954
2025-10-30 02:00:00,110460.75,111011.99,110331.04,110985.92,488.21463
2025-10-30 03:00:00,110985.93,110985.93,110538.68,110751.47,628.73987
2025-10-30 04:00:00,110751.48,110761.43,107925.06,108575.27,3536.96505
2025-10-30 05:00:00,108575.26,110434.58,108420.0,110248.29,1212.17428
2025-10-30 06:00:00,110248.28,110964.09,109978.01,110768.01,1000.82897
2025-10-30 07:00:00,110768.01,111592.0,110639.25,111366.72,831.79805
2025-10-30 08:00:00,111366.72,111467.01,110681.22,110714.31,1187.21618
2025-10-30 09:00:00,110714.31,110814.0,110125.17,110171.69,659.11121
2025-10-30 10:00:00,110171.68,110231.92,109829.54,110105.75,573.15523
2025-10-30 11:00:00,110105.75,110144.25,109692.3,109717.29,551.05951
2025-10-30 12:00:00,109717.19,109777.93,108280.65,108387.86,1449.48653
2025-10-30 13:00:00,108387.86,108728.54,107400.0,107627.16,2868.53704
2025-10-30 14:00:00,107627.15,108374.21,107610.44,108285.54,1206.17345
2025-10-30 15:00:00,108285.54,108350.44,107328.0,107711.56,1019.91386
2025-10-30 16:00:00,107711.56,108214.85,107559.98,108144.57,667.54851
2025-10-30 17:00:00,108144.58,108150.56,106801.0,107486.69,1492.47982
2025-10-30 18:00:00,107486.69,107556.65,106791.78,106837.09,766.54153
2025-10-30 19:00:00,106837.09,107158.62,106304.34,106536.39,1440.69222
2025-10-30 20:00:00,106536.39,107652.0,106316.17,107510.91,1205.05225
2025-10-30 21:00:00,107510.91,107950.0,107400.0,107907.68,846.16919
2025-10-30 22:00:00,107907.67,107939.0,107472.0,107912.81,333.78851
2025-10-30 23:00:00,107912.81,108334.53,107600.01,108322.88,797.95117
2025-10-31 00:00:00,108322.87,109586.94,108275.28,109317.21,1084.42941
2025-10-31 01:00:00,109317.21,110042.16,109180.0,109619.77,1402.71517
2025-10-31 02:00:00,109619.77,109685.32,108565.26,108857.99,866.79172
2025-10-31 03:00:00,108858.0,109324.4,108613.11,109227.86,820.345
2025-10-31 04:00:00,109227.87,110215.0,109114.88,110084.02,1133.07928
2025-10-31 05:00:00,110084.02,110084.03,109691.92,109899.15,939.00824
2025-10-31 06:00:00,109899.15,109968.71,109517.49,109650.0,532.21593
2025-10-31 07:00:00,109650.0,109807.9,109266.58,109449.31,994.16577
2025-10-31 08:00:00,109449.32,110100.0,109214.13,110062.44,719.63357
2025-10-31 09:00:00,110062.45,110450.0,109807.89,109848.39,632.93862
2025-10-31 10:00:00,109848.39,110117.32,109710.08,109819.2,375.06762
2025-10-31 11:00:00,109819.21,110550.0,109461.53,110415.61,712.18313
2025-10-31 12:00:00,110415.62,110681.0,109619.94,109653.19,904.10139
2025-10-31 13:00:00,109653.2,110240.0,109366.91,110157.54,1164.32028
2025-10-31 14:00:00,110157.54,111054.61,109590.46,110790.14,2487.24179
2025-10-31 15:00:00,110790.14,111190.0,110132.02,110202.9,1557.65344
2025-10-31 16:00:00,110202.9,110300.0,108671.25,108845.4,1222.91214
2025-10-31 17:00:00,108845.4,109417.91,108635.0,109299.98,1008.03929
2025-10-31 18:00:00,109299.98,109817.51,108974.76,109452.35,808.98594
2025-10-31 19:00:00,109452.2,110237.66,109114.52,109828.78,824.47324
2025-10-31 20:00:00,109828.78,109828.79,109438.12,109493.85,531.7637
2025-10-31 21:00:00,109493.84,109750.0,109329.15,109558.48,331.78769
2025-10-31 22:00:00,109558.48,109801.89,109483.66,109580.09,286.93529
2025-10-31 23:00:00,109580.08,109683.31,109518.22,109608.01,177.41674
2025-11-01 00:00:00,109608.01,109751.99,109394.81,109730.78,314.60723
2025-11-01 01:00:00,109730.78,110048.0,109699.84,109734.11,205.95055
2025-11-01 02:00:00,109734.1,109872.29,109478.09,109790.27,322.30901
2025-11-01 03:00:00,109790.27,110315.54,109789.17,110226.37,486.66403
2025-11-01 04:00:00,110226.38,110564.49,110109.58,110291.67,486.28878
2025-11-01 05:00:00,110291.66,110382.87,110050.0,110140.79,231.47577
2025-11-01 06:00:00,110140.78,110175.38,109933.86,110004.82,272.1363
2025-11-01 07:00:00,110004.82,110251.67,109992.78,110071.4,284.01087
2025-11-01 08:00:00,110071.4,110270.9,110071.4,110248.88,310.52873
2025-11-01 09:00:00,110248.88,110254.55,109970.18,109991.29,350.98951
2025-11-01 10:00:00,109991.29,110169.23,109854.72,110147.83,273.03449
2025-11-01 11:00:00,110147.83,110238.78,110000.01,110137.59,193.43473
2025-11-01 12:00:00,110137.59,110200.0,110000.01,110017.27,289.94506
2025-11-01 13:00:00,110017.26,110054.96,109702.66,109946.27,273.80468
2025-11-01 14:00:00,109946.26,109993.98,109728.94,109933.85,343.69011
2025-11-01 15:00:00,109933.86,110348.0,109910.22,110310.65,619.56524
2025-11-01 16:00:00,110310.65,110529.99,110208.49,110464.33,670.42039
2025-11-01 17:00:00,110464.33,110495.04,110192.0,110208.97,297.51556
2025-11-01 18:00:00,110208.96,110361.03,110193.43,110341.27,169.41416
2025-11-01 19:00:00,110341.28,110341.28,110220.77,110299.99,109.98551
2025-11-01 20:00:00,110300.0,110516.17,110298.17,110406.2,211.21273
2025-11-01 21:00:00,110406.21,110426.0,109858.44,109862.85,273.04557
2025-11-01 22:00:00,109862.85,110098.59,109862.84,110092.78,259.45939
2025-11-01 23:00:00,110092.79,110144.49,109974.0,110098.1,129.01591
2025-11-02 00:00:00,110098.1,110127.26,109895.27,109974.09,318.19118
2025-11-02 01:00:00,109974.09,110091.36,109921.05,109978.01,159.66153
2025-11-02 02:00:00,109978.01,110263.91,109879.39,110015.77,233.11834
2025-11-02 03:00:00,110015.76,110086.82,109962.06,110053.23,145.30218
2025-11-02 04:00:00,110053.22,110784.13,110030.06,110670.27,1380.24287
2025-11-02 05:00:00,110670.27,110714.04,110274.65,110497.98,1261.57372
2025-11-02 06:00:00,110497.98,110725.9,110274.9,110663.89,867.8504
2025-11-02 07:00:00,110663.9,111045.09,110429.7,110895.53,919.53603
2025-11-02 08:00:00,110895.53,111013.43,110716.52,110850.17,518.6449
2025-11-02 09:00:00,110850.17,111037.94,110525.89,110714.0,566.42995
2025-11-02 10:00:00,110714.0,110876.53,110346.15,110492.0,715.95933
2025-11-02 11:00:00,110491.99,111229.78,110482.6,111196.99,627.26421
2025-11-02 12:00:00,111196.99,111250.01,110678.25,110736.24,460.53292
2025-11-02 13:00:00,110736.24,110766.79,110173.84,110568.65,420.28873
2025-11-02 14:00:00,110568.65,110667.62,110202.16,110422.24,420.72705
2025-11-02 15:00:00,110422.24,110566.86,110096.32,110117.48,387.83077
2025-11-02 16:00:00,110117.49,110143.53,109735.59,110115.34,614.25585
2025-11-02 17:00:00,110115.34,110263.91,110027.93,110190.4,215.89779
2025-11-02 18:00:00,110190.41,110331.0,110174.33,110331.0,137.67403
2025-11-02 19:00:00,110331.0,110331.0,109960.95,110180.84,217.64836
2025-11-02 20:00:00,110180.85,110213.2,109890.34,110086.7,208.23814
2025-11-02 21:00:00,110086.7,110126.94,109972.0,109990.9,196.61258
2025-11-02 22:00:00,109990.91,110012.0,109471.34,109899.99,458.99057
2025-11-02 23:00:00,109900.0,110742.26,109900.0,110540.68,654.52944
2025-11-03 00:00:00,110540.69,110750.0,109757.1,109757.11,449.08984
2025-11-03 01:00:00,109757.1,109910.33,109366.75,109665.5,905.23675
2025-11-03 02:00:00,109665.5,109754.14,108666.66,109033.83,1088.01796
2025-11-03 03:00:00,109033.84,109155.74,107907.44,107937.45,1524.18495
2025-11-03 04:00:00,107937.45,107999.53,107480.13,107900.37,1058.5459
2025-11-03 05:00:00,107900.37,108075.0,107400.0,107606.75,815.12463
2025-11-03 06:00:00,107606.75,107714.05,107006.05,107494.23,1115.28935
2025-11-03 07:00:00,107494.24,107832.45,107272.93,107468.23,874.56308
2025-11-03 08:00:00,107468.23,107705.15,106888.0,107586.97,1033.44721
2025-11-03 09:00:00,107586.98,107912.86,107083.33,107197.94,675.70561
2025-11-03 10:00:00,107197.95,107621.06,106726.63,106974.99,987.3979
2025-11-03 11:00:00,106974.99,107920.92,106963.0,107787.42,774.01269
2025-11-03 12:00:00,107787.42,108265.44,107713.1,107768.9,742.62608
2025-11-03 13:00:00,107768.91,108068.59,107574.77,107908.68,647.66063
2025-11-03 14:00:00,107908.68,108333.0,107369.01,108059.99,919.91286
2025-11-03 15:00:00,108060.0,108148.81,105511.0,105745.71,3853.95819
2025-11-03 16:00:00,105745.71,106798.01,105306.56,106678.44,3622.24107
2025-11-03 17:00:00,106678.43,107783.2,106536.11,107481.19,1563.75664
2025-11-03 18:00:00,107481.2,107599.85,106813.0,106961.62,1651.54985
2025-11-03 19:00:00,106961.61,107395.25,106455.23,107090.0,950.86728
2025-11-03 20:00:00,107090.0,107169.68,106310.43,106657.55,850.2085
2025-11-03 21:00:00,106657.55,107094.27,106088.73,106888.71,790.25915
2025-11-03 22:00:00,106888.71,106888.71,105755.59,106489.95,1150.56648
2025-11-03 23:00:00,106489.94,106750.0,106030.14,106583.04,636.96519
2025-11-04 00:00:00,106583.05,106808.51,105852.37,106471.45,1195.65517
2025-11-04 01:00:00,106471.45,107298.74,106277.46,107040.01,1133.99025
2025-11-04 02:00:00,107040.0,107243.23,106477.1,106482.6,701.66328
2025-11-04 03:00:00,106482.61,107233.83,106223.14,107158.79,1057.66983
2025-11-04 04:00:00,107158.79,107299.0,106703.82,106750.14,745.43101
2025-11-04 05:00:00,106750.14,106750.15,104200.0,104215.76,3268.3578
2025-11-04 06:00:00,104215.76,105201.0,104200.0,104766.14,2382.47316
2025-11-04 07:00:00,104766.14,104997.64,104317.56,104490.72,1633.60477
2025-11-04 08:00:00,104490.73,104631.39,103759.99,104051.9,1804.04853
2025-11-04 09:00:00,104051.9,104138.65,103636.0,103857.96,1455.72161
2025-11-04 10:00:00,103857.96,104106.55,103605.0,103816.39,1073.24239
2025-11-04 11:00:00,103816.39,104699.07,103774.33,104584.76,988.08793
2025-11-04 12:00:00,104584.75,104638.29,103844.39,103952.54,1216.95881
2025-11-04 13:00:00,103952.54,104243.67,103576.0,103924.25,1018.30395
2025-11-04 14:00:00,103924.26,104694.28,102915.05,104500.01,2915.82303
2025-11-04 15:00:00,104500.01,104842.63,103185.89,103197.01,2271.81312
2025-11-04 16:00:00,103197.02,103500.05,102164.0,102257.7,3313.32683
2025-11-04 17:00:00,102257.7,102257.7,100800.0,101114.83,4223.40802
2025-11-04 18:00:00,101114.82,101492.74,100010.73,101363.98,4101.41064
2025-11-04 19:00:00,101363.97,101711.84,100414.0,100542.64,1814.79036
2025-11-04 20:00:00,100542.64,101119.4,99600.0,100755.43,4335.57159
2025-11-04 21:00:00,100755.42,100831.49,98944.36,100311.46,4105.7665
2025-11-04 22:00:00,100311.46,101893.09,100082.0,101295.71,2258.84809
2025-11-04 23:00:00,101295.7,101740.0,100907.36,101497.22,1518.90709
2025-11-05 00:00:00,101497.23,101752.96,100350.0,100564.3,1452.38181
2025-11-05 01:00:00,100564.3,101015.01,98966.8,100761.62,3025.00486
2025-11-05 02:00:00,100761.62,101922.98,100754.54,101677.93,3700.99085
2025-11-05 03:00:00,101677.94,102272.23,101461.98,102130.0,2834.46709
2025-11-05 04:00:00,102130.0,102236.92,101517.47,101998.3,2059.55564
2025-11-05 05:00:00,101998.3,102370.0,101595.0,101824.89,1088.37371
2025-11-05 06:00:00,101824.89,102139.36,101500.0,102119.99,869.66608
2025-11-05 07:00:00,102120.0,102152.58,101601.71,101993.02,644.24535
2025-11-05 08:00:00,101993.03,102000.02,101176.47,101699.74,1179.77273
2025-11-05 09:00:00,101699.74,102203.48,101608.0,101995.29,785.11664
2025-11-05 10:00:00,101995.28,101995.29,101285.09,101401.97,724.99165
2025-11-05 11:00:00,101401.97,102110.48,101381.68,102070.61,887.62047
2025-11-05 12:00:00,102070.62,102800.71,101916.77,102673.35,1241.26951
2025-11-05 13:00:00,102673.34,103253.39,102291.82,102985.91,1451.5824
2025-11-05 14:00:00,102985.9,103470.0,102169.06,103202.3,1801.60223
2025-11-05 15:00:00,103202.3,103798.37,102829.51,103728.3,1851.46451
2025-11-05 16:00:00,103728.3,104039.66,103057.56,103919.2,1677.80348
2025-11-05 17:00:00,103919.2,104000.0,103388.46,103904.05,1795.89346
2025-11-05 18:00:00,103904.05,104429.75,103759.53,104347.4,1222.46217
2025-11-05 19:00:00,104347.41,104529.41,103986.96,104008.09,796.61274
2025-11-05 20:00:00,104008.09,104534.74,103620.0,103831.22,881.47869
2025-11-05 21:00:00,103831.22,103831.22,103500.8,103672.37,586.96502
2025-11-05 22:00:00,103672.38,103798.95,103305.05,103706.55,686.44411
2025-11-05 23:00:00,103706.55,104100.0,103667.26,103885.16,533.01051
2025-11-06 00:00:00,103885.16,103897.86,103324.21,103677.72,1223.43533
2025-11-06 01:00:00,103677.71,103677.72,102716.26,103365.65,1156.07343
2025-11-06 02:00:00,103365.64,103567.93,102855.66,103321.81,711.05988
2025-11-06 03:00:00,103321.8,103933.33,103315.48,103636.03,691.22573
2025-11-06 04:00:00,103636.92,104200.0,103580.0,104030.79,671.34024
2025-11-06 05:00:00,104030.8,104030.8,103088.0,103143.57,755.30818
2025-11-06 06:00:00,103143.57,103591.47,103006.17,103318.75,555.63033
2025-11-06 07:00:00,103318.76,103561.94,102910.66,103185.48,988.58677
2025-11-06 08:00:00,103184.75,103440.0,102971.99,103200.26,647.13062
2025-11-06 09:00:00,103200.26,103261.93,102810.0,102810.01,536.64925
2025-11-06 10:00:00,102810.01,103288.59,102651.63,103122.54,932.94397
2025-11-06 11:00:00,103122.54,103300.01,102743.82,103227.58,540.52931
2025-11-06 12:00:00,103227.59,103333.18,102383.64,102552.38,1051.14565
2025-11-06 13:00:00,102552.39,103626.46,102552.38,103319.71,941.18298
2025-11-06 14:00:00,103319.71,103579.68,102044.63,102125.0,1661.00797
2025-11-06 15:00:00,102124.99,102932.94,101630.0,102014.48,3027.20967
2025-11-06 16:00:00,102014.49,102393.51,100300.95,100867.2,3035.72721
2025-11-06 17:00:00,100867.19,101946.31,100770.57,101804.01,1310.77048
2025-11-06 18:00:00,101804.02,102338.0,100916.74,101722.13,956.16247
2025-11-06 19:00:00,101722.12,101999.44,101202.73,101388.81,756.60374
2025-11-06 20:00:00,101388.82,101643.28,100638.55,100914.11,812.36283
2025-11-06 21:00:00,100914.11,101220.9,100541.17,101117.17,938.29195
2025-11-06 22:00:00,101117.17,101480.0,101009.7,101415.05,639.89634
2025-11-06 23:00:00,101415.05,101538.0,101132.6,101346.04,1274.34706
2025-11-07 00:00:00,101346.04,101640.0,100749.94,101479.78,823.54705
2025-11-07 01:00:00,101479.79,101894.83,100905.1,101538.96,1095.04627
2025-11-07 02:00:00,101538.96,101928.99,101242.79,101905.11,779.48744
2025-11-07 03:00:00,101905.12,102500.0,101876.03,101916.29,1267.53296
2025-11-07 04:00:00,101916.3,102100.25,101582.92,102027.19,798.08441
2025-11-07 05:00:00,102027.2,102527.0,102024.75,102447.47,701.21696
2025-11-07 06:00:00,102447.48,102496.0,101819.1,101819.1,469.88373
2025-11-07 07:00:00,101819.11,102010.0,101638.43,102010.0,1093.42589
2025-11-07 08:00:00,102009.99,102050.0,101438.39,101496.18,817.45963
2025-11-07 09:00:00,101496.18,101512.51,100775.65,101013.66,1382.92001
2025-11-07 10:00:00,101013.67,101250.03,100564.43,100770.85,1279.53134
2025-11-07 11:00:00,100770.85,100796.86,99803.58,100411.89,3120.50016
2025-11-07 12:00:00,100411.89,100625.0,99260.86,99638.28,1799.68202
2025-11-07 13:00:00,99638.29,100579.72,99455.1,100347.35,1635.46609
2025-11-07 14:00:00,100347.35,100922.78,99519.32,100806.08,2597.13075
2025-11-07 15:00:00,100806.7,101253.99,100353.45,100797.95,2600.73788
2025-11-07 16:00:00,100797.95,101628.43,100517.06,101169.2,1975.20246
2025-11-07 17:00:00,101169.19,102736.84,100942.73,102397.12,2091.96075
2025-11-07 18:00:00,102397.13,102859.99,102282.2,102609.46,1585.11088
2025-11-07 19:00:00,102609.46,103395.25,102481.75,103395.25,1184.29403
2025-11-07 20:00:00,103395.92,103900.0,102958.0,103783.09,970.62813
2025-11-07 21:00:00,103783.08,103879.23,103311.33,103879.23,743.31566
2025-11-07 22:00:00,103879.22,104096.36,103595.38,103633.03,736.65333
2025-11-07 23:00:00,103633.04,103759.36,103329.79,103339.08,510.69159
2025-11-08 00:00:00,103339.09,103406.22,102539.49,102713.15,877.26495
2025-11-08 01:00:00,102713.15,103240.32,102662.25,102996.84,498.24095
2025-11-08 02:00:00,102996.85,103333.33,102766.31,102846.65,494.72835
2025-11-08 03:00:00,102846.66,103293.21,102592.75,102592.76,531.57226
2025-11-08 04:00:00,102592.76,102836.0,102409.52,102565.03,602.92361
2025-11-08 05:00:00,102565.03,102733.83,102272.66,102304.0,396.06427
2025-11-08 06:00:00,102304.01,102519.03,102092.26,102215.62,590.77493
2025-11-08 07:00:00,102215.63,102399.88,101902.64,102352.96,452.1997
2025-11-08 08:00:00,102352.96,102687.72,102156.36,102431.74,470.18368
2025-11-08 09:00:00,102431.74,102615.53,102225.52,102399.46,359.62626
2025-11-08 10:00:00,102399.45,102575.35,102310.0,102480.04,301.03917
2025-11-08 11:00:00,102480.04,102630.14,101715.76,101857.1,707.36146
2025-11-08 12:00:00,101857.1,102108.0,101731.19,102065.14,439.24627
2025-11-08 13:00:00,102065.14,102186.99,101720.67,101804.63,952.83284
2025-11-08 14:00:00,101804.62,102083.67,101454.0,101827.19,1159.38189
2025-11-08 15:00:00,101827.19,101954.0,101500.0,101711.45,511.67056
2025-11-08 16:00:00,101711.46,101963.66,101525.98,101850.22,502.57143
2025-11-08 17:00:00,101850.23,102003.57,101549.85,101994.52,479.97599
2025-11-08 18:00:00,101994.53,102219.39,101824.86,102139.53,766.44634
2025-11-08 19:00:00,102139.52,102186.87,101522.08,101989.65,371.41335
2025-11-08 20:00:00,101989.65,102172.35,101957.94,102068.06,206.6246
2025-11-08 21:00:00,102068.06,102367.72,102028.62,102272.81,234.4224
2025-11-08 22:00:00,102272.82,102426.12,102171.73,102377.46,249.46029
2025-11-08 23:00:00,102377.46,102482.2,102276.82,102312.94,234.7543
2025-11-09 00:00:00,102312.95,102337.89,101620.23,101797.74,616.42627
2025-11-09 01:00:00,101797.74,102100.0,101686.72,102045.07,373.40232
2025-11-09 02:00:00,102045.07,102045.07,101568.41,101633.25,398.65792
2025-11-09 03:00:00,101633.25,101817.2,101400.0,101662.05,767.84962
2025-11-09 04:00:00,101662.05,102130.61,101635.96,101724.91,378.19223
2025-11-09 05:00:00,101724.9,102028.07,101680.02,101928.54,291.74297
2025-11-09 06:00:00,101928.54,101980.0,101712.17,101752.83,213.04181
2025-11-09 07:00:00,101752.83,101972.9,101681.75,101944.59,218.68631
2025-11-09 08:00:00,101944.6,102048.15,101813.73,101972.94,216.7581
2025-11-09 09:00:00,101972.94,102127.26,101631.62,101657.46,411.11856
2025-11-09 10:00:00,101657.46,101918.0,101500.0,101876.36,695.1249
2025-11-09 11:00:00,101876.36,102307.68,101876.35,102239.41,502.56822
2025-11-09 12:00:00,102239.41,102425.19,102050.64,102086.9,522.32408
2025-11-09 13:00:00,102086.91,102997.38,102067.09,102911.39,788.58745
2025-11-09 14:00:00,102911.4,104041.25,102769.99,103037.9,2232.81061
2025-11-09 15:00:00,103037.9,104168.0,102972.55,103762.17,1143.9267
2025-11-09 16:00:00,103762.18,103900.53,103316.23,103845.04,741.52049
2025-11-09 17:00:00,103845.04,103964.81,103329.49,103637.57,460.77714
2025-11-09 18:00:00,103637.58,104591.32,103520.0,104512.65,773.02957
2025-11-09 19:00:00,104512.66,104805.57,104153.84,104805.57,849.18697
2025-11-09 20:00:00,104805.57,105061.08,104414.4,104633.12,700.89351
2025-11-09 21:00:00,104633.13,104845.16,104314.89,104528.82,475.91997
2025-11-09 22:00:00,104528.82,104819.99,104058.59,104732.48,1344.74595
2025-11-09 23:00:00,104732.47,105495.62,104533.24,104722.96,1221.67929
2025-11-10 00:00:00,104722.95,106525.0,104265.02,106314.96,2711.00239
2025-11-10 01:00:00,106314.96,106670.11,105698.94,105699.99,2166.65056
2025-11-10 02:00:00,105700.0,106054.26,105556.68,106006.69,775.83999
2025-11-10 03:00:00,106006.7,106291.43,105843.22,106027.97,847.84998
2025-11-10 04:00:00,106027.97,106300.01,105846.26,106153.14,677.49361
2025-11-10 05:00:00,106153.14,106473.73,106000.0,106100.0,619.39822
2025-11-10 06:00:00,106100.0,106311.9,105963.3,106221.88,531.36548
2025-11-10 07:00:00,106221.89,106539.4,106156.7,106461.45,855.88178
2025-11-10 08:00:00,106461.46,106554.0,105900.0,105965.46,758.17354
2025-11-10 09:00:00,105965.46,106599.47,105836.0,106440.0,736.84126
2025-11-10 10:00:00,106440.0,106454.73,105962.15,105995.26,470.32569
2025-11-10 11:00:00,105995.26,106321.16,105955.29,106176.5,391.10179
2025-11-10 12:00:00,106176.5,106216.0,105868.0,105944.17,656.39469
2025-11-10 13:00:00,105944.17,106589.89,105923.57,106548.02,785.48627
2025-11-10 14:00:00,106548.02,106548.02,104681.9,104898.15,1937.55608
2025-11-10 15:00:00,104898.15,105628.0,104667.0,105079.99,2341.3437
2025-11-10 16:00:00,105079.99,105352.86,104784.36,105242.05,1018.54158
2025-11-10 17:00:00,105242.04,105981.79,105189.01,105953.1,695.86986
2025-11-10 18:00:00,105953.1,106094.31,105478.0,105478.0,580.04807
2025-11-10 19:00:00,105478.0,106042.46,105408.0,105817.99,461.94988
2025-11-10 20:00:00,105818.0,106299.22,105802.35,106010.73,635.97915
2025-11-10 21:00:00,106010.74,106021.35,105280.0,105631.27,1140.24521
2025-11-10 22:00:00,105631.26,106144.94,105364.68,106062.8,418.65674
2025-11-10 23:00:00,106062.81,106275.16,105893.36,106011.13,468.26121
2025-11-11 00:00:00,106011.13,106139.84,105500.0,106139.83,562.07527
2025-11-11 01:00:00,106139.82,107500.0,106026.79,106110.36,1869.1591
2025-11-11 02:00:00,106110.36,107130.0,105610.0,106655.02,1751.73895
2025-11-11 03:00:00,106655.02,107100.0,106363.04,106456.0,752.0543
2025-11-11 04:00:00,106456.0,106546.0,105714.24,105755.32,640.19881
2025-11-11 05:00:00,105755.33,105758.88,105166.66,105249.35,774.38555
2025-11-11 06:00:00,105249.35,105345.68,104888.0,105261.27,1146.86686
2025-11-11 07:00:00,105261.28,105327.75,104741.2,104783.98,754.78302
2025-11-11 08:00:00,104783.99,105284.69,104762.23,105157.8,509.99239
2025-11-11 09:00:00,105157.8,105485.71,104909.74,104971.63,505.2007
2025-11-11 10:00:00,104971.62,105237.16,104920.25,105176.38,417.15368
2025-11-11 11:00:00,105176.39,105497.99,105145.47,105311.9,372.28222
2025-11-11 12:00:00,105311.9,105500.0,104349.26,104530.83,2106.11964
2025-11-11 13:00:00,104530.83,104706.09,104022.92,104390.92,3314.65247
2025-11-11 14:00:00,104390.93,104665.67,103840.91,104560.16,1215.16933
2025-11-11 15:00:00,104560.15,104560.15,103170.33,103455.99,2215.12756
2025-11-11 16:00:00,103455.99,103730.0,103206.1,103399.43,664.19158
2025-11-11 17:00:00,103399.42,103637.27,102840.22,103338.99,917.43867
2025-11-11 18:00:00,103338.99,103572.37,103059.52,103401.07,487.03154
2025-11-11 19:00:00,103401.07,103453.07,102861.72,103126.39,479.2973
2025-11-11 20:00:00,103126.39,103224.29,102658.36,102809.27,742.04221
2025-11-11 21:00:00,102809.27,103090.69,102476.09,102633.92,796.94775
2025-11-11 22:00:00,102633.92,103150.02,102503.0,103000.01,652.65633
2025-11-11 23:00:00,103000.02,103209.13,102800.01,103058.99,549.94195
2025-11-12 00:00:00,103059.0,103340.59,102812.64,102885.99,598.51997
2025-11-12 01:00:00,102886.0,103394.01,102687.72,103254.64,999.5861
2025-11-12 02:00:00,103254.63,103413.09,102939.85,103151.66,705.65849
2025-11-12 03:00:00,103151.66,103440.96,103092.5,103310.0,368.29105
2025-11-12 04:00:00,103310.0,103456.82,103011.0,103246.87,320.89726
2025-11-12 05:00:00,103246.87,103467.2,103230.0,103385.3,465.38371
2025-11-12 06:00:00,103385.31,103654.38,103354.34,103366.97,689.4704
2025-11-12 07:00:00,103366.98,103534.98,103051.59,103112.66,689.87309
2025-11-12 08:00:00,103112.65,104228.9,103112.24,104147.24,1064.00216
2025-11-12 09:00:00,104147.25,105079.31,104145.98,104521.56,1348.44138
2025-11-12 10:00:00,104521.56,105038.59,104510.5,104899.99,611.04736
2025-11-12 11:00:00,104900.0,105200.0,104746.85,105020.83,520.21601
2025-11-12 12:00:00,105020.82,105333.33,104821.0,104993.74,538.28345
2025-11-12 13:00:00,104993.74,105187.13,104622.43,105039.99,652.43577
2025-11-12 14:00:00,105039.99,105039.99,103604.57,103990.4,1426.89556
2025-11-12 15:00:00,103990.39,104299.98,101961.97,102173.51,2574.38835
2025-11-12 16:00:00,102173.51,102285.18,101300.0,101442.61,2365.20417
2025-11-12 17:00:00,101442.62,102167.17,101397.74,101748.02,903.07839
2025-11-12 18:00:00,101748.01,101947.88,101416.69,101542.17,626.0637
2025-11-12 19:00:00,101542.18,101569.66,100813.59,101297.31,974.91965
2025-11-12 20:00:00,101297.31,101846.15,101141.03,101539.01,677.7383
2025-11-12 21:00:00,101539.01,101920.48,101520.41,101920.47,419.00665
2025-11-12 22:00:00,101920.48,101994.12,101448.82,101978.96,401.25193
2025-11-12 23:00:00,101978.95,101999.35,101465.77,101654.37,516.98616
2025-11-13 00:00:00,101654.37,102042.77,101467.15,101854.58,477.36249
2025-11-13 01:00:00,101854.58,102604.0,101838.0,102007.0,1311.97773
2025-11-13 02:00:00,102006.99,102338.42,101972.39,102064.41,358.95316
2025-11-13 03:00:00,102064.41,102566.93,100922.55,102130.21,1438.17883
2025-11-13 04:00:00,102130.21,102406.39,101665.59,102120.0,873.51911
2025-11-13 05:00:00,102120.0,103400.0,101772.52,103135.84,893.66042
2025-11-13 06:00:00,103136.0,103679.0,102914.39,103590.74,1230.29564
2025-11-13 07:00:00,103590.74,104085.01,103315.16,103475.66,1328.34761
2025-11-13 08:00:00,103475.66,103811.49,103275.02,103684.06,901.73611
2025-11-13 09:00:00,103684.07,103740.0,102553.63,102827.0,1334.94774
2025-11-13 10:00:00,102827.0,103289.89,102774.75,102991.22,491.21571
2025-11-13 11:00:00,102991.23,103148.57,102711.53,102936.5,410.73987
2025-11-13 12:00:00,102936.49,103274.93,102735.31,103143.45,597.28173
2025-11-13 13:00:00,103143.46,103162.41,102150.0,102326.48,1187.69713
2025-11-13 14:00:00,102326.48,103483.83,101699.91,102873.14,2405.05801
2025-11-13 15:00:00,102873.14,102999.98,101184.14,101382.64,2074.3959
2025-11-13 16:00:00,101382.63,101540.93,100550.0,100633.13,2664.17181
2025-11-13 17:00:00,100633.13,100820.49,99608.98,99659.99,3368.62722
2025-11-13 18:00:00,99659.99,99922.0,98147.4,98591.78,4579.03994
2025-11-13 19:00:00,98591.78,99295.02,98314.39,98682.14,2309.2418
2025-11-13 20:00:00,98682.13,99031.76,98000.4,98162.11,2424.57218
2025-11-13 21:00:00,98162.11,98905.45,98021.0,98817.36,1018.69866
2025-11-13 22:00:00,98817.35,99937.99,98701.88,99851.82,1303.27918
2025-11-13 23:00:00,99851.83,100501.31,99569.99,99692.02,1215.50973
2025-11-14 00:00:00,99692.03,99778.0,98726.64,98973.95,1748.7685
2025-11-14 01:00:00,98973.95,99555.33,98700.0,99255.6,2292.50283
2025-11-14 02:00:00,99255.6,99866.02,99246.0,99620.0,967.49149
2025-11-14 03:00:00,99620.01,99649.87,98805.23,99139.38,831.05287
2025-11-14 04:00:00,99139.38,99178.58,96712.12,97823.98,3850.84747
2025-11-14 05:00:00,97823.97,98037.39,97020.49,97523.98,2096.22294
2025-11-14 06:00:00,97523.98,97616.5,95933.75,97569.13,2909.036
2025-11-14 07:00:00,97569.13,97742.85,96783.47,97151.98,2260.62551
2025-11-14 08:00:00,97151.97,97476.84,96787.99,97377.41,1591.93158
2025-11-14 09:00:00,97377.41,97553.7,96681.63,96839.93,1043.46142
2025-11-14 10:00:00,96839.94,97286.92,96668.73,96752.2,688.27736
2025-11-14 11:00:00,96752.19,96945.61,95711.0,96167.44,1931.93096
2025-11-14 12:00:00,96167.45,96167.45,94560.48,95350.75,4859.43942
2025-11-14 13:00:00,95350.76,95695.83,94571.1,95243.95,3578.96625
2025-11-14 14:00:00,95243.95,96801.53,94951.43,96542.38,3587.32924
2025-11-14 15:00:00,96542.38,97322.35,95868.4,96796.14,2286.98587
2025-11-14 16:00:00,96796.14,97411.11,96271.34,97011.22,1610.29675
2025-11-14 17:00:00,97011.22,97128.45,95600.0,95842.56,1417.43832
2025-11-14 18:00:00,95842.57,96329.58,95000.0,95075.53,1363.43718
2025-11-14 19:00:00,95075.53,95920.0,94800.55,95778.29,1214.47277
2025-11-14 20:00:00,95778.3,95940.0,94201.77,94377.47,1917.84937
2025-11-14 21:00:00,94377.46,95172.95,94231.78,95059.47,927.53739
2025-11-14 22:00:00,95059.46,95482.74,94700.0,95179.99,990.87669
2025-11-14 23:00:00,95179.99,95179.99,94012.45,94594.0,1321.36663
2025-11-15 00:00:00,94594.0,95414.0,94558.49,95149.35,1050.81596
2025-11-15 01:00:00,95149.35,95800.0,94750.77,95650.17,946.56569
2025-11-15 02:00:00,95650.17,96484.5,95395.08,96482.77,971.87658
2025-11-15 03:00:00,96482.78,96846.68,96132.0,96417.12,1407.53254
2025-11-15 04:00:00,96417.12,96520.0,95921.21,96112.14,541.00804
2025-11-15 05:00:00,96112.14,96435.39,95977.02,96342.18,712.44846
2025-11-15 06:00:00,96342.18,96570.65,95958.22,96121.27,672.4607
2025-11-15 07:00:00,96121.27,96372.68,95947.68,96333.86,618.02642
2025-11-15 08:00:00,96333.87,96350.52,95642.61,95910.88,987.30061
2025-11-15 09:00:00,95910.87,96150.99,95649.99,95808.44,655.00121
2025-11-15 10:00:00,95808.44,96064.49,95689.38,95952.13,382.53531
2025-11-15 11:00:00,95952.13,95985.64,95630.0,95696.87,311.38925
2025-11-15 12:00:00,95696.86,95876.9,95565.17,95814.08,313.88372
2025-11-15 13:00:00,95814.08,96372.99,95728.13,96370.16,815.44172
2025-11-15 14:00:00,96370.17,96471.22,96013.58,96254.25,493.86496
2025-11-15 15:00:00,96254.26,96425.85,96114.7,96260.0,364.09538
2025-11-15 16:00:00,96259.99,96337.82,95731.32,96162.84,652.31588
2025-11-15 17:00:00,96162.84,96419.65,95849.9,96238.5,647.76319
2025-11-15 18:00:00,96238.51,96349.86,95960.34,96052.99,388.88122
2025-11-15 19:00:00,96052.99,96152.98,95920.94,96012.01,191.69202
2025-11-15 20:00:00,96012.01,96012.01,95119.94,95277.52,940.18711
2025-11-15 21:00:00,95277.51,95672.0,95125.29,95279.99,458.06338
2025-11-15 22:00:00,95280.0,95660.0,95225.78,95619.62,347.97795
2025-11-15 23:00:00,95619.63,95694.01,95493.96,95596.24,239.76661
2025-11-16 00:00:00,95596.23,95704.81,95205.74,95362.0,304.87252
2025-11-16 01:00:00,95362.01,95493.97,94841.62,95276.62,713.63073
2025-11-16 02:00:00,95276.61,95969.98,95094.31,95963.88,557.05695
2025-11-16 03:00:00,95963.89,95979.79,95630.22,95825.02,321.10986
2025-11-16 04:00:00,95825.02,95928.88,95650.72,95821.79,349.88402
2025-11-16 05:00:00,95821.8,96192.0,95813.51,95881.82,391.55568
2025-11-16 06:00:00,95881.83,96043.64,95754.0,95813.53,200.18257
2025-11-16 07:00:00,95813.52,96100.0,95721.68,96099.99,337.71705
2025-11-16 08:00:00,96099.98,96238.0,95859.35,96116.94,378.10619
2025-11-16 09:00:00,96116.93,96635.11,95936.0,96629.75,611.90526
2025-11-16 10:00:00,96629.74,96629.74,96375.05,96444.71,575.34123
2025-11-16 11:00:00,96444.71,96446.94,95500.0,95627.13,1020.02786
2025-11-16 12:00:00,95627.13,95900.0,95436.46,95743.9,547.95591
2025-11-16 13:00:00,95743.9,95846.14,95117.48,95420.44,561.73436
2025-11-16 14:00:00,95420.44,95673.9,95303.6,95531.13,396.85356
2025-11-16 15:00:00,95531.13,95555.0,94368.24,94573.46,1039.77491
2025-11-16 16:00:00,94573.46,94945.52,94022.89,94224.47,2545.47537
2025-11-16 17:00:00,94224.47,94540.64,93770.48,94357.67,2214.0171
2025-11-16 18:00:00,94357.66,95567.79,93775.81,94049.64,3256.0945
2025-11-16 19:00:00,94049.63,94600.0,93941.0,94020.0,1029.66678
2025-11-16 20:00:00,94020.49,94739.74,93951.4,94090.0,563.82548
2025-11-16 21:00:00,94090.01,94212.78,93369.0,93505.22,1731.40126
2025-11-16 22:00:00,93505.23,94500.0,93005.55,94183.36,1764.45299
2025-11-16 23:00:00,94183.36,94540.0,93020.01,94261.44,2476.76296
2025-11-17 00:00:00,94261.45,95375.6,93767.27,95290.01,1716.89838
2025-11-17 01:00:00,95290.01,95487.8,94722.21,94768.02,912.36086
2025-11-17 02:00:00,94768.02,95409.32,94707.82,94976.18,781.92776
2025-11-17 03:00:00,94976.17,95559.99,94968.72,95496.77,713.35025
2025-11-17 04:00:00,95496.77,95575.94,94849.37,95096.74,1622.50542
2025-11-17 05:00:00,95096.73,95265.01,94900.0,95122.76,574.08695
2025-11-17 06:00:00,95122.77,95333.99,94900.0,95282.36,495.05249
2025-11-17 07:00:00,95282.37,95880.0,95203.8,95653.77,1148.2017
2025-11-17 08:00:00,95653.78,96026.71,95532.02,95619.06,1082.17947
2025-11-17 09:00:00,95619.07,95868.99,95309.68,95656.21,907.38215
2025-11-17 10:00:00,95656.2,95891.59,95545.1,95651.7,499.57874
2025-11-17 11:00:00,95651.7,95938.36,95369.98,95565.38,926.51906
2025-11-17 12:00:00,95565.38,95571.3,95250.58,95312.23,545.81467
2025-11-17 13:00:00,95312.24,95370.89,93571.3,93959.79,2495.70008
2025-11-17 14:00:00,93959.78,96043.0,93755.22,94769.32,3177.03036
2025-11-17 15:00:00,94769.33,95018.86,93806.37,93959.67,1867.09141
2025-11-17 16:00:00,93959.68,94419.88,93051.71,94306.0,2847.04335
2025-11-17 17:00:00,94306.01,94394.8,92658.82,92767.49,2184.47626
2025-11-17 18:00:00,92767.48,93224.35,92413.31,92549.01,2978.32313
2025-11-17 19:00:00,92549.02,92653.97,91588.0,91678.93,3690.73308
2025-11-17 20:00:00,91678.93,92234.53,91292.0,91920.59,3249.24836
2025-11-17 21:00:00,91914.01,92253.72,91500.0,91959.71,1866.2053
2025-11-17 22:00:00,91959.72,92399.48,91220.0,92247.63,1469.82034
2025-11-17 23:00:00,92247.64,92294.15,91793.9,92215.14,1467.06849
2025-11-18 00:00:00,92215.14,92357.51,91200.0,92169.86,1831.22552
2025-11-18 01:00:00,92169.86,92221.01,91624.5,91714.29,1663.24084
2025-11-18 02:00:00,91714.29,91750.0,90687.42,90866.01,2546.69077
2025-11-18 03:00:00,90866.01,90927.69,89700.0,90842.72,4606.07848
2025-11-18 04:00:00,90842.72,90851.66,89253.78,90081.9,3350.00605
2025-11-18 05:00:00,90081.9,90469.14,89719.63,90221.33,1575.65404
2025-11-18 06:00:00,90221.33,90233.16,89371.12,89651.3,1335.95745
2025-11-18 07:00:00,89651.29,90555.88,89337.39,90512.1,2766.44981
2025-11-18 08:00:00,90512.1,91440.0,90509.79,91220.0,2225.79136
2025-11-18 09:00:00,91219.99,91487.58,90889.93,91400.01,1441.96417
2025-11-18 10:00:00,91400.01,91617.17,91256.8,91585.02,1087.06008
2025-11-18 11:00:00,91585.01,91615.43,91247.56,91517.82,1022.64847
2025-11-18 12:00:00,91517.83,91878.11,91110.0,91518.54,906.99249
2025-11-18 13:00:00,91518.54,91659.94,90905.7,91476.56,1036.51569
2025-11-18 14:00:00,91476.56,92450.23,91206.52,91359.29,2351.78391
2025-11-18 15:00:00,91359.3,93049.91,91010.0,92910.1,2802.22354
2025-11-18 16:00:00,92910.1,93836.01,92579.23,93499.16,2533.3128
2025-11-18 17:00:00,93499.15,93657.15,92821.26,93256.92,1189.79384
2025-11-18 18:00:00,93256.92,93766.0,93151.04,93331.08,692.11551
2025-11-18 19:00:00,93331.09,93612.0,92994.88,93195.61,502.14706
2025-11-18 20:00:00,93195.61,93298.0,92657.25,92783.36,539.0094
2025-11-18 21:00:00,92783.36,93030.0,92462.72,92491.59,542.2085
2025-11-18 22:00:00,92491.6,93423.74,92491.59,93160.0,439.15612
2025-11-18 23:00:00,93159.99,93163.34,92727.27,92960.83,847.12179
2025-11-19 00:00:00,92960.83,92980.22,91929.86,92416.51,875.05841
2025-11-19 01:00:00,92416.52,92644.49,91935.03,92439.99,856.50507
2025-11-19 02:00:00,92440.0,92865.24,92280.0,92569.12,531.4235
2025-11-19 03:00:00,92569.12,92636.0,91660.49,91874.52,802.16678
2025-11-19 04:00:00,91874.51,91976.12,91163.19,91163.2,1152.46121
2025-11-19 05:00:00,91163.2,91267.73,90025.06,90459.99,1783.40843
2025-11-19 06:00:00,90459.99,91104.0,90282.83,90990.87,1223.51965
2025-11-19 07:00:00,90990.88,92028.92,90948.37,91863.64,1475.85023
2025-11-19 08:00:00,91863.64,91950.0,91287.34,91470.44,803.83092
2025-11-19 09:00:00,91470.44,91513.72,91072.41,91513.72,740.22178
2025-11-19 10:00:00,91513.72,91700.55,91225.98,91314.75,580.50005
2025-11-19 11:00:00,91314.74,91782.04,91312.0,91410.22,416.30964
2025-11-19 12:00:00,91410.23,91879.85,91220.0,91780.0,604.31025
2025-11-19 13:00:00,91780.0,91900.0,91228.82,91405.02,728.0749
2025-11-19 14:00:00,91405.02,91857.3,91037.5,91713.44,1389.38336
2025-11-19 15:00:00,91713.45,92384.61,89880.0,89951.7,3292.32346
2025-11-19 16:00:00,89951.7,90232.56,89453.88,89905.78,2417.11812
2025-11-19 17:00:00,89905.77,90133.33,88889.0,89500.01,2649.49867
2025-11-19 18:00:00,89500.0,89744.51,88792.0,89237.83,2216.17894
2025-11-19 19:00:00,89237.82,89384.27,88630.71,88884.56,1504.39912
2025-11-19 20:00:00,88884.56,89704.39,88608.0,89516.91,1421.78591
2025-11-19 21:00:00,89516.91,90850.0,89450.01,90600.68,2890.29056
2025-11-19 22:00:00,90600.67,90635.58,90101.14,90480.56,768.25681
2025-11-19 23:00:00,90480.56,91594.0,90480.56,91554.96,1163.76183
2025-11-20 00:00:00,91554.96,92300.0,91185.26,91891.32,1045.70121
2025-11-20 01:00:00,91891.32,92716.44,91820.01,92590.13,1058.92103
2025-11-20 02:00:00,92590.13,92798.14,92322.04,92592.84,904.85403
2025-11-20 03:00:00,92592.85,92717.52,92360.84,92440.32,919.58347
2025-11-20 04:00:00,92440.33,92990.0,92124.0,92962.83,931.12356
2025-11-20 05:00:00,92962.84,93160.0,92566.55,92616.2,878.19369
2025-11-20 06:00:00,92616.21,92851.06,91687.07,91974.7,1324.95908
2025-11-20 07:00:00,91974.69,92445.8,91798.24,92320.18,657.61367
2025-11-20 08:00:00,92320.18,92400.94,92036.27,92128.22,621.86424
2025-11-20 09:00:00,92128.22,92135.01,91440.55,91950.0,1187.17976
2025-11-20 10:00:00,91950.01,92062.83,91603.84,91801.39,918.81997
2025-11-20 11:00:00,91801.39,92029.64,91485.4,91934.0,472.97339
2025-11-20 12:00:00,91934.01,91999.99,91688.0,91839.25,443.03933
2025-11-20 13:00:00,91839.25,92541.92,91451.99,91529.36,1535.257
2025-11-20 14:00:00,91529.36,91682.6,90431.54,91103.19,2227.67187
2025-11-20 15:00:00,91103.19,91171.78,89835.34,89869.88,1956.88604
2025-11-20 16:00:00,89869.88,89911.73,87487.95,87878.1,5918.46185
2025-11-20 17:00:00,87878.1,88158.49,86395.47,87233.81,5848.39149
2025-11-20 18:00:00,87233.8,87769.23,86318.78,86486.27,3087.08206
2025-11-20 19:00:00,86486.27,87146.29,86100.0,86921.28,2741.74748
2025-11-20 20:00:00,86921.27,87131.07,86325.23,86462.97,1475.77763
2025-11-20 21:00:00,86462.97,87674.23,86429.09,87282.6,1215.0571
2025-11-20 22:00:00,87282.44,88250.0,87192.91,88065.97,1274.57142
2025-11-20 23:00:00,88065.98,88173.09,86560.0,86637.23,1087.46036
2025-11-21 00:00:00,86637.22,87498.94,86592.0,87285.24,845.00605
2025-11-21 01:00:00,87285.24,87464.08,86834.81,87049.86,841.87222
2025-11-21 02:00:00,87049.86,87067.52,85360.0,85444.93,3003.64405
2025-11-21 03:00:00,85444.93,86135.58,85433.39,85821.34,1737.99681
2025-11-21 04:00:00,85821.35,86119.19,85404.05,86053.09,1036.52858
2025-11-21 05:00:00,86053.1,86459.53,85825.59,86195.08,1234.93355
2025-11-21 06:00:00,86195.09,86255.02,85550.0,85581.3,1347.08347
2025-11-21 07:00:00,85581.31,85769.86,82000.0,84049.39,10586.94545
2025-11-21 08:00:00,84049.38,84709.89,83521.07,83643.45,4196.83535
2025-11-21 09:00:00,83643.45,83988.4,82104.01,82207.84,4382.85302
2025-11-21 10:00:00,82207.83,82911.99,81648.0,82703.61,5588.71507
2025-11-21 11:00:00,82703.61,83340.72,82192.49,82309.66,2016.52315
2025-11-21 12:00:00,82309.67,83618.13,80600.0,83285.35,9181.08228
2025-11-21 13:00:00,83285.34,84427.79,83116.86,84115.28,4066.19195
2025-11-21 14:00:00,84115.29,85496.0,83544.82,84850.0,5134.71956
2025-11-21 15:00:00,84850.01,85103.42,82729.54,82932.47,4659.35985
2025-11-21 16:00:00,82932.46,84919.6,82333.0,84919.59,2895.89154
2025-11-21 17:00:00,84919.58,85572.82,84565.11,84877.07,2065.96878
2025-11-21 18:00:00,84877.06,85083.31,83304.87,84577.11,2102.7819
2025-11-21 19:00:00,84577.12,85025.71,84080.0,84209.3,1042.9006
2025-11-21 20:00:00,84209.3,84650.0,83464.96,84571.2,1215.11568
2025-11-21 21:00:00,84571.19,85416.66,84351.51,85182.14,1186.55255
2025-11-21 22:00:00,85182.14,85404.24,84267.25,84284.42,887.57484
2025-11-21 23:00:00,84284.43,85353.03,84121.38,85129.43,999.05049
2025-11-22 00:00:00,85129.42,85620.0,84571.13,84739.93,982.89986
2025-11-22 01:00:00,84739.92,85205.87,84588.75,85174.28,708.2007
2025-11-22 02:00:00,85174.28,85205.87,84285.71,84528.99,623.12435
2025-11-22 03:00:00,84529.0,84611.35,84212.39,84440.47,608.99066
2025-11-22 04:00:00,84440.48,84548.3,83832.91,84246.88,757.03562
2025-11-22 05:00:00,84246.89,84316.08,83868.53,84280.92,609.94979
2025-11-22 06:00:00,84280.92,84799.54,84080.0,84636.0,514.75646
2025-11-22 07:00:00,84636.0,84672.01,84400.0,84580.06,336.57657
2025-11-22 08:00:00,84580.06,84586.62,83935.95,84016.77,579.11003
2025-11-22 09:00:00,84016.77,84343.91,83666.0,83929.52,1402.34324
2025-11-22 10:00:00,83929.53,84211.5,83500.0,83693.25,755.24683
2025-11-22 11:00:00,83693.26,84343.91,83592.45,84098.94,605.75819
2025-11-22 12:00:00,84098.94,84160.8,83620.16,83884.0,632.74648
2025-11-22 13:00:00,83884.01,84132.09,83653.12,83947.89,450.3885
2025-11-22 14:00:00,83947.89,84755.83,83935.12,84494.4,1054.8619
2025-11-22 15:00:00,84494.4,84577.99,84014.39,84284.01,530.44756
2025-11-22 16:00:00,84284.01,84899.0,84219.62,84694.66,525.46062
2025-11-22 17:00:00,84694.65,84724.58,84423.98,84554.2,357.93738
2025-11-22 18:00:00,84554.2,84678.38,84480.66,84659.79,243.98434
2025-11-22 19:00:00,84659.8,84790.79,84510.53,84609.76,223.69917
2025-11-22 20:00:00,84609.77,84808.22,84244.51,84474.41,274.86848
2025-11-22 21:00:00,84474.41,84510.54,84237.7,84411.3,269.03241
2025-11-22 22:00:00,84411.31,85260.0,84269.04,85072.88,648.28851
2025-11-22 23:00:00,85072.87,85178.0,84670.56,84739.74,498.22498
2025-11-23 00:00:00,84739.75,85325.94,84667.57,84971.74,789.42586
2025-11-23 01:00:00,84971.74,86184.6,84950.97,85879.83,1247.13601
2025-11-23 02:00:00,85879.83,86349.84,85689.36,86000.34,1316.75776
2025-11-23 03:00:00,86000.34,86308.55,85820.68,86308.54,650.83168
2025-11-23 04:00:00,86308.54,86860.0,86150.61,86548.2,1045.11387
2025-11-23 05:00:00,86548.19,86593.68,86004.85,86358.28,592.93532
2025-11-23 06:00:00,86358.27,86500.0,85864.68,85864.68,546.56485
2025-11-23 07:00:00,85864.69,85911.72,85420.0,85782.19,728.39953
2025-11-23 08:00:00,85782.18,86196.94,85768.22,86137.19,554.48769
2025-11-23 09:00:00,86137.18,86465.24,86080.02,86393.02,427.24227
2025-11-23 10:00:00,86393.03,86452.0,86058.96,86066.23,429.62501
2025-11-23 11:00:00,86066.24,86421.0,85814.92,86331.28,676.0486
2025-11-23 12:00:00,86331.28,86892.0,86271.1,86530.04,917.48707
2025-11-23 13:00:00,86530.04,86934.0,86318.98,86928.31,646.33455
2025-11-23 14:00:00,86928.3,87200.0,86482.98,86547.4,1148.29527
2025-11-23 15:00:00,86547.4,87244.51,86451.9,87087.44,759.24987
2025-11-23 16:00:00,87087.44,87500.0,86670.23,86685.6,1449.1586
2025-11-23 17:00:00,86685.59,86957.45,86502.47,86746.51,752.54839
2025-11-23 18:00:00,86746.52,87259.58,86724.78,86995.02,584.09609
2025-11-23 19:00:00,86995.02,87689.47,86938.6,87325.01,926.15432
2025-11-23 20:00:00,87325.01,87694.68,87233.63,87483.36,726.71996
2025-11-23 21:00:00,87483.37,88000.0,87150.0,87992.02,647.97774
2025-11-23 22:00:00,87992.03,88127.64,87554.23,88004.0,806.41047
2025-11-23 23:00:00,88004.01,88086.96,86701.54,86830.0,1365.4634
2025-11-24 00:00:00,86830.0,87211.33,85946.65,86740.64,1392.29093
2025-11-24 01:00:00,86740.64,87091.31,86399.99,87068.51,958.30504
2025-11-24 02:00:00,87068.51,88059.44,87025.01,87518.22,1290.41003
2025-11-24 03:00:00,87518.23,87788.0,87200.69,87460.02,677.15494
2025-11-24 04:00:00,87460.03,87600.0,86450.0,86738.37,878.95809
2025-11-24 05:00:00,86738.36,87837.57,86675.82,87468.29,753.25217
2025-11-24 06:00:00,87468.28,87518.06,86819.98,86910.78,801.3858
2025-11-24 07:00:00,86910.77,87350.0,86700.0,87050.39,842.74354
2025-11-24 08:00:00,87050.39,87050.39,86724.78,86961.51,563.07997
2025-11-24 09:00:00,86961.5,86961.5,85825.84,85944.91,1224.1726
2025-11-24 10:00:00,85944.91,86190.0,85696.56,86049.74,1106.37218
2025-11-24 11:00:00,86049.74,86433.93,85840.0,86264.72,590.88464
2025-11-24 12:00:00,86264.71,86318.0,85888.0,86003.0,776.50309
2025-11-24 13:00:00,86003.0,86573.99,85947.91,86160.0,774.74433
2025-11-24 14:00:00,86159.84,86660.01,85272.0,86171.14,1629.59791
2025-11-24 15:00:00,86171.22,86741.5,85913.44,86616.44,1454.66429
2025-11-24 16:00:00,86616.44,87700.0,86616.43,87174.5,1597.9807
2025-11-24 17:00:00,87174.5,88550.68,86950.51,88369.91,1714.18113
2025-11-24 18:00:00,88369.91,88732.25,88200.0,88715.31,1475.2051
2025-11-24 19:00:00,88715.3,88834.62,88115.16,88327.29,1216.54554
2025-11-24 20:00:00,88327.29,89228.0,88327.29,89089.06,1349.46746
2025-11-24 21:00:00,89089.06,89132.0,88720.97,88766.15,601.72645
2025-11-24 22:00:00,88766.15,89091.96,88598.0,88636.54,522.98122
2025-11-24 23:00:00,88636.54,88690.0,88252.5,88300.01,470.5208
2025-11-25 00:00:00,88300.01,88300.01,87864.63,88100.0,784.64286
2025-11-25 01:00:00,88100.0,88223.85,87719.67,87732.83,590.37213
2025-11-25 02:00:00,87732.84,87942.26,87457.53,87909.4,661.24658
2025-11-25 03:00:00,87909.41,88048.78,87553.84,87822.12,470.13692
2025-11-25 04:00:00,87822.12,88519.99,87790.17,88341.14,559.30233
2025-11-25 05:00:00,88341.14,88341.14,87937.46,88120.82,385.97584
2025-11-25 06:00:00,88120.83,88149.01,87802.09,88003.97,428.0412
2025-11-25 07:00:00,88003.97,88069.96,87300.0,87384.81,1659.28548
2025-11-25 08:00:00,87384.81,87606.57,86993.2,87009.82,1030.08593
2025-11-25 09:00:00,87009.82,87243.57,86666.0,87231.76,1365.38754
2025-11-25 10:00:00,87231.76,87430.0,86950.01,87411.01,529.77845
2025-11-25 11:00:00,87411.0,87535.98,87310.0,87361.71,476.85969
2025-11-25 12:00:00,87361.71,87792.2,87361.71,87509.99,719.39885
2025-11-25 13:00:00,87510.0,87731.2,86870.5,87083.01,953.98515
2025-11-25 14:00:00,87083.0,87298.35,86116.0,86741.55,1997.11968
2025-11-25 15:00:00,86741.55,87300.0,86200.0,86988.94,1227.12482
2025-11-25 16:00:00,86988.93,87291.0,86712.35,87121.31,678.88146
2025-11-25 17:00:00,87121.31,88155.65,87046.09,87625.89,918.86754
2025-11-25 18:00:00,87625.9,87830.0,87237.18,87239.29,604.25375
2025-11-25 19:00:00,87239.29,87340.1,86182.49,86882.85,1026.34933
2025-11-25 20:00:00,86882.84,87463.0,86706.28,87382.7,718.04092
2025-11-25 21:00:00,87387.48,87449.73,86985.02,87032.37,660.28461
2025-11-25 22:00:00,87032.36,87722.92,86565.48,87642.41,612.11039
2025-11-25 23:00:00,87642.41,87889.38,87328.89,87369.96,509.50965
2025-11-26 00:00:00,87369.97,87770.0,87344.34,87573.51,492.76345
2025-11-26 01:00:00,87573.51,88224.0,87338.05,87921.94,625.50199
2025-11-26 02:00:00,87921.94,88087.97,87662.24,87711.82,382.80732
2025-11-26 03:00:00,87711.82,87892.82,87069.97,87119.92,734.20044
2025-11-26 04:00:00,87119.93,87368.0,86909.99,87230.23,523.25398
2025-11-26 05:00:00,87230.23,87741.5,87220.01,87519.53,391.28204
2025-11-26 06:00:00,87519.54,87889.0,87409.78,87794.0,567.75553
2025-11-26 07:00:00,87794.0,87970.0,87698.25,87935.05,346.36014
2025-11-26 08:00:00,87935.05,87941.58,87416.44,87424.8,352.28266
2025-11-26 09:00:00,87424.8,87453.47,86746.6,86825.27,1012.15795
2025-11-26 10:00:00,86825.27,87078.59,86670.36,86955.17,469.69958
2025-11-26 11:00:00,86955.17,87095.83,86844.01,87095.79,365.39116
2025-11-26 12:00:00,87095.78,87175.99,86306.77,86643.08,790.16422
2025-11-26 13:00:00,86643.07,87136.33,86568.85,87128.51,802.87416
2025-11-26 14:00:00,87128.51,87693.21,86813.5,86899.73,1419.99793
2025-11-26 15:00:00,86899.72,87349.41,86664.23,86978.0,1185.22598
2025-11-26 16:00:00,86977.99,87946.0,86956.61,87820.01,1248.92414
2025-11-26 17:00:00,87820.02,89962.9,87710.27,89830.79,2469.84113
2025-11-26 18:00:00,89830.8,90418.39,89676.0,90145.69,2128.19073
2025-11-26 19:00:00,90145.69,90197.83,89716.3,89957.36,1663.47818
2025-11-26 20:00:00,89957.37,90114.67,89508.85,89866.82,1645.62012
2025-11-26 21:00:00,89866.83,90491.28,89815.35,90195.99,803.11555
2025-11-26 22:00:00,90195.98,90656.08,90127.88,90386.57,686.02397
2025-11-26 23:00:00,90386.56,90600.0,90312.25,90484.02,568.91004
2025-11-27 00:00:00,90484.01,90597.32,90089.91,90485.85,863.56359
2025-11-27 01:00:00,90485.85,91236.0,90385.5,91145.78,1123.33988
2025-11-27 02:00:00,91145.78,91950.0,90879.76,91389.21,2941.8217
2025-11-27 03:00:00,91389.73,91615.6,91044.14,91091.68,815.09214
2025-11-27 04:00:00,91091.68,91353.85,91057.77,91277.06,509.22057
2025-11-27 05:00:00,91277.06,91554.49,90889.11,90967.54,724.51309
2025-11-27 06:00:00,90967.53,91445.3,90967.53,91244.58,600.26335
2025-11-27 07:00:00,91244.59,91496.63,91135.88,91408.34,609.78648
2025-11-27 08:00:00,91408.34,91520.24,91221.17,91492.02,626.375
2025-11-27 09:00:00,91492.01,91940.18,91475.39,91561.67,875.30832
2025-11-27 10:00:00,91561.67,91747.29,91347.02,91613.51,526.00515
2025-11-27 11:00:00,91613.52,91619.36,91307.69,91371.88,326.30294
2025-11-27 12:00:00,91371.87,91457.36,90950.0,90986.56,641.34239
2025-11-27 13:00:00,90986.56,91075.99,90438.43,90852.78,1344.1126
2025-11-27 14:00:00,90852.79,90978.49,90579.77,90789.68,539.81726
2025-11-27 15:00:00,90789.68,90988.0,90629.98,90958.3,396.23776
2025-11-27 16:00:00,90958.29,91562.0,90850.77,91467.13,778.41704
2025-11-27 17:00:00,91467.12,91635.79,91299.06,91479.3,704.33875
2025-11-27 18:00:00,91479.3,91843.59,91347.21,91791.99,433.08181
2025-11-27 19:00:00,91791.99,91791.99,91506.94,91528.21,363.77786
2025-11-27 20:00:00,91528.22,91596.76,91400.0,91433.17,259.27901
2025-11-27 21:00:00,91433.18,91600.0,91217.17,91416.99,272.08151
2025-11-27 22:00:00,91416.99,91590.0,91114.52,91317.65,289.90354
2025-11-27 23:00:00,91317.66,91566.0,91213.79,91333.95,269.52758
2025-11-28 00:00:00,91333.94,91417.99,91072.3,91207.34,405.71832
2025-11-28 01:00:00,91207.34,91209.82,90800.3,90804.56,495.69936
2025-11-28 02:00:00,90804.56,91135.69,90652.55,91083.08,665.69948
2025-11-28 03:00:00,91083.08,91306.63,91000.88,91208.85,362.93677
2025-11-28 04:00:00,91208.85,91486.29,91130.0,91424.02,286.91882
2025-11-28 05:00:00,91424.02,91707.79,91304.28,91612.09,444.39646
2025-11-28 06:00:00,91612.09,91612.09,91156.24,91300.69,441.82209
2025-11-28 07:00:00,91300.69,91568.98,90867.43,90910.87,700.7864
2025-11-28 08:00:00,90910.87,91717.0,90907.98,91690.0,899.46359
2025-11-28 09:00:00,91689.99,91850.0,91439.34,91599.99,578.7761
2025-11-28 10:00:00,91600.0,91874.86,91480.28,91850.49,786.48217
2025-11-28 11:00:00,91850.49,92030.0,91065.13,91437.64,910.59811
2025-11-28 12:00:00,91437.64,91692.3,91405.69,91513.4,360.31623
2025-11-28 13:00:00,91513.4,92635.0,91380.94,92377.01,1231.35483
2025-11-28 14:00:00,92377.0,93092.0,91818.35,92250.01,2337.42844
2025-11-28 15:00:00,92250.0,92796.0,91976.59,92362.49,1117.5135
2025-11-28 16:00:00,92362.5,92376.0,90880.0,90936.23,1386.76661
2025-11-28 17:00:00,90936.24,91208.43,90180.63,90663.98,3368.6938
2025-11-28 18:00:00,90661.57,90958.57,90421.88,90830.57,663.11655
2025-11-28 19:00:00,90830.57,91202.55,90821.6,91157.44,360.61967
2025-11-28 20:00:00,91157.44,91225.45,90867.89,91201.1,310.35586
2025-11-28 21:00:00,91201.09,91247.16,90888.0,90888.01,223.95974
2025-11-28 22:00:00,90888.01,91159.89,90705.57,91122.0,276.05655
2025-11-28 23:00:00,91122.0,91195.68,90890.7,90890.7,215.38067
2025-11-29 00:00:00,90890.71,90968.0,90768.13,90884.01,186.84042
2025-11-29 01:00:00,90884.01,91119.99,90797.36,90881.2,189.9049
2025-11-29 02:00:00,90881.2,90926.9,90546.36,90798.89,360.3042
2025-11-29 03:00:00,90798.9,90874.03,90661.12,90680.26,203.76865
2025-11-29 04:00:00,90680.26,90911.36,90551.12,90901.56,194.82906
2025-11-29 05:00:00,90901.55,90931.56,90733.22,90747.16,201.02788
2025-11-29 06:00:00,90747.16,90832.57,90311.92,90565.29,551.9962
2025-11-29 07:00:00,90565.3,90666.0,90375.01,90567.67,281.69639
2025-11-29 08:00:00,90567.66,90738.17,90477.44,90629.67,209.42959
2025-11-29 09:00:00,90629.67,90665.37,90500.0,90560.08,255.33197
2025-11-29 10:00:00,90560.08,90647.98,90376.37,90552.47,287.88192
2025-11-29 11:00:00,90552.47,90682.33,90458.17,90673.19,204.80457
2025-11-29 12:00:00,90673.2,90810.45,90530.93,90616.01,253.50149
2025-11-29 13:00:00,90616.01,90805.99,90591.35,90783.17,243.4196
2025-11-29 14:00:00,90783.16,90783.17,90610.41,90621.72,231.55273
2025-11-29 15:00:00,90621.73,91110.36,90621.72,91063.5,419.55316
2025-11-29 16:00:00,91063.5,91165.65,90862.22,91004.03,256.29667
2025-11-29 17:00:00,91004.03,91019.0,90421.21,90421.21,800.09236
2025-11-29 18:00:00,90421.21,90719.16,90155.47,90690.84,837.40131
2025-11-29 19:00:00,90690.85,90850.83,90600.1,90640.78,298.72853
2025-11-29 20:00:00,90640.77,91035.27,90400.21,90963.29,336.13338
2025-11-29 21:00:00,90963.29,91051.87,90814.02,91008.68,179.69384
2025-11-29 22:00:00,91008.68,91008.69,90700.65,90753.02,311.96344
2025-11-29 23:00:00,90753.03,90896.97,90690.23,90802.44,133.73065
2025-11-30 00:00:00,90802.44,90945.59,90765.12,90893.94,127.74315
2025-11-30 01:00:00,90893.94,91055.5,90863.05,90913.31,246.89699
2025-11-30 02:00:00,90913.3,91032.18,90749.9,90795.51,321.82107
2025-11-30 03:00:00,90795.52,90917.96,90471.0,90909.35,418.70941
2025-11-30 04:00:00,90909.35,90970.36,90799.91,90858.0,98.98576
2025-11-30 05:00:00,90857.99,90857.99,90670.4,90783.75,146.33614
2025-11-30 06:00:00,90783.76,90937.5,90717.51,90898.68,134.34933
2025-11-30 07:00:00,90898.69,91037.72,90860.01,90968.16,170.24658
2025-11-30 08:00:00,90968.16,91438.99,90927.16,91184.45,999.6229
2025-11-30 09:00:00,91184.45,91632.0,91138.65,91413.07,857.09997
2025-11-30 10:00:00,91413.07,91467.36,91200.0,91234.31,215.61141
2025-11-30 11:00:00,91234.31,91397.33,90998.34,91048.78,443.35776
2025-11-30 12:00:00,91048.79,91535.1,91009.0,91469.51,391.37581
2025-11-30 13:00:00,91469.51,92000.01,91398.69,91769.99,1268.05794
2025-11-30 14:00:00,91770.0,91779.94,91256.88,91499.99,479.45512
2025-11-30 15:00:00,91499.98,91612.83,91326.59,91435.31,490.26099
2025-11-30 16:00:00,91435.31,91850.0,91406.97,91825.18,328.17239
2025-11-30 17:00:00,91825.18,91825.18,91313.26,91488.19,322.55187
2025-11-30 18:00:00,91488.2,91488.2,91159.42,91459.9,239.73146
2025-11-30 19:00:00,91459.91,91500.0,91298.4,91460.79,158.56074
2025-11-30 20:00:00,91460.79,91626.75,91178.0,91315.6,260.58782
2025-11-30 21:00:00,91315.59,91332.18,90888.48,91174.22,497.10764
2025-11-30 22:00:00,91174.23,91351.61,91049.22,91225.28,263.92188
2025-11-30 23:00:00,91225.28,91256.36,90336.9,90360.0,807.17762
2025-12-01 00:00:00,90360.01,90417.0,86959.99,87000.0,4607.45526
2025-12-01 01:00:00,87000.0,87749.99,86941.4,87168.91,1588.04096
2025-12-01 02:00:00,87168.9,87500.0,86474.34,86722.29,2052.19788
2025-12-01 03:00:00,86722.3,86800.0,86161.61,86346.13,2001.96556
2025-12-01 04:00:00,86346.13,86350.01,85695.44,85801.03,1863.01351
2025-12-01 05:00:00,85801.03,86006.85,85604.0,86001.08,749.36259
2025-12-01 06:00:00,86001.08,86357.43,85974.66,86234.16,931.6074
2025-12-01 07:00:00,86234.17,86578.06,86049.9,86550.3,1393.18357
2025-12-01 08:00:00,86550.3,86890.77,86390.25,86869.51,948.06769
2025-12-01 09:00:00,86869.5,86938.01,86518.18,86704.86,866.92667
2025-12-01 10:00:00,86704.85,86814.0,86552.0,86647.73,366.02338
2025-12-01 11:00:00,86647.73,86699.99,86131.01,86149.15,824.75013
2025-12-01 12:00:00,86146.59,86231.52,84756.0,85430.64,2098.18769
2025-12-01 13:00:00,85430.64,86166.43,85350.0,85986.85,1097.45554
2025-12-01 14:00:00,85986.85,86674.0,85868.0,86067.9,1654.56841
2025-12-01 15:00:00,86067.9,86137.17,83822.76,84677.87,3274.16077
2025-12-01 16:00:00,84677.87,85463.12,84030.95,84571.8,2152.34019
2025-12-01 17:00:00,84571.8,85265.66,84442.75,84920.3,917.46569
2025-12-01 18:00:00,84925.01,85555.0,84723.83,85199.48,911.27586
2025-12-01 19:00:00,85199.48,85299.14,84603.97,85024.5,617.02121
2025-12-01 20:00:00,85024.5,85833.01,85007.69,85518.0,1007.0535
2025-12-01 21:00:00,85518.01,86507.3,85499.99,86436.65,1202.40704
2025-12-01 22:00:00,86436.64,86860.0,86300.0,86572.65,780.37442
2025-12-01 23:00:00,86572.65,86833.55,86249.8,86286.01,604.10735
2025-12-02 00:00:00,86286.01,86674.53,86184.39,86513.33,887.97566
2025-12-02 01:00:00,86513.33,87350.0,86394.0,86454.93,1192.01967
2025-12-02 02:00:00,86454.93,86857.79,86272.55,86554.47,522.02975
2025-12-02 03:00:00,86554.46,87106.62,86214.99,86976.99,643.79096
2025-12-02 04:00:00,86977.0,87288.48,86900.79,86970.28,689.46639
2025-12-02 05:00:00,86970.28,87125.36,86818.14,87008.2,320.12167
2025-12-02 06:00:00,87008.2,87179.22,86870.0,87090.46,385.60175
2025-12-02 07:00:00,87090.46,87117.18,86882.23,87012.65,338.04553
2025-12-02 08:00:00,87012.64,87058.41,86296.21,86471.89,1046.58604
2025-12-02 09:00:00,86471.88,86999.0,86450.6,86769.87,806.33465
2025-12-02 10:00:00,86769.88,87628.78,86760.01,87272.44,661.40198
2025-12-02 11:00:00,87272.44,87602.47,86985.51,87368.92,846.713
2025-12-02 12:00:00,87368.92,87560.77,87208.68,87264.2,839.51657
2025-12-02 13:00:00,87264.2,87883.43,87032.75,87731.41,1559.3403
2025-12-02 14:00:00,87731.41,89275.54,87600.0,89271.99,2529.97385
2025-12-02 15:00:00,89271.99,91200.0,89263.06,90850.01,4371.66947
2025-12-02 16:00:00,90850.01,91296.72,90201.0,90759.15,2014.14601
2025-12-02 17:00:00,90759.15,91990.0,90736.05,91458.4,1594.71699
2025-12-02 18:00:00,91458.4,92237.15,91326.22,91954.49,1650.85803
2025-12-02 19:00:00,91954.49,92307.65,91850.0,91903.39,892.95903
2025-12-02 20:00:00,91903.38,91930.09,90720.87,91026.67,1812.81861
2025-12-02 21:00:00,91026.66,91631.49,90965.02,91562.43,750.79479
2025-12-02 22:00:00,91562.42,92000.0,91510.6,91981.91,1005.0385
2025-12-02 23:00:00,91981.91,91981.91,91269.38,91277.88,848.30812
2025-12-03 00:00:00,91277.88,91747.99,90990.23,91660.12,1282.57519
2025-12-03 01:00:00,91660.13,92482.02,91468.21,92251.63,1105.16296
2025-12-03 02:00:00,92251.64,93051.64,92158.0,92817.92,1322.86837
2025-12-03 03:00:00,92817.93,93087.09,92597.26,92628.91,714.46982
2025-12-03 04:00:00,92628.91,93482.87,92625.0,93362.21,1228.95814
2025-12-03 05:00:00,93362.21,93660.0,93116.02,93642.92,1042.55272
2025-12-03 06:00:00,93642.92,93958.58,93146.26,93431.8,1068.27612
2025-12-03 07:00:00,93431.81,93468.43,92871.03,92999.99,1206.67241
2025-12-03 08:00:00,93000.0,93173.93,92682.1,92765.65,908.28425
2025-12-03 09:00:00,92765.64,93217.52,92709.41,93178.46,651.04477
2025-12-03 10:00:00,93178.45,93389.62,92861.88,92939.4,644.12113
2025-12-03 11:00:00,92939.4,93054.93,92666.0,93005.68,566.65244
2025-12-03 12:00:00,93005.68,93112.1,92672.55,92937.39,609.37614
2025-12-03 13:00:00,92937.39,93258.53,92886.59,93130.88,653.22336
2025-12-03 14:00:00,93130.89,93700.0,91697.0,92357.54,3444.5392
2025-12-03 15:00:00,92357.54,92993.98,91922.21,92373.3,1816.10102
2025-12-03 16:00:00,92373.3,92739.09,91786.99,92242.24,1045.70106
2025-12-03 17:00:00,92242.24,93040.0,92199.72,92956.22,952.33734
2025-12-03 18:00:00,92956.22,93500.0,92383.05,92623.86,1065.25501
2025-12-03 19:00:00,92623.85,93099.47,92528.75,93024.99,561.39144
2025-12-03 20:00:00,93025.0,93400.0,92825.56,92980.43,993.99987
2025-12-03 21:00:00,92981.45,93769.23,92860.0,93700.0,961.39093
2025-12-03 22:00:00,93700.01,94150.0,93301.87,93781.01,1201.71927
2025-12-03 23:00:00,93781.01,94091.71,93377.58,93429.95,665.85289
2025-12-04 00:00:00,93429.95,93480.0,92669.82,93054.86,1095.83853
2025-12-04 01:00:00,93054.87,93750.73,92981.35,93195.07,1304.157
2025-12-04 02:00:00,93195.07,94070.7,93117.8,93943.24,944.67997
2025-12-04 03:00:00,93943.24,94080.0,93402.38,93543.04,500.0247
2025-12-04 04:00:00,93543.03,93588.48,93231.56,93360.58,388.95379
2025-12-04 05:00:00,93360.58,93380.39,92775.0,92979.25,931.22487
2025-12-04 06:00:00,92979.25,93371.12,92824.32,93140.74,1076.30029
2025-12-04 07:00:00,93140.75,93413.39,92888.0,93397.67,674.02891
2025-12-04 08:00:00,93397.67,93600.0,93044.41,93260.63,411.88207
2025-12-04 09:00:00,93260.64,93621.31,93235.5,93454.7,402.88554
2025-12-04 10:00:00,93454.71,93553.69,93156.42,93260.0,373.45816
2025-12-04 11:00:00,93260.0,93318.17,92736.9,92948.31,728.79798
2025-12-04 12:00:00,92948.32,93200.0,92782.48,92990.18,474.71729
2025-12-04 13:00:00,92990.18,93060.63,92424.0,92516.38,997.53962
2025-12-04 14:00:00,92516.38,92821.26,91801.0,91894.01,1176.07323
2025-12-04 15:00:00,91894.0,93257.0,91886.55,92971.49,1647.82775
2025-12-04 16:00:00,92971.49,93174.55,92268.76,92431.72,1073.45255
2025-12-04 17:00:00,92431.71,92536.0,91756.57,92426.76,1204.88261
2025-12-04 18:00:00,92426.77,92550.86,91890.32,92127.52,605.6924
2025-12-04 19:00:00,92127.53,92174.91,90889.0,91975.44,1976.68364
2025-12-04 20:00:00,91975.43,92532.42,91688.92,92476.25,812.83088
2025-12-04 21:00:00,92476.25,92718.53,92086.0,92158.23,581.65983
2025-12-04 22:00:00,92158.24,92497.25,92151.79,92348.78,231.66801
2025-12-04 23:00:00,92348.78,92461.03,92076.66,92078.06,188.68097
2025-12-05 00:00:00,92078.06,92474.0,92058.82,92299.08,300.89002
2025-12-05 01:00:00,92299.09,92600.0,92227.44,92358.03,512.17408
2025-12-05 02:00:00,92358.03,92692.36,92252.66,92518.4,403.18655
2025-12-05 03:00:00,92518.4,92665.56,91959.92,92142.75,535.04122
2025-12-05 04:00:00,92142.75,92386.31,91813.37,92028.14,507.97714
2025-12-05 05:00:00,92028.15,92204.69,91880.13,91932.85,239.31127
2025-12-05 06:00:00,91932.85,92286.77,91905.83,92275.26,277.29503
2025-12-05 07:00:00,92275.27,92497.51,92203.34,92258.65,362.60812
2025-12-05 08:00:00,92258.64,92258.65,91892.86,92112.04,447.11606
2025-12-05 09:00:00,92112.04,92112.04,90956.25,91128.56,1077.36085
2025-12-05 10:00:00,91128.55,91488.0,91083.87,91272.85,493.57021
2025-12-05 11:00:00,91272.85,91563.7,91128.4,91351.43,413.65104
2025-12-05 12:00:00,91351.44,91432.69,91081.57,91242.4,357.37789
2025-12-05 13:00:00,91242.4,91352.56,90215.51,90465.14,1524.52886
2025-12-05 14:00:00,90465.14,90744.24,89874.7,90287.67,1551.1367
2025-12-05 15:00:00,90287.67,91478.67,90258.24,90459.35,1911.11908
2025-12-05 16:00:00,90459.34,90498.59,88056.0,88810.89,3451.73023
2025-12-05 17:00:00,88810.88,89540.71,88607.25,89336.13,1157.12551
2025-12-05 18:00:00,89335.53,89795.59,88908.53,88936.04,857.04766
2025-12-05 19:00:00,88936.04,89800.0,88814.88,89629.26,1041.63454
2025-12-05 20:00:00,89629.27,89745.37,89181.91,89301.75,1024.68482
2025-12-05 21:00:00,89301.75,89484.0,89075.91,89177.68,695.18131
2025-12-05 22:00:00,89177.68,89376.03,88901.6,89232.47,401.94285
2025-12-05 23:00:00,89232.48,89383.46,88940.2,89330.04,249.28114
2025-12-06 00:00:00,89330.04,89466.34,89030.67,89422.25,286.14614
2025-12-06 01:00:00,89422.25,89500.0,89205.03,89333.83,226.8064
2025-12-06 02:00:00,89333.84,89404.0,89175.0,89390.9,233.2494
2025-12-06 03:00:00,89390.9,89806.43,89390.9,89688.35,784.83107
2025-12-06 04:00:00,89688.35,89721.76,89521.12,89659.01,185.11807
2025-12-06 05:00:00,89659.0,89740.0,89524.03,89604.98,147.31042
2025-12-06 06:00:00,89604.97,89764.19,89527.26,89688.65,140.21424
2025-12-06 07:00:00,89688.65,89720.0,89459.19,89597.13,296.88077
2025-12-06 08:00:00,89597.14,89647.12,89217.59,89277.14,423.86292
2025-12-06 09:00:00,89277.14,89669.13,89264.74,89574.12,336.18462
2025-12-06 10:00:00,89574.12,89687.86,89462.0,89506.0,175.95561
2025-12-06 11:00:00,89506.01,89750.01,89500.0,89631.28,568.70187
2025-12-06 12:00:00,89631.29,89648.96,89566.0,89581.19,256.02717
2025-12-06 13:00:00,89581.19,89788.56,89581.19,89673.73,252.86068
2025-12-06 14:00:00,89673.73,90289.97,89659.0,90004.76,1068.00125
2025-12-06 15:00:00,90004.76,90042.54,89490.98,89758.77,475.19156
2025-12-06 16:00:00,89758.77,89981.2,89680.34,89707.8,304.47551
2025-12-06 17:00:00,89707.8,89846.98,89615.38,89712.85,310.78613
2025-12-06 18:00:00,89712.85,89787.99,89529.9,89646.71,180.17034
2025-12-06 19:00:00,89646.7,89744.62,89077.6,89405.64,688.16416
2025-12-06 20:00:00,89405.65,89553.82,89311.99,89548.88,135.59159
2025-12-06 21:00:00,89548.88,89615.34,89390.01,89420.28,217.83026
2025-12-06 22:00:00,89420.29,89523.37,89257.48,89285.94,165.36534
2025-12-06 23:00:00,89285.93,89329.38,88908.01,89236.79,549.77464
2025-12-07 00:00:00,89236.8,89553.82,89176.52,89392.39,248.83948
2025-12-07 01:00:00,89392.39,89588.23,89300.0,89300.0,132.2057
2025-12-07 02:00:00,89300.0,89695.65,89300.0,89621.96,175.80697
2025-12-07 03:00:00,89621.95,89749.59,89553.81,89722.37,155.63502
2025-12-07 04:00:00,89722.37,89799.96,89487.41,89535.95,280.51949
2025-12-07 05:00:00,89535.94,89564.55,89427.0,89515.01,130.12741
2025-12-07 06:00:00,89515.01,89710.0,89488.28,89709.99,107.62861
2025-12-07 07:00:00,89710.0,89733.33,89200.0,89379.72,220.78651
2025-12-07 08:00:00,89379.73,89538.7,89190.97,89316.61,173.05781
2025-12-07 09:00:00,89316.61,89395.65,89050.01,89104.23,229.27162
2025-12-07 10:00:00,89104.23,89388.0,89103.97,89240.18,200.63018
2025-12-07 11:00:00,89240.18,89277.59,89141.87,89149.18,183.64055
2025-12-07 12:00:00,89149.18,89585.12,89111.4,89475.9,246.12366
2025-12-07 13:00:00,89475.9,89519.1,88652.0,89053.74,519.89031
2025-12-07 14:00:00,89053.74,89106.0,87719.28,88220.53,1908.61044
2025-12-07 15:00:00,88220.53,89707.54,88169.08,89554.52,1242.29675
2025-12-07 16:00:00,89554.52,89908.17,89115.85,89893.38,675.40594
2025-12-07 17:00:00,89893.39,91271.77,89624.0,90945.17,1918.39408
2025-12-07 18:00:00,90945.18,91760.0,90945.17,91363.78,996.37071
2025-12-07 19:00:00,91363.79,91545.95,91213.37,91425.52,248.14
2025-12-07 20:00:00,91425.51,91510.4,91308.82,91439.04,186.94503
2025-12-07 21:00:00,91439.05,91439.05,89871.0,90231.32,807.41124
2025-12-07 22:00:00,90231.31,90241.8,88995.33,89597.03,1508.70162
2025-12-07 23:00:00,89597.03,90471.66,89522.08,90395.31,524.67272
2025-12-08 00:00:00,90395.32,90627.11,89860.0,90346.7,491.62319
2025-12-08 01:00:00,90346.7,91700.0,90301.86,90910.7,968.78312
2025-12-08 02:00:00,90910.7,91436.94,90811.25,91364.18,597.40749
2025-12-08 03:00:00,91364.18,91420.0,90988.91,91068.29,395.79035
2025-12-08 04:00:00,91068.3,91470.58,91023.06,91291.33,255.62144
2025-12-08 05:00:00,91291.33,91444.0,91037.43,91334.03,299.94508
2025-12-08 06:00:00,91334.04,91649.87,91241.27,91464.54,485.82587
2025-12-08 07:00:00,91464.54,91868.76,91360.0,91565.46,551.09583
2025-12-08 08:00:00,91565.46,91938.67,91486.46,91833.9,393.73282
2025-12-08 09:00:00,91833.89,92287.15,91792.38,91912.02,790.37467
2025-12-08 10:00:00,91912.02,92222.0,91808.09,92133.4,425.18961
2025-12-08 11:00:00,92133.39,92188.31,91851.08,91968.29,343.75755
2025-12-08 12:00:00,91968.29,91992.3,91653.94,91768.96,573.34646
2025-12-08 13:00:00,91768.97,92122.08,91301.45,91467.82,804.38449
2025-12-08 14:00:00,91467.83,91777.0,90790.0,90852.56,1807.88526
2025-12-08 15:00:00,90852.57,90998.95,89612.0,89961.37,2037.53824
2025-12-08 16:00:00,89961.36,90499.99,89679.79,89978.48,1042.18438
2025-12-08 17:00:00,89978.47,90339.36,89694.24,90257.98,645.64705
2025-12-08 18:00:00,90257.98,90527.3,89724.72,89921.68,559.47994
2025-12-08 19:00:00,89921.68,90366.39,89860.07,90124.48,342.53116
2025-12-08 20:00:00,90124.49,90917.23,90124.49,90799.92,565.06678
2025-12-08 21:00:00,90799.92,91374.0,90675.0,91316.01,579.83297
2025-12-08 22:00:00,91316.0,91373.69,90726.4,90833.86,391.90576
2025-12-08 23:00:00,90833.85,91026.52,90490.76,90634.34,444.68936
2025-12-09 00:00:00,90634.35,90846.26,90355.0,90396.73,288.37623
2025-12-09 01:00:00,90396.72,90569.98,89966.0,90055.8,537.66391
2025-12-09 02:00:00,90055.8,90368.0,89979.21,90068.2,312.17
2025-12-09 03:00:00,90068.21,90442.77,89795.84,90405.01,1217.20174
2025-12-09 04:00:00,90405.02,90500.0,89737.47,89917.53,488.51951
2025-12-09 05:00:00,89917.52,90209.96,89500.0,89899.35,650.65388
2025-12-09 06:00:00,89899.35,90232.76,89775.67,90166.84,321.30432
2025-12-09 07:00:00,90166.85,90528.67,90091.56,90496.8,407.14103
2025-12-09 08:00:00,90496.8,90600.0,90366.35,90498.72,400.27808
2025-12-09 09:00:00,90498.72,90498.72,90129.21,90131.59,285.35023
2025-12-09 10:00:00,90131.6,90345.39,89912.48,90298.45,489.74956
2025-12-09 11:00:00,90298.44,90396.01,90140.02,90384.55,387.10655
2025-12-09 12:00:00,90384.54,90690.35,90331.0,90580.0,401.62507
2025-12-09 13:00:00,90580.01,90850.0,90174.66,90431.03,643.67225
2025-12-09 14:00:00,90431.02,90644.02,90004.73,90357.59,710.07225
2025-12-09 15:00:00,90357.6,92876.92,90288.1,92707.51,3162.30439
2025-12-09 16:00:00,92707.5,94488.64,92693.5,94187.81,4040.1561
2025-12-09 17:00:00,94187.81,94588.99,93538.93,93917.99,1823.80002
2025-12-09 18:00:00,93918.0,94178.31,93661.45,93920.48,704.49653
2025-12-09 19:00:00,93920.48,94225.0,93651.68,93800.83,735.99959
2025-12-09 20:00:00,93800.83,93857.47,92767.71,93116.76,1097.12749
2025-12-09 21:00:00,93116.76,93243.12,92254.92,92640.0,879.12299
2025-12-09 22:00:00,92640.01,93045.89,92506.67,92884.0,731.02631
2025-12-09 23:00:00,92884.0,92977.98,92550.0,92678.8,525.51211
2025-12-10 00:00:00,92678.81,92786.35,92061.0,92130.81,598.49502
2025-12-10 01:00:00,92130.82,92400.0,91976.0,92316.36,529.89686
2025-12-10 02:00:00,92316.35,92570.54,92027.89,92495.68,611.21334
2025-12-10 03:00:00,92495.89,92553.23,92348.66,92410.62,257.39408
2025-12-10 04:00:00,92410.62,92659.99,92386.83,92552.62,310.96334
2025-12-10 05:00:00,92552.63,92725.0,92517.53,92556.28,373.62942
2025-12-10 06:00:00,92556.28,92757.58,92396.24,92700.0,314.97149
2025-12-10 07:00:00,92700.01,92782.92,92500.0,92782.91,364.28563
2025-12-10 08:00:00,92782.91,92790.0,92549.81,92605.0,321.85602
2025-12-10 09:00:00,92604.99,92972.07,92439.4,92920.01,472.03746
2025-12-10 10:00:00,92920.0,93291.5,92135.09,92272.66,859.47741
2025-12-10 11:00:00,92272.66,92438.98,91763.69,92120.45,969.68906
2025-12-10 12:00:00,92120.45,92216.55,91815.35,91987.22,467.90168
2025-12-10 13:00:00,91987.22,92226.0,91939.42,92093.66,432.08812
2025-12-10 14:00:00,92093.65,92112.57,91600.81,91831.24,883.60779
2025-12-10 15:00:00,91831.24,92149.06,91563.15,92063.69,739.55204
2025-12-10 16:00:00,92063.69,92595.11,91899.1,92174.11,785.95701
2025-12-10 17:00:00,92174.11,92515.82,92102.44,92396.23,598.06235
2025-12-10 18:00:00,92396.23,93056.0,92000.0,92503.48,870.70118
2025-12-10 19:00:00,92503.49,93243.59,91684.39,92957.67,3165.76426
2025-12-10 20:00:00,92957.67,94476.0,92259.25,92453.89,3153.97141
2025-12-10 21:00:00,92453.89,92777.34,91878.0,92356.38,1001.00392
2025-12-10 22:00:00,92356.39,92695.31,91954.54,92509.94,585.06287
2025-12-10 23:00:00,92509.94,92593.96,91942.56,92015.37,331.09907
2025-12-11 00:00:00,92015.38,92080.32,91051.0,91386.17,916.87916
2025-12-11 01:00:00,91386.17,91407.04,90658.24,90674.74,818.48242
2025-12-11 02:00:00,90674.75,90674.75,89876.81,90074.0,1250.21688
2025-12-11 03:00:00,90073.99,90074.01,89389.63,89880.01,1095.56844
2025-12-11 04:00:00,89880.0,90480.14,89694.81,90436.55,943.40562
2025-12-11 05:00:00,90436.55,90436.56,90048.2,90316.72,404.63689
2025-12-11 06:00:00,90316.72,90450.97,89975.89,90301.35,525.01502
2025-12-11 07:00:00,90301.35,90333.49,90088.0,90272.75,372.27346
2025-12-11 08:00:00,90272.76,90272.76,89971.11,90183.71,511.95493
2025-12-11 09:00:00,90183.71,90504.19,90123.01,90234.19,439.70575
2025-12-11 10:00:00,90234.19,90352.59,90172.61,90320.15,273.3976
2025-12-11 11:00:00,90320.15,90417.3,90210.44,90242.35,278.9006
2025-12-11 12:00:00,90242.36,90377.63,90006.01,90032.31,428.00948
2025-12-11 13:00:00,90032.31,90169.26,89870.0,90103.53,567.79082
2025-12-11 14:00:00,90103.53,90482.01,89260.63,89545.24,1363.14038
2025-12-11 15:00:00,89545.23,90653.33,89406.79,89872.51,1182.11834
2025-12-11 16:00:00,89872.51,90178.04,89333.0,89737.11,842.22519
2025-12-11 17:00:00,89737.11,90260.0,89627.74,89983.23,670.94481
2025-12-11 18:00:00,89983.23,91197.7,89891.87,90710.5,1286.99073
2025-12-11 19:00:00,90710.5,91538.26,90592.14,90839.81,843.83016
2025-12-11 20:00:00,90839.81,91831.2,90797.76,91792.99,787.89331
2025-12-11 21:00:00,91792.98,93555.0,91706.06,92858.39,2439.34782
2025-12-11 22:00:00,92858.4,93195.84,92068.9,92352.0,976.14915
2025-12-11 23:00:00,92352.0,92800.0,92337.91,92513.38,753.71062
2025-12-12 00:00:00,92513.38,92651.93,91448.31,91573.88,787.76417
2025-12-12 01:00:00,91573.88,92314.69,91532.16,92170.0,490.58557
2025-12-12 02:00:00,92170.0,92748.98,91927.27,92588.79,586.94037
2025-12-12 03:00:00,92588.79,92754.0,92178.37,92283.4,299.42318
2025-12-12 04:00:00,92283.4,92462.02,92114.99,92396.69,511.34339
2025-12-12 05:00:00,92396.69,92500.0,92078.91,92444.42,312.09266
2025-12-12 06:00:00,92444.41,92720.0,92400.0,92513.34,346.60354
2025-12-12 07:00:00,92513.34,92565.83,92257.8,92425.34,324.16244
2025-12-12 08:00:00,92425.33,92487.25,92044.8,92342.39,626.20872
2025-12-12 09:00:00,92342.38,92553.33,92094.0,92520.56,361.00119
2025-12-12 10:00:00,92520.56,92650.01,92408.33,92492.32,429.06609
2025-12-12 11:00:00,92492.32,92492.33,92275.86,92418.19,207.72939
2025-12-12 12:00:00,92418.19,92420.0,92070.55,92419.99,537.64944
2025-12-12 13:00:00,92420.0,92531.38,92240.14,92302.79,478.10614
2025-12-12 14:00:00,92302.79,92660.74,91903.34,92444.0,1038.4462
2025-12-12 15:00:00,92444.0,92445.94,89780.0,89935.14,3505.93103
2025-12-12 16:00:00,89935.13,90441.17,89480.0,90046.54,2093.36319
2025-12-12 17:00:00,90046.53,90623.72,89826.75,90083.09,1168.98586
2025-12-12 18:00:00,90083.09,90666.0,90044.93,90372.0,894.36594
2025-12-12 19:00:00,90372.0,90399.99,90017.05,90198.22,502.61326
2025-12-12 20:00:00,90198.23,90334.77,89898.61,90214.08,503.97114
2025-12-12 21:00:00,90214.08,90345.94,90100.0,90193.94,320.8382
2025-12-12 22:00:00,90193.94,90395.53,90184.92,90335.92,184.26184
2025-12-12 23:00:00,90335.93,90404.13,90233.16,90268.42,167.73874
2025-12-13 00:00:00,90268.43,90444.28,90207.2,90323.01,184.8182
2025-12-13 01:00:00,90323.01,90359.32,90120.0,90229.91,171.54055
2025-12-13 02:00:00,90229.92,90318.0,90221.98,90232.77,158.12998
2025-12-13 03:00:00,90232.77,90469.71,90205.52,90345.54,134.27456
2025-12-13 04:00:00,90345.55,90410.5,90268.91,90371.81,120.09938
2025-12-13 05:00:00,90371.81,90387.51,90269.0,90342.91,103.66062
2025-12-13 06:00:00,90342.92,90380.0,90270.65,90351.45,106.97274
2025-12-13 07:00:00,90351.45,90400.0,90318.56,90329.97,120.80251
2025-12-13 08:00:00,90329.98,90575.28,90318.67,90458.19,326.23501
2025-12-13 09:00:00,90458.2,90513.53,90387.99,90422.57,164.09529
2025-12-13 10:00:00,90422.57,90634.55,90418.49,90595.13,395.80418
2025-12-13 11:00:00,90595.14,90612.32,90290.0,90330.36,639.73871
2025-12-13 12:00:00,90330.36,90470.3,90276.13,90341.05,491.58704
2025-12-13 13:00:00,90341.05,90450.0,90194.34,90245.87,344.68696
2025-12-13 14:00:00,90245.88,90331.74,89932.99,90079.7,600.45706
2025-12-13 15:00:00,90079.71,90289.6,90031.38,90092.16,470.25787
2025-12-13 16:00:00,90092.17,90268.13,90025.65,90087.28,226.25798
2025-12-13 17:00:00,90087.28,90102.08,89981.0,90052.61,193.07435
2025-12-13 18:00:00,90052.61,90184.34,90047.4,90119.89,145.63725
2025-12-13 19:00:00,90119.9,90224.8,90109.62,90178.16,110.2678
2025-12-13 20:00:00,90178.17,90209.56,90037.57,90088.31,107.22878
2025-12-13 21:00:00,90088.31,90184.59,89766.39,90175.97,284.30101
2025-12-13 22:00:00,90175.97,90250.0,89997.14,90140.1,154.46161
2025-12-13 23:00:00,90140.1,90280.76,90051.02,90240.01,141.31844
2025-12-14 00:00:00,90240.0,90472.4,90117.05,90340.0,291.19891
2025-12-14 01:00:00,90340.0,90442.0,90208.0,90293.29,137.11035
2025-12-14 02:00:00,90293.29,90384.0,90240.01,90290.17,156.14118
2025-12-14 03:00:00,90290.18,90303.08,90245.6,90258.98,126.49087
2025-12-14 04:00:00,90258.99,90329.24,90127.99,90201.5,114.76912
2025-12-14 05:00:00,90201.5,90228.66,90050.74,90199.06,171.7819
2025-12-14 06:00:00,90199.06,90245.34,90092.86,90145.26,269.9029
2025-12-14 07:00:00,90145.27,90279.42,90072.97,90245.6,133.38192
2025-12-14 08:00:00,90245.6,90280.01,90108.27,90108.28,116.0796
2025-12-14 09:00:00,90108.28,90151.02,90001.1,90020.06,187.97686
2025-12-14 10:00:00,90020.07,90136.22,89785.0,89853.69,322.19368
2025-12-14 11:00:00,89853.69,89853.7,88687.27,89360.0,1409.87783
2025-12-14 12:00:00,89360.01,89666.0,89101.0,89431.65,410.39848
2025-12-14 13:00:00,89431.66,89500.0,89088.0,89489.5,410.01233
2025-12-14 14:00:00,89489.51,89556.83,88884.26,89118.04,568.79065
2025-12-14 15:00:00,89118.04,89176.69,88882.66,89022.91,340.50491
2025-12-14 16:00:00,89022.92,89398.71,88531.34,88836.98,723.59164
2025-12-14 17:00:00,88836.99,89032.39,88606.73,88810.67,407.9248
2025-12-14 18:00:00,88810.67,89073.18,88722.19,88997.28,248.72689
2025-12-14 19:00:00,88997.27,88997.28,88497.02,88644.88,304.96489
2025-12-14 20:00:00,88644.88,88827.71,88356.9,88558.97,585.18797
2025-12-14 21:00:00,88558.97,88714.66,88345.94,88443.85,309.77088
2025-12-14 22:00:00,88443.85,88605.06,88017.0,88415.29,614.71972
2025-12-14 23:00:00,88415.29,88609.22,87577.36,88172.17,1055.44176
2025-12-15 00:00:00,88172.16,88692.3,88074.37,88465.9,626.14158
2025-12-15 01:00:00,88465.9,89338.01,88428.07,89242.32,767.16149
2025-12-15 02:00:00,89242.33,90052.64,89235.72,89321.85,985.6588
2025-12-15 03:00:00,89321.85,89543.88,89225.91,89282.6,320.69878
2025-12-15 04:00:00,89282.6,89786.89,89272.88,89667.64,408.51835
2025-12-15 05:00:00,89667.64,89749.47,89492.0,89615.24,221.82498
2025-12-15 06:00:00,89615.25,89918.48,89476.98,89735.88,262.41654
2025-12-15 07:00:00,89735.89,89824.47,89516.0,89753.42,424.17802
2025-12-15 08:00:00,89753.43,89900.0,89655.52,89770.01,250.02319
2025-12-15 09:00:00,89770.0,89986.68,89770.0,89865.12,310.4569
2025-12-15 10:00:00,89865.13,89981.64,89717.34,89858.95,470.70514
2025-12-15 11:00:00,89858.96,89900.0,89572.05,89641.28,493.20463
2025-12-15 12:00:00,89641.28,89762.56,89431.52,89695.75,392.24774
2025-12-15 13:00:00,89695.76,89736.9,89274.44,89432.0,415.38225
2025-12-15 14:00:00,89432.01,89876.42,87840.0,88050.01,1787.73645
2025-12-15 15:00:00,88050.0,88184.28,86621.91,87033.22,3292.66278
2025-12-15 16:00:00,87033.21,87220.0,86062.67,86400.01,1613.2235
2025-12-15 17:00:00,86400.0,86496.89,85599.99,85762.87,1557.3817
2025-12-15 18:00:00,85762.86,86272.23,85146.64,86185.39,1482.06005
2025-12-15 19:00:00,86185.4,86560.4,85880.0,86149.96,1136.56389
2025-12-15 20:00:00,86149.96,86199.63,85610.88,85787.04,692.94245
2025-12-15 21:00:00,85787.04,86307.36,85530.01,86243.78,691.57648
2025-12-15 22:00:00,86243.77,86259.32,85827.98,86259.31,440.84932
2025-12-15 23:00:00,86259.32,86472.7,86103.67,86432.08,735.07689
2025-12-16 00:00:00,86432.08,86535.22,85836.6,85865.48,556.05003
2025-12-16 01:00:00,85865.49,86169.62,85651.92,85891.02,527.35929
2025-12-16 02:00:00,85891.02,86227.99,85800.0,85944.01,492.40216
2025-12-16 03:00:00,85944.01,86019.76,85386.0,85875.92,697.04602
2025-12-16 04:00:00,85875.91,85925.77,85266.0,85838.51,611.35109
2025-12-16 05:00:00,85838.5,86200.0,85812.61,86028.11,355.99172
2025-12-16 06:00:00,86028.12,86611.69,86028.12,86508.0,522.6826
2025-12-16 07:00:00,86508.01,86615.38,85850.0,86021.51,943.04227
2025-12-16 08:00:00,86021.51,86380.0,85930.97,86281.18,426.54563
2025-12-16 09:00:00,86281.17,86426.07,86201.1,86350.0,366.58293
2025-12-16 10:00:00,86350.0,87327.7,86275.06,86980.01,956.84103
2025-12-16 11:00:00,86980.01,87330.0,86820.0,87261.45,667.2763
2025-12-16 12:00:00,87261.46,87480.0,87077.41,87212.98,861.57452
2025-12-16 13:00:00,87212.98,87786.88,86410.01,86443.02,2144.73917
2025-12-16 14:00:00,86443.02,87763.92,86107.43,87297.99,1799.42456
2025-12-16 15:00:00,87298.0,88175.98,86839.35,87977.43,1924.39377
2025-12-16 16:00:00,87977.44,88050.17,87333.08,87588.26,1300.81662
2025-12-16 17:00:00,87588.26,87844.01,87093.79,87131.99,779.27901
2025-12-16 18:00:00,87132.0,88019.88,87061.23,87781.35,863.99314
2025-12-16 19:00:00,87781.35,87800.0,87294.11,87585.77,553.66943
2025-12-16 20:00:00,87585.76,87836.47,87343.75,87573.23,378.71665
2025-12-16 21:00:00,87573.22,87906.29,87496.05,87768.59,268.86536
2025-12-16 22:00:00,87768.6,87931.48,87636.37,87783.34,255.6448
2025-12-16 23:00:00,87783.35,87874.66,87602.34,87863.42,201.76207
2025-12-17 00:00:00,87863.43,87863.43,87426.06,87537.21,344.84512
2025-12-17 01:00:00,87537.22,87950.0,87489.12,87552.3,293.20917
2025-12-17 02:00:00,87552.3,87587.14,87188.37,87483.04,275.84035
2025-12-17 03:00:00,87483.04,87615.27,87150.01,87213.59,265.7567
2025-12-17 04:00:00,87213.6,87398.54,86721.86,86752.26,378.79516
2025-12-17 05:00:00,86752.27,86756.74,86209.11,86626.39,634.29318
2025-12-17 06:00:00,86626.4,87005.27,86587.82,86777.98,454.66393
2025-12-17 07:00:00,86777.98,87169.37,86593.55,87045.59,627.05868
2025-12-17 08:00:00,87045.59,87045.59,86326.8,86395.66,456.87442
2025-12-17 09:00:00,86395.67,86615.38,86262.85,86417.46,334.04163
2025-12-17 10:00:00,86417.45,86837.63,86238.91,86624.49,386.26358
2025-12-17 11:00:00,86624.5,87137.42,86565.23,86983.26,504.05307
2025-12-17 12:00:00,86983.26,87215.97,86828.0,87029.55,620.91109
2025-12-17 13:00:00,87029.56,87860.0,86817.27,87631.37,984.05009
2025-12-17 14:00:00,87631.37,89685.17,87161.39,89675.85,2426.7071
2025-12-17 15:00:00,89675.85,90365.85,87136.97,87233.44,4100.60903
2025-12-17 16:00:00,87233.44,87769.23,86166.66,86986.51,2213.28706
2025-12-17 17:00:00,86986.5,87103.44,86265.15,86427.12,812.7277
2025-12-17 18:00:00,86427.12,86850.64,85662.46,85829.22,910.41728
2025-12-17 19:00:00,85829.25,86195.38,85314.0,86018.53,1109.18442
2025-12-17 20:00:00,86018.53,86252.16,85644.09,85891.18,709.05939
2025-12-17 21:00:00,85890.36,86049.17,85700.0,85982.88,262.46393
2025-12-17 22:00:00,85982.88,86431.14,85888.2,86339.09,477.50595
2025-12-17 23:00:00,86339.1,86340.6,85950.0,86243.22,251.49926
2025-12-18 00:00:00,86243.23,86313.71,86056.56,86230.74,267.87743
2025-12-18 01:00:00,86230.74,86242.15,85863.93,86119.21,322.24363
2025-12-18 02:00:00,86119.27,86863.75,86011.2,86699.64,501.47272
2025-12-18 03:00:00,86699.64,86699.64,86270.59,86618.34,624.40718
2025-12-18 04:00:00,86618.35,86901.4,86607.34,86765.43,404.8311
2025-12-18 05:00:00,86765.44,86768.78,86384.61,86440.9,380.26204
2025-12-18 06:00:00,86440.9,86660.61,86411.62,86645.93,241.79517
2025-12-18 07:00:00,86645.93,86863.75,86593.07,86833.84,524.31368
2025-12-18 08:00:00,86833.83,87126.22,86685.14,86978.98,699.0764
2025-12-18 09:00:00,86978.98,87392.43,86803.06,87280.95,575.12681
2025-12-18 10:00:00,87280.95,87453.63,87213.27,87341.95,387.02725
2025-12-18 11:00:00,87342.0,87356.81,87067.26,87300.74,233.58665
2025-12-18 12:00:00,87300.5,87428.0,87109.76,87259.99,364.92164
2025-12-18 13:00:00,87259.99,89203.23,87259.99,88851.7,2595.36979
2025-12-18 14:00:00,88851.7,89477.61,87727.25,88345.2,2494.91228
2025-12-18 15:00:00,88345.19,89362.79,87966.24,88513.44,1859.88413
2025-12-18 16:00:00,88513.43,88533.61,87852.0,88014.0,962.80719
2025-12-18 17:00:00,88014.0,88022.63,85481.22,86483.56,2784.29449
2025-12-18 18:00:00,86483.56,86889.04,85720.0,85970.0,1482.84371
2025-12-18 19:00:00,85970.0,86010.0,84481.31,84483.79,4102.16356
2025-12-18 20:00:00,84483.8,85268.41,84450.01,84582.65,1888.57496
2025-12-18 21:00:00,84582.64,85835.9,84559.21,85630.95,999.89541
2025-12-18 22:00:00,85630.96,85750.85,85288.01,85582.88,409.43501
2025-12-18 23:00:00,85582.89,85619.99,85322.07,85516.41,298.2954
2025-12-19 00:00:00,85516.41,85604.88,85295.2,85604.88,318.70597
2025-12-19 01:00:00,85604.88,85604.88,85110.24,85320.43,357.58384
2025-12-19 02:00:00,85320.42,85929.06,85135.39,85643.44,554.49887
2025-12-19 03:00:00,85643.44,87568.99,85610.47,86891.39,2080.88033
2025-12-19 04:00:00,86891.39,87380.0,86846.15,87103.34,691.06624
2025-12-19 05:00:00,87103.34,87223.98,86647.51,87139.95,797.75888
2025-12-19 06:00:00,87139.95,87484.0,86907.8,87483.41,424.48329
2025-12-19 07:00:00,87483.41,88449.06,87473.53,87953.4,1800.28697
2025-12-19 08:00:00,87953.39,88222.0,87742.6,88102.78,559.50769
2025-12-19 09:00:00,88102.78,88165.27,87898.36,88105.03,362.43771
2025-12-19 10:00:00,88105.03,88341.29,87921.41,88267.09,527.07869
2025-12-19 11:00:00,88267.09,88385.06,88138.51,88198.7,348.79773
2025-12-19 12:00:00,88198.7,88280.06,87846.03,87855.92,788.49881
2025-12-19 13:00:00,87855.92,88220.41,87825.19,87997.14,815.3906
2025-12-19 14:00:00,87997.13,88552.17,87514.59,88180.01,1848.73686
2025-12-19 15:00:00,88180.0,89399.97,87692.77,87951.87,2536.09207
2025-12-19 16:00:00,87951.86,88882.55,87872.91,87983.25,1009.42568
2025-12-19 17:00:00,87983.24,88346.96,86873.14,86943.25,1787.60684
2025-12-19 18:00:00,86943.26,87466.09,86846.16,87155.44,656.70102
2025-12-19 19:00:00,87155.43,88125.67,87134.6,87845.92,1130.87692
2025-12-19 20:00:00,87845.92,88416.0,87614.79,88099.6,970.95933
2025-12-19 21:00:00,88099.59,88099.6,87800.0,87839.4,343.56863
2025-12-19 22:00:00,87839.39,88426.85,87839.39,88344.78,328.59939
2025-12-19 23:00:00,88344.77,88360.0,88133.85,88136.94,217.10768
2025-12-20 00:00:00,88136.95,88188.0,87961.6,88005.63,238.63486
2025-12-20 01:00:00,88005.63,88165.27,88005.62,88075.89,236.74301
2025-12-20 02:00:00,88075.89,88311.87,87988.67,88204.04,365.01084
2025-12-20 03:00:00,88204.03,88339.27,88176.45,88214.98,144.05844
2025-12-20 04:00:00,88214.98,88338.31,88123.07,88295.37,198.26731
2025-12-20 05:00:00,88295.38,88573.07,88275.19,88295.31,306.24924
2025-12-20 06:00:00,88295.31,88444.54,88275.92,88305.81,99.47233
2025-12-20 07:00:00,88305.81,88328.84,88189.67,88275.41,193.88304
2025-12-20 08:00:00,88275.41,88428.0,88257.21,88257.21,190.13912
2025-12-20 09:00:00,88257.21,88339.05,88220.61,88224.0,171.15417
2025-12-20 10:00:00,88224.0,88288.21,88129.27,88163.99,255.88825
2025-12-20 11:00:00,88163.99,88313.2,88107.35,88277.66,204.54149
2025-12-20 12:00:00,88277.66,88335.0,88195.51,88256.08,140.78522
2025-12-20 13:00:00,88256.07,88343.73,87795.76,88270.39,491.51954
2025-12-20 14:00:00,88270.39,88287.84,88012.0,88260.88,329.36375
2025-12-20 15:00:00,88260.89,88267.1,88025.96,88178.71,354.00686
2025-12-20 16:00:00,88178.72,88242.55,88133.65,88149.72,141.45563
2025-12-20 17:00:00,88149.72,88258.22,88103.54,88181.8,145.0622
2025-12-20 18:00:00,88181.8,88418.73,88151.97,88313.21,203.88068
2025-12-20 19:00:00,88313.22,88329.03,88201.14,88232.92,83.7064
2025-12-20 20:00:00,88232.92,88312.72,88211.17,88271.6,128.50977
2025-12-20 21:00:00,88271.6,88443.44,88184.96,88208.73,169.66114
2025-12-20 22:00:00,88208.74,88339.99,88154.06,88279.35,182.0376
2025-12-20 23:00:00,88279.34,88423.31,88252.78,88360.9,149.10105
2025-12-21 00:00:00,88360.91,88433.64,88306.0,88387.92,134.46825
2025-12-21 01:00:00,88387.93,88387.93,88011.83,88011.83,279.93502
2025-12-21 02:00:00,88011.84,88149.99,87869.35,87943.76,392.18461
2025-12-21 03:00:00,87943.76,88150.0,87934.48,88070.64,184.82899
2025-12-21 04:00:00,88070.64,88149.13,88050.0,88065.83,180.33962
2025-12-21 05:00:00,88065.83,88150.01,88054.05,88138.95,67.73322
2025-12-21 06:00:00,88138.95,88201.59,88068.36,88090.72,107.2407
2025-12-21 07:00:00,88090.73,88174.79,88054.61,88174.79,100.25965
2025-12-21 08:00:00,88174.79,88767.2,88141.87,88537.87,426.66802
2025-12-21 09:00:00,88537.88,89081.77,88500.3,88892.82,535.95501
2025-12-21 10:00:00,88892.82,88979.94,88580.52,88669.78,321.68195
2025-12-21 11:00:00,88669.78,88750.0,88588.11,88601.57,155.51107
2025-12-21 12:00:00,88601.57,88920.01,88463.78,88638.01,273.81982
2025-12-21 13:00:00,88638.01,88694.32,87600.04,87670.1,1029.34323
2025-12-21 14:00:00,87670.1,88148.34,87615.07,88065.18,535.83684
2025-12-21 15:00:00,88065.19,88272.34,87813.0,88067.95,367.50892
2025-12-21 16:00:00,88067.96,88369.0,87985.11,88359.18,434.1318
2025-12-21 17:00:00,88359.18,88494.97,88280.67,88324.14,292.57922
2025-12-21 18:00:00,88324.14,88451.84,87950.0,88445.09,223.91956
2025-12-21 19:00:00,88445.08,88600.0,88201.58,88484.01,289.83713
2025-12-21 20:00:00,88484.01,88500.0,88230.76,88230.96,127.7821
2025-12-21 21:00:00,88230.97,88368.83,88091.96,88162.86,151.57667
2025-12-21 22:00:00,88162.86,88494.99,88120.99,88483.63,176.80431
2025-12-21 23:00:00,88483.64,88823.52,88374.74,88658.86,342.92687
2025-12-22 00:00:00,88658.87,89627.24,88613.87,88622.4,1109.80548
2025-12-22 01:00:00,88622.4,89279.31,88516.0,88626.31,593.85875
2025-12-22 02:00:00,88626.31,88658.22,87900.0,88458.27,639.02818
2025-12-22 03:00:00,88458.27,88850.0,88283.4,88774.12,277.28751
2025-12-22 04:00:00,88774.13,89034.44,88712.11,88904.99,316.78715
2025-12-22 05:00:00,88905.0,89000.0,88762.43,88831.34,260.18369
2025-12-22 06:00:00,88831.34,89008.0,88730.07,88909.26,222.6097
2025-12-22 07:00:00,88909.26,89200.0,88891.63,89170.1,491.12288
2025-12-22 08:00:00,89170.1,89908.71,89093.44,89334.2,921.73946
2025-12-22 09:00:00,89334.21,89836.89,89301.0,89829.6,441.59532
2025-12-22 10:00:00,89829.6,89868.0,89615.38,89778.94,435.91534
2025-12-22 11:00:00,89778.95,90118.0,89656.38,89945.43,823.65187
2025-12-22 12:00:00,89945.43,90588.23,89866.0,90208.48,1081.30015
2025-12-22 13:00:00,90208.49,90319.98,89731.72,89912.37,614.87382
2025-12-22 14:00:00,89912.38,90293.28,89440.5,90126.43,1047.85448
2025-12-22 15:00:00,90126.44,90454.74,89196.42,89726.92,1198.6937
2025-12-22 16:00:00,89726.93,90127.0,89523.22,89550.0,654.12884
2025-12-22 17:00:00,89550.01,89579.81,89092.09,89308.92,588.68917
2025-12-22 18:00:00,89308.91,89523.23,89140.0,89150.04,385.95267
2025-12-22 19:00:00,89150.04,89150.04,87965.76,88052.43,980.77862
2025-12-22 20:00:00,88052.42,88486.12,87911.79,88351.03,544.44938
2025-12-22 21:00:00,88351.03,88619.13,88235.09,88275.06,405.03635
2025-12-22 22:00:00,88275.05,88833.33,88150.0,88660.07,389.08575
2025-12-22 23:00:00,88660.07,88700.0,88430.43,88620.79,248.79144
2025-12-23 00:00:00,88620.79,88940.0,88504.78,88770.47,270.13686
2025-12-23 01:00:00,88770.47,88889.76,88430.0,88513.71,241.89286
2025-12-23 02:00:00,88513.72,88755.24,88091.21,88206.8,579.81965
2025-12-23 03:00:00,88206.8,88355.56,87800.0,88170.0,413.85546
2025-12-23 04:00:00,88170.0,88368.1,87930.99,87930.99,308.91036
2025-12-23 05:00:00,87931.0,88025.71,87614.79,87765.01,482.98475
2025-12-23 06:00:00,87765.01,87780.0,87051.52,87400.01,787.33301
2025-12-23 07:00:00,87400.01,87698.82,87373.22,87574.79,417.2025
2025-12-23 08:00:00,87574.78,87699.99,87433.2,87477.15,347.82336
2025-12-23 09:00:00,87477.14,87630.76,87297.69,87531.85,429.48493
2025-12-23 10:00:00,87531.85,87659.9,87510.6,87615.93,241.30517
2025-12-23 11:00:00,87615.92,87890.0,87564.29,87856.65,413.76507
2025-12-23 12:00:00,87856.66,87963.03,87600.0,87789.18,403.03862
2025-12-23 13:00:00,87789.18,87902.0,87426.7,87616.67,558.41583
2025-12-23 14:00:00,87616.66,87829.2,86601.9,86874.0,1406.81005
2025-12-23 15:00:00,86873.99,87550.0,86720.0,87443.45,1039.72862
2025-12-23 16:00:00,87443.45,88189.64,87325.4,88003.63,1214.11389
2025-12-23 17:00:00,88003.63,88275.4,87180.0,87180.01,705.26293
2025-12-23 18:00:00,87180.0,88177.98,87162.39,87975.01,814.37143
2025-12-23 19:00:00,87975.02,88043.94,87650.0,87752.87,487.08154
2025-12-23 20:00:00,87752.88,88372.35,87524.58,87691.5,807.56489
2025-12-23 21:00:00,87691.51,87856.37,87540.87,87722.89,406.59734
2025-12-23 22:00:00,87722.9,87779.25,87250.0,87399.45,627.85138
2025-12-23 23:00:00,87399.45,87520.87,87180.0,87486.0,504.97854
2025-12-24 00:00:00,87486.0,87672.26,87264.0,87660.47,394.43819
2025-12-24 01:00:00,87660.47,87839.66,87500.0,87632.51,313.39351
2025-12-24 02:00:00,87632.51,87658.07,86940.76,87134.39,587.21641
2025-12-24 03:00:00,87134.39,87392.61,86863.88,87336.23,303.84075
2025-12-24 04:00:00,87336.23,87458.54,87083.5,87147.65,288.59994
2025-12-24 05:00:00,87147.64,87248.79,86796.65,86957.9,344.84105
2025-12-24 06:00:00,86957.89,87071.64,86802.03,87019.21,370.38507
2025-12-24 07:00:00,87019.21,87184.57,86911.52,86911.53,345.81136
2025-12-24 08:00:00,86911.53,87077.67,86769.32,86795.56,315.09263
2025-12-24 09:00:00,86795.56,86903.17,86724.05,86812.8,230.63616
2025-12-24 10:00:00,86812.8,87196.0,86812.79,87077.66,292.48243
2025-12-24 11:00:00,87077.66,87359.59,87077.66,87203.94,350.15883
2025-12-24 12:00:00,87203.94,87478.59,87129.47,87428.51,308.22922
2025-12-24 13:00:00,87428.5,87440.24,87038.44,87286.9,403.57201
2025-12-24 14:00:00,87286.9,87448.49,86420.0,86994.7,906.39237
2025-12-24 15:00:00,86994.7,87218.69,86580.0,87049.99,682.33537
2025-12-24 16:00:00,87050.0,87670.0,86917.25,87283.23,859.06821
2025-12-24 17:00:00,87283.23,87576.68,87255.06,87322.77,412.5613
2025-12-24 18:00:00,87322.77,87500.67,87233.93,87470.65,257.686
2025-12-24 19:00:00,87470.64,87578.81,87329.9,87566.06,217.13377
2025-12-24 20:00:00,87566.07,87679.05,87516.77,87556.2,186.42889
2025-12-24 21:00:00,87556.21,87795.65,87556.2,87696.33,184.56137
2025-12-24 22:00:00,87696.34,88049.89,87696.33,88009.81,324.48249
2025-12-24 23:00:00,88009.82,88023.57,87599.14,87669.45,261.49587
2025-12-25 00:00:00,87669.44,87749.0,87508.52,87568.37,172.91056
2025-12-25 01:00:00,87568.37,87748.78,87567.42,87699.99,127.73475
2025-12-25 02:00:00,87700.0,87967.5,87563.87,87892.66,207.0102
2025-12-25 03:00:00,87892.66,87925.08,87767.84,87840.42,145.20674
2025-12-25 04:00:00,87840.42,87843.38,87743.0,87773.33,132.58221
2025-12-25 05:00:00,87773.34,87787.92,87661.17,87750.55,171.99245
2025-12-25 06:00:00,87750.56,87842.53,87692.67,87836.42,122.21291
2025-12-25 07:00:00,87836.43,87862.2,87755.94,87837.59,141.89666
2025-12-25 08:00:00,87837.59,87888.0,87351.96,87584.65,461.19047
2025-12-25 09:00:00,87584.65,87603.78,87450.01,87526.48,318.47286
2025-12-25 10:00:00,87526.47,87533.36,87251.6,87414.14,276.87514
2025-12-25 11:00:00,87414.15,87591.32,87414.14,87519.44,147.21369
2025-12-25 12:00:00,87519.45,87586.92,87476.49,87566.0,142.98872
2025-12-25 13:00:00,87566.0,87683.87,87398.78,87638.25,370.11784
2025-12-25 14:00:00,87638.25,87759.33,87550.0,87718.21,282.91916
2025-12-25 15:00:00,87718.22,88592.74,87714.0,88371.27,1137.4468
2025-12-25 16:00:00,88371.27,88478.0,87993.21,88086.72,533.77153
2025-12-25 17:00:00,88086.73,88211.18,88000.32,88139.08,203.97629
2025-12-25 18:00:00,88139.07,88314.37,88139.07,88241.26,193.54871
2025-12-25 19:00:00,88241.26,88249.51,88075.99,88151.18,108.25003
2025-12-25 20:00:00,88151.19,88167.65,87650.0,87892.69,287.61054
2025-12-25 21:00:00,87892.69,87982.98,87820.0,87901.21,144.90662
2025-12-25 22:00:00,87901.22,87915.1,87311.0,87650.0,459.19007
2025-12-25 23:00:00,87649.99,87771.01,86934.72,87225.27,806.5574
2025-12-26 00:00:00,87225.27,87320.1,86891.7,87120.0,573.22847
2025-12-26 01:00:00,87119.99,87500.0,87119.99,87432.26,232.7474
2025-12-26 02:00:00,87432.26,89440.0,87416.04,89199.99,2823.54617
2025-12-26 03:00:00,89200.0,89289.99,88714.36,88844.87,1335.10374
2025-12-26 04:00:00,88844.88,89153.17,88516.73,88969.24,561.2344
2025-12-26 05:00:00,88969.24,89045.71,88828.06,88996.58,281.22768
2025-12-26 06:00:00,88996.58,89250.0,88996.58,89124.24,512.77497
2025-12-26 07:00:00,89124.24,89567.75,88347.45,88470.75,1799.23903
2025-12-26 08:00:00,88470.75,88886.0,88414.81,88742.28,449.86032
2025-12-26 09:00:00,88742.28,88918.59,88649.63,88811.76,363.34862
2025-12-26 10:00:00,88811.77,88882.01,88680.0,88748.34,245.05773
2025-12-26 11:00:00,88748.35,88754.69,88532.0,88533.42,192.05882
2025-12-26 12:00:00,88533.43,88761.45,88533.42,88678.9,338.36189
2025-12-26 13:00:00,88678.89,89050.0,88618.14,88992.88,360.81787
2025-12-26 14:00:00,88992.88,89049.88,87345.88,87380.43,1728.76389
2025-12-26 15:00:00,87380.44,87381.0,86655.08,87137.81,3504.43069
2025-12-26 16:00:00,87137.81,87380.0,86850.38,86855.82,711.31648
2025-12-26 17:00:00,86855.83,87463.77,86818.18,87331.91,460.45969
2025-12-26 18:00:00,87331.91,87380.0,87117.11,87277.77,386.97537
2025-12-26 19:00:00,87277.78,87580.29,87246.0,87501.83,382.01197
2025-12-26 20:00:00,87501.83,87792.7,87399.71,87585.77,275.036
2025-12-26 21:00:00,87585.76,87697.81,87460.57,87470.59,309.65661
2025-12-26 22:00:00,87470.59,87592.67,87321.4,87550.0,304.7143
2025-12-26 23:00:00,87549.99,87550.09,87331.85,87369.56,212.64294
2025-12-27 00:00:00,87369.56,87414.26,87253.05,87401.07,201.59724
2025-12-27 01:00:00,87401.08,87492.66,87333.0,87475.03,129.68193
2025-12-27 02:00:00,87475.03,87492.66,87392.64,87446.02,170.0172
2025-12-27 03:00:00,87446.01,87532.0,87386.97,87514.22,174.05379
2025-12-27 04:00:00,87514.23,87516.84,87463.32,87470.19,106.03892
2025-12-27 05:00:00,87470.19,87512.8,87446.19,87506.0,107.21243
2025-12-27 06:00:00,87506.01,87566.0,87417.93,87469.02,148.91554
2025-12-27 07:00:00,87469.02,87702.0,87469.01,87539.26,153.18664
2025-12-27 08:00:00,87539.26,87677.0,87539.25,87593.0,113.75997
2025-12-27 09:00:00,87593.01,87665.62,87533.84,87618.91,478.79096
2025-12-27 10:00:00,87618.9,87627.67,87370.73,87503.01,293.11984
2025-12-27 11:00:00,87503.02,87549.97,87442.15,87475.98,192.08386
2025-12-27 12:00:00,87475.99,87515.21,87422.41,87474.28,86.49536
2025-12-27 13:00:00,87474.28,87478.37,87308.05,87452.78,204.72599
2025-12-27 14:00:00,87452.79,87544.91,87390.16,87544.9,306.42504
2025-12-27 15:00:00,87544.89,87589.99,87484.71,87551.25,151.74415
2025-12-27 16:00:00,87551.26,87583.47,87442.08,87498.41,152.77888
2025-12-27 17:00:00,87498.42,87562.79,87467.33,87562.58,129.16436
2025-12-27 18:00:00,87562.57,87572.41,87463.76,87500.01,152.40591
2025-12-27 19:00:00,87500.01,87591.0,87500.0,87569.39,132.24207
2025-12-27 20:00:00,87569.39,87635.77,87523.78,87555.92,113.31975
2025-12-27 21:00:00,87555.92,87668.23,87555.91,87668.22,95.93035
2025-12-27 22:00:00,87668.23,87955.0,87499.99,87565.99,386.61743
2025-12-27 23:00:00,87566.0,87984.0,87565.99,87877.01,289.24395
2025-12-28 00:00:00,87877.0,87961.37,87705.97,87854.96,205.17782
2025-12-28 01:00:00,87854.97,87945.39,87739.06,87785.96,153.21984
2025-12-28 02:00:00,87785.97,87872.67,87755.8,87810.78,104.97363
2025-12-28 03:00:00,87810.79,87845.45,87725.47,87740.01,208.71524
2025-12-28 04:00:00,87740.0,87837.99,87693.0,87724.87,151.07627
2025-12-28 05:00:00,87724.86,87724.87,87614.79,87657.93,115.90545
2025-12-28 06:00:00,87657.94,87784.2,87647.42,87732.0,93.33462
2025-12-28 07:00:00,87732.01,87734.98,87675.87,87730.85,81.91388
2025-12-28 08:00:00,87730.86,87972.95,87730.86,87805.0,172.52967
2025-12-28 09:00:00,87805.0,87900.0,87720.0,87800.0,198.63592
2025-12-28 10:00:00,87800.0,88010.0,87799.99,87856.91,246.43833
2025-12-28 11:00:00,87856.91,87923.5,87818.58,87883.25,142.43984
2025-12-28 12:00:00,87883.25,87891.32,87794.86,87850.6,130.62309
2025-12-28 13:00:00,87850.59,87962.45,87820.0,87896.59,171.73272
2025-12-28 14:00:00,87896.6,88088.75,87896.59,87910.0,249.63472
2025-12-28 15:00:00,87910.0,88006.0,87824.18,87836.27,269.26609
2025-12-28 16:00:00,87836.27,87898.42,87740.0,87814.04,180.88996
2025-12-28 17:00:00,87814.04,87931.59,87760.0,87760.0,91.8913
2025-12-28 18:00:00,87760.01,87768.79,87500.26,87598.49,404.22039
2025-12-28 19:00:00,87598.49,87698.3,87511.27,87520.75,204.83537
2025-12-28 20:00:00,87520.75,87655.28,87446.73,87514.76,144.33445
2025-12-28 21:00:00,87514.75,87592.67,87435.0,87588.37,122.38811
2025-12-28 22:00:00,87588.37,87992.7,87481.55,87900.09,295.38221
2025-12-28 23:00:00,87900.09,88049.53,87634.92,87952.71,306.73393
2025-12-29 00:00:00,87952.71,88444.19,87813.17,88295.69,572.37767
2025-12-29 01:00:00,88295.68,88480.0,87849.42,88445.57,562.88296
2025-12-29 02:00:00,88445.57,89383.74,88445.57,89163.25,1796.47871
2025-12-29 03:00:00,89163.25,90169.06,89101.79,90123.55,1827.31757
2025-12-29 04:00:00,90123.55,90406.08,89952.81,90143.06,1199.9569
2025-12-29 05:00:00,90143.07,90300.07,89931.37,89984.0,828.28612
2025-12-29 06:00:00,89984.0,90121.21,89749.87,89777.26,503.12838
2025-12-29 07:00:00,89777.25,89846.71,89507.03,89617.71,971.61551
2025-12-29 08:00:00,89617.71,89825.01,89444.47,89555.1,990.67432
2025-12-29 09:00:00,89555.1,89618.22,87770.1,88100.05,2360.59949
2025-12-29 10:00:00,88100.5,88270.02,87653.69,87780.01,807.41906
2025-12-29 11:00:00,87780.0,87793.27,87567.65,87567.66,450.07731
2025-12-29 12:00:00,87567.65,87636.34,86806.5,87397.0,1590.97728
2025-12-29 13:00:00,87396.99,87537.23,87165.04,87387.71,611.5172
2025-12-29 14:00:00,87387.7,88190.71,87259.3,87429.96,985.6991
2025-12-29 15:00:00,87429.97,87918.69,87222.41,87691.62,990.15708
2025-12-29 16:00:00,87691.62,87840.08,87439.03,87627.11,372.34157
2025-12-29 17:00:00,87627.11,87850.0,87350.0,87849.99,322.83525
2025-12-29 18:00:00,87850.0,87996.22,87361.53,87464.77,459.75861
2025-12-29 19:00:00,87464.78,87668.23,87312.34,87366.23,302.7479
2025-12-29 20:00:00,87366.23,87597.59,87085.8,87212.01,665.4604
2025-12-29 21:00:00,87212.01,87371.62,87173.31,87337.85,221.04149
2025-12-29 22:00:00,87337.85,87404.29,87071.49,87351.05,310.53727
2025-12-29 23:00:00,87351.05,87395.07,87188.0,87237.13,191.0986
2025-12-30 00:00:00,87237.13,87359.4,87105.09,87250.23,230.51064
2025-12-30 01:00:00,87250.22,87356.62,87117.87,87308.23,239.57935
2025-12-30 02:00:00,87308.23,87347.7,86986.82,87111.0,471.28819
2025-12-30 03:00:00,87110.99,87423.65,86845.66,87379.0,579.19187
2025-12-30 04:00:00,87378.99,87492.66,87294.67,87300.0,292.49013
2025-12-30 05:00:00,87300.01,87359.43,87157.07,87255.97,140.45208
2025-12-30 06:00:00,87255.98,87527.42,87241.91,87443.17,234.42509
2025-12-30 07:00:00,87443.17,87600.0,87369.98,87502.85,410.22407
2025-12-30 08:00:00,87502.85,88224.76,87502.84,87872.68,1026.69682
2025-12-30 09:00:00,87872.68,88046.37,87657.44,87992.7,436.16992
2025-12-30 10:00:00,87992.7,88179.38,87906.94,87949.51,416.39591
2025-12-30 11:00:00,87949.52,88026.36,87735.09,87903.89,588.98774
2025-12-30 12:00:00,87903.89,88090.79,87901.7,88023.54,497.15542
2025-12-30 13:00:00,88023.53,88136.0,87918.6,88110.02,448.15717
2025-12-30 14:00:00,88110.02,89010.12,87834.01,88875.83,1626.18161
2025-12-30 15:00:00,88875.82,89159.52,88204.14,89016.35,1310.95153
2025-12-30 16:00:00,89016.36,89400.0,88577.42,88742.63,1418.9593
2025-12-30 17:00:00,88742.63,88900.72,88129.91,88371.34,713.60336
2025-12-30 18:00:00,88371.34,88493.62,88132.59,88304.0,434.34765
2025-12-30 19:00:00,88304.01,88422.22,87960.2,88226.16,345.47514
2025-12-30 20:00:00,88226.15,88226.15,87886.46,87947.15,439.95021
2025-12-30 21:00:00,87947.15,88330.13,87891.15,88287.27,253.18432
2025-12-30 22:00:00,88287.28,88470.0,88287.28,88430.19,280.86597
2025-12-30 23:00:00,88430.18,88573.65,88371.33,88485.49,270.66652
2025-12-31 00:00:00,88485.5,88485.5,88251.93,88255.54,243.9475
2025-12-31 01:00:00,88255.54,88784.0,88172.15,88649.33,355.7574
2025-12-31 02:00:00,88649.32,88742.0,88521.84,88673.6,258.23398
2025-12-31 03:00:00,88673.61,88819.8,88379.09,88453.04,274.04184
2025-12-31 04:00:00,88453.04,88549.5,88325.06,88325.06,158.17484
2025-12-31 05:00:00,88325.07,88526.06,88325.07,88463.09,296.57164
2025-12-31 06:00:00,88463.1,88561.69,88463.09,88512.92,212.68538
2025-12-31 07:00:00,88512.93,88638.76,88431.08,88613.12,304.98001
2025-12-31 08:00:00,88613.11,88733.33,88393.52,88434.65,277.76782
2025-12-31 09:00:00,88434.66,88715.27,88434.65,88660.1,315.83327
2025-12-31 10:00:00,88660.1,88897.99,88660.09,88847.26,482.82711
2025-12-31 11:00:00,88847.27,89046.6,88802.97,89011.52,598.23924
2025-12-31 12:00:00,89011.51,89044.74,88677.32,88775.96,545.9639
2025-12-31 13:00:00,88775.96,89045.98,88741.54,88991.88,300.73941
2025-12-31 14:00:00,88991.88,89200.0,88278.35,88479.99,1133.76043
2025-12-31 15:00:00,88479.99,88487.68,87766.59,87953.97,1281.39241
2025-12-31 16:00:00,87953.97,88053.49,87400.41,87656.98,1249.28961
2025-12-31 17:00:00,87656.99,87741.99,87489.59,87620.82,629.77671
2025-12-31 18:00:00,87620.82,87980.0,87574.12,87684.07,434.88825
2025-12-31 19:00:00,87684.08,87870.02,87516.7,87541.85,622.18859
2025-12-31 20:00:00,87541.85,87712.13,87250.0,87662.01,770.32743
2025-12-31 21:00:00,87662.01,87879.04,87662.01,87799.97,383.8555
2025-12-31 22:00:00,87799.97,87879.04,87656.19,87728.29,236.18697
2025-12-31 23:00:00,87728.3,87728.3,87619.67,87648.22,191.19123
2026-01-01 00:00:00,87648.21,87849.26,87632.74,87809.23,233.66036
2026-01-01 01:00:00,87809.24,88050.0,87809.23,87960.0,241.44162
2026-01-01 02:00:00,87960.01,88088.1,87895.37,87914.0,209.5586
2026-01-01 03:00:00,87914.0,88015.7,87832.09,87846.02,149.08354
2026-01-01 04:00:00,87846.01,87854.81,87550.43,87590.4,476.17901
2026-01-01 05:00:00,87590.41,87749.34,87590.4,87704.39,283.17436
2026-01-01 06:00:00,87704.39,87704.39,87636.29,87658.0,123.89656
2026-01-01 07:00:00,87658.01,87673.01,87596.0,87631.88,225.27492
2026-01-01 08:00:00,87631.88,87811.13,87631.87,87770.9,285.21745
2026-01-01 09:00:00,87770.89,87965.25,87751.82,87877.99,210.22963
2026-01-01 10:00:00,87877.99,87883.8,87799.17,87863.76,128.0738
2026-01-01 11:00:00,87863.75,88024.64,87859.36,88024.64,196.30405
2026-01-01 12:00:00,88024.64,88036.42,87925.28,87950.0,200.13556
2026-01-01 13:00:00,87950.0,88019.82,87860.66,87922.64,155.72883
2026-01-01 14:00:00,87922.63,87970.59,87810.66,87967.05,390.01531
2026-01-01 15:00:00,87967.05,88113.45,87916.39,88032.18,260.01234
2026-01-01 16:00:00,88032.17,88048.7,87879.03,87988.76,189.99476
2026-01-01 17:00:00,87988.77,88500.0,87976.0,88316.37,476.08554
2026-01-01 18:00:00,88316.38,88364.0,88105.08,88193.94,257.59166
2026-01-01 19:00:00,88193.94,88431.23,88062.32,88391.15,216.66303
2026-01-01 20:00:00,88391.16,88391.16,88240.0,88258.12,135.39527
2026-01-01 21:00:00,88258.12,88447.84,88254.08,88377.67,168.57205
2026-01-01 22:00:00,88377.67,88699.99,88377.67,88645.57,474.23054
2026-01-01 23:00:00,88645.57,88919.45,88474.63,88839.04,593.05254
2026-01-02 00:00:00,88839.05,88890.09,88594.39,88833.97,448.72758
2026-01-02 01:00:00,88833.96,88877.12,88525.73,88639.89,242.38673
2026-01-02 02:00:00,88639.89,88665.1,88379.88,88637.03,253.81052
2026-01-02 03:00:00,88637.02,89120.01,88573.64,88950.65,670.13653
2026-01-02 04:00:00,88950.64,88992.0,88629.0,88637.64,287.46487
2026-01-02 05:00:00,88637.64,88787.56,88576.56,88765.2,223.91609
2026-01-02 06:00:00,88765.21,89079.44,88715.44,88935.04,291.36506
2026-01-02 07:00:00,88935.05,89068.62,88794.01,88857.61,387.57118
2026-01-02 08:00:00,88857.6,89200.0,88758.94,89178.13,436.78167
2026-01-02 09:00:00,89178.13,89484.06,89106.34,89467.32,885.84196
2026-01-02 10:00:00,89467.32,89942.44,89451.34,89666.29,1401.67184
2026-01-02 11:00:00,89666.3,89682.04,89360.0,89502.95,610.27074
2026-01-02 12:00:00,89502.94,89593.17,89387.01,89400.0,388.55376
2026-01-02 13:00:00,89400.0,89688.6,89309.94,89348.68,481.02676
2026-01-02 14:00:00,89348.67,90135.0,88459.96,89580.0,2152.74387
2026-01-02 15:00:00,89580.01,89888.0,88800.0,89418.11,1551.51931
2026-01-02 16:00:00,89418.1,90800.0,89205.92,90376.05,2486.21857
2026-01-02 17:00:00,90376.05,90961.81,90185.43,90370.52,1336.49207
2026-01-02 18:00:00,90370.52,90555.99,89552.18,89773.1,847.22983
2026-01-02 19:00:00,89773.1,90157.03,89650.0,89897.23,485.53154
2026-01-02 20:00:00,89897.23,90075.0,89636.77,89740.0,538.07124
2026-01-02 21:00:00,89740.01,90175.01,89728.37,90065.8,330.88507
2026-01-02 22:00:00,90065.8,90400.0,90026.54,90195.37,409.68756
2026-01-02 23:00:00,90195.37,90201.67,89902.16,89995.13,249.06866
2026-01-03 00:00:00,89995.14,90195.77,89966.48,90156.19,298.52212
2026-01-03 01:00:00,90156.19,90292.87,90077.69,90282.69,236.37769
2026-01-03 02:00:00,90282.68,90418.32,90129.53,90340.0,305.59164
2026-01-03 03:00:00,90340.01,90376.49,90200.0,90321.22,185.70264
2026-01-03 04:00:00,90321.23,90480.62,90053.53,90170.0,411.08569
2026-01-03 05:00:00,90170.01,90198.0,89924.48,90031.1,222.72398
2026-01-03 06:00:00,90031.1,90134.6,89850.1,89871.05,273.68226
2026-01-03 07:00:00,89871.04,89950.88,89314.01,89577.13,869.92487
2026-01-03 08:00:00,89577.13,89831.9,89420.75,89670.51,458.1693
2026-01-03 09:00:00,89670.51,89982.11,89634.95,89791.99,409.91195
2026-01-03 10:00:00,89792.0,89881.1,89715.21,89754.47,270.67124
2026-01-03 11:00:00,89754.48,89782.81,89679.14,89752.74,162.35671
2026-01-03 12:00:00,89752.75,90046.0,89664.93,90039.13,374.21001
2026-01-03 13:00:00,90039.12,90065.74,89920.01,90004.96,287.30479
2026-01-03 14:00:00,90004.97,90249.99,89960.0,90126.02,298.26434
2026-01-03 15:00:00,90126.02,90126.02,89968.0,89969.31,155.37202
2026-01-03 16:00:00,89969.31,90219.67,89918.59,90105.24,200.27276
2026-01-03 17:00:00,90105.24,90123.77,90026.93,90093.99,83.86507
2026-01-03 18:00:00,90094.0,90197.88,90035.52,90138.87,141.85601
2026-01-03 19:00:00,90138.87,90156.19,90060.0,90123.77,90.08443
2026-01-03 20:00:00,90123.76,90372.4,90017.23,90372.39,179.02196
2026-01-03 21:00:00,90372.4,90741.16,90318.29,90564.31,398.89642
2026-01-03 22:00:00,90564.32,90738.99,90497.52,90590.04,433.4938
2026-01-03 23:00:00,90590.04,90700.0,90469.39,90628.01,310.10546
2026-01-04 00:00:00,90628.01,91610.17,90628.0,91341.47,1737.64298
2026-01-04 01:00:00,91341.48,91475.52,91005.37,91235.37,375.26249
2026-01-04 02:00:00,91235.37,91292.0,91080.06,91124.0,278.2894
2026-01-04 03:00:00,91124.0,91350.0,91080.06,91236.78,328.23931
2026-01-04 04:00:00,91236.78,91587.72,91183.15,91400.0,457.69348
2026-01-04 05:00:00,91400.01,91490.68,91348.31,91480.04,172.44443
2026-01-04 06:00:00,91480.04,91810.0,91237.54,91237.55,747.06543
2026-01-04 07:00:00,91237.54,91546.31,91211.25,91532.0,456.46078
2026-01-04 08:00:00,91532.0,91536.0,91174.46,91374.99,620.80815
2026-01-04 09:00:00,91374.99,91485.21,91244.29,91468.28,941.08164
2026-01-04 10:00:00,91468.28,91620.5,91422.67,91600.62,665.01473
2026-01-04 11:00:00,91600.62,91600.62,91236.19,91300.0,369.35457
2026-01-04 12:00:00,91300.01,91360.0,91084.0,91150.98,454.56858
2026-01-04 13:00:00,91150.99,91276.94,91014.1,91264.0,272.68922
2026-01-04 14:00:00,91264.0,91419.22,91146.86,91336.39,272.07953
2026-01-04 15:00:00,91336.39,91381.6,91096.27,91334.94,316.98098
2026-01-04 16:00:00,91334.94,91455.9,91244.6,91321.0,326.44422
2026-01-04 17:00:00,91321.0,91436.21,91306.77,91335.73,137.11227
2026-01-04 18:00:00,91335.72,91335.73,91000.0,91205.39,304.66859
2026-01-04 19:00:00,91205.38,91205.39,90863.47,91138.07,372.30446
2026-01-04 20:00:00,91138.06,91349.38,91132.0,91313.94,147.52188
2026-01-04 21:00:00,91313.93,91421.96,91182.71,91279.99,135.33795
2026-01-04 22:00:00,91279.99,91401.98,91150.47,91220.01,149.03275
2026-01-04 23:00:00,91220.0,91590.0,91220.0,91529.73,388.43188
2026-01-05 00:00:00,91529.74,92426.82,91514.81,92405.46,2061.87264
2026-01-05 01:00:00,92405.46,93388.0,92280.69,92967.28,1977.50385
2026-01-05 02:00:00,92967.29,93157.99,92724.98,93033.11,913.68581
2026-01-05 03:00:00,93033.11,93204.7,92871.26,92878.22,595.50021
2026-01-05 04:00:00,92878.22,92947.87,92330.46,92595.07,588.83873
2026-01-05 05:00:00,92595.07,92720.73,92340.39,92359.99,400.538
2026-01-05 06:00:00,92359.99,92500.0,92155.0,92491.81,320.70875
2026-01-05 07:00:00,92491.82,92644.31,92484.72,92520.63,528.78142
2026-01-05 08:00:00,92520.63,92774.28,92446.0,92467.53,603.26757
2026-01-05 09:00:00,92467.54,92845.53,92320.17,92688.6,645.33375
2026-01-05 10:00:00,92688.61,93151.0,92679.12,93080.0,681.83063
2026-01-05 11:00:00,93080.0,93151.0,92883.03,93134.26,567.75651
2026-01-05 12:00:00,93134.25,93206.2,92752.6,92874.28,453.5887
2026-01-05 13:00:00,92874.28,93020.0,92535.41,92742.74,486.24906
2026-01-05 14:00:00,92742.73,93666.0,92407.13,93428.0,1355.05943
2026-01-05 15:00:00,93428.0,94000.0,93170.95,93957.73,1929.19905
2026-01-05 16:00:00,93957.74,94076.35,93586.65,93701.31,1298.79178
2026-01-05 17:00:00,93701.3,94477.69,93250.0,94317.84,1154.3191
2026-01-05 18:00:00,94317.84,94500.0,93920.0,94449.62,974.95833
2026-01-05 19:00:00,94449.61,94500.0,94131.44,94303.4,762.3129
2026-01-05 20:00:00,94303.4,94789.08,94038.0,94177.99,1133.04005
2026-01-05 21:00:00,94178.0,94227.4,93800.0,94095.78,474.75745
2026-01-05 22:00:00,94095.78,94406.0,94012.3,94171.22,370.72137
2026-01-05 23:00:00,94171.21,94194.01,93859.7,93859.71,394.98075
2026-01-06 00:00:00,93859.71,93993.07,93555.93,93816.7,522.32093
2026-01-06 01:00:00,93816.7,94161.86,93739.37,93771.82,384.14412
2026-01-06 02:00:00,93771.82,93870.66,93529.18,93620.6,336.13865
2026-01-06 03:00:00,93620.6,93943.88,93601.96,93769.24,285.34343
2026-01-06 04:00:00,93769.25,94000.0,93734.25,93801.07,231.47521
2026-01-06 05:00:00,93801.07,93816.0,93572.11,93599.99,407.00036
2026-01-06 06:00:00,93599.99,93951.07,93538.83,93780.01,538.64562
2026-01-06 07:00:00,93780.01,93782.6,93137.98,93255.08,860.27324
2026-01-06 08:00:00,93255.08,93420.11,93167.29,93240.17,355.74138
2026-01-06 09:00:00,93240.18,93569.61,93229.37,93462.72,327.55172
2026-01-06 10:00:00,93462.72,93654.49,93413.2,93579.56,273.28705
2026-01-06 11:00:00,93579.56,93895.0,93571.43,93840.0,403.66589
2026-01-06 12:00:00,93839.99,93981.1,93784.3,93872.16,338.69848
2026-01-06 13:00:00,93872.17,93872.17,93636.75,93716.53,315.19532
2026-01-06 14:00:00,93716.53,94444.44,93531.28,93836.81,1676.33623
2026-01-06 15:00:00,93836.81,94311.22,93352.01,93648.99,1417.41756
2026-01-06 16:00:00,93649.0,93775.6,92336.0,92692.32,2208.46324
2026-01-06 17:00:00,92692.32,92773.05,91539.68,91589.24,1784.74974
2026-01-06 18:00:00,91589.23,92221.52,91262.94,92034.09,1427.50922
2026-01-06 19:00:00,92034.09,92361.82,91902.0,92104.5,733.78195
2026-01-06 20:00:00,92104.49,92698.04,92098.29,92505.32,775.34743
2026-01-06 21:00:00,92505.31,93845.03,92372.4,93258.05,1874.69965
2026-01-06 22:00:00,93258.04,93533.78,92966.75,93362.68,713.98511
2026-01-06 23:00:00,93362.67,93792.17,93333.32,93747.97,354.64676
2026-01-07 00:00:00,93747.97,93747.97,92626.31,92709.52,843.19542
2026-01-07 01:00:00,92709.36,92902.52,92330.33,92435.35,936.694
2026-01-07 02:00:00,92435.36,93060.0,92236.07,92949.77,598.87784
2026-01-07 03:00:00,92949.77,93108.69,92747.12,92815.83,294.44853
2026-01-07 04:00:00,92815.83,92930.35,92610.0,92670.29,319.36155
2026-01-07 05:00:00,92670.3,92847.16,92500.0,92529.54,227.33033
2026-01-07 06:00:00,92529.53,92899.57,92523.75,92614.84,240.63686
2026-01-07 07:00:00,92614.84,92895.56,92614.83,92879.13,256.24423
2026-01-07 08:00:00,92879.14,92961.53,92698.09,92718.9,263.5062
2026-01-07 09:00:00,92718.9,92718.91,91600.0,91716.14,1258.05952
2026-01-07 10:00:00,91716.14,92000.0,91600.0,91975.31,538.05487
2026-01-07 11:00:00,91975.31,92253.16,91928.21,92087.21,542.17686
2026-01-07 12:00:00,92087.21,92176.98,91977.73,91997.86,317.95554
2026-01-07 13:00:00,91997.85,92299.4,91864.52,92044.67,443.04448
2026-01-07 14:00:00,92044.67,92135.1,91353.39,91959.04,1427.59818
2026-01-07 15:00:00,91959.05,92000.0,91024.0,91349.96,1434.72957
2026-01-07 16:00:00,91349.95,91790.0,91150.0,91264.54,677.82559
2026-01-07 17:00:00,91264.55,91698.15,91026.01,91252.14,548.07377
2026-01-07 18:00:00,91252.13,91441.35,90733.14,90901.39,816.16719
2026-01-07 19:00:00,90901.38,91280.07,90675.52,91186.07,611.7426
2026-01-07 20:00:00,91186.07,91300.75,90778.32,91047.49,438.79062
2026-01-07 21:00:00,91047.49,91231.9,91035.77,91089.5,245.38775
2026-01-07 22:00:00,91089.5,91383.14,90873.08,91180.85,362.9278
2026-01-07 23:00:00,91180.85,91489.6,91004.1,91364.16,633.66095
2026-01-08 00:00:00,91364.16,91529.72,91072.16,91394.71,369.48198
2026-01-08 01:00:00,91394.7,91687.99,91300.0,91428.4,306.46699
2026-01-08 02:00:00,91428.39,91473.0,90764.0,90956.49,571.10105
2026-01-08 03:00:00,90956.5,91142.51,90616.36,90813.4,547.79189
2026-01-08 04:00:00,90813.4,91168.0,90700.0,91022.75,357.33917
2026-01-08 05:00:00,91022.74,91188.0,90786.14,90829.58,295.83835
2026-01-08 06:00:00,90829.58,90872.0,89897.01,89898.01,1360.25581
2026-01-08 07:00:00,89898.0,90588.0,89641.84,90548.02,1094.34311
2026-01-08 08:00:00,90548.02,90917.22,90155.05,90227.25,841.98085
2026-01-08 09:00:00,90227.25,90374.78,89956.0,90010.0,514.04982
2026-01-08 10:00:00,90009.99,90493.18,89777.25,90410.1,526.53398
2026-01-08 11:00:00,90409.61,90487.31,90022.26,90226.77,548.71612
2026-01-08 12:00:00,90226.77,90240.85,89781.96,89989.21,992.96975
2026-01-08 13:00:00,89989.2,90105.08,89861.59,89962.14,441.44929
2026-01-08 14:00:00,89962.14,90171.0,89311.0,90024.01,1521.76403
2026-01-08 15:00:00,90024.0,90847.52,89820.89,90781.57,1428.07575
2026-01-08 16:00:00,90781.57,90926.84,90312.89,90926.84,855.68064
2026-01-08 17:00:00,90926.84,91440.0,90842.0,91366.39,874.20589
2026-01-08 18:00:00,91366.39,91469.0,90952.0,91117.35,517.40477
2026-01-08 19:00:00,91117.35,91333.0,90812.98,90937.41,409.298
2026-01-08 20:00:00,90937.42,90996.02,90568.11,90927.62,476.53275
2026-01-08 21:00:00,90927.63,91336.63,90917.7,91272.96,629.96765
2026-01-08 22:00:00,91272.96,91493.0,91033.11,91231.9,417.67218
2026-01-08 23:00:00,91231.89,91336.63,91046.87,91099.99,233.87135
2026-01-09 00:00:00,91100.0,91307.72,91058.7,91290.33,179.40576
2026-01-09 01:00:00,91290.34,91632.1,90850.0,91056.19,545.56598
2026-01-09 02:00:00,91056.2,91481.19,91023.0,91038.38,431.1021
2026-01-09 03:00:00,91038.39,91271.73,90941.44,91220.23,417.7946
2026-01-09 04:00:00,91220.24,91236.72,90933.3,91012.8,322.36121
2026-01-09 05:00:00,91012.81,91119.81,90882.71,91091.82,292.21625
2026-01-09 06:00:00,91091.82,91146.47,90989.29,91137.58,209.50276
2026-01-09 07:00:00,91137.58,91137.58,90738.34,90741.84,669.4759
2026-01-09 08:00:00,90741.85,90843.77,89694.66,90033.52,1141.88324
2026-01-09 09:00:00,90033.52,90481.2,90014.6,90338.46,507.45187
2026-01-09 10:00:00,90338.47,90558.01,90283.47,90485.87,396.79277
2026-01-09 11:00:00,90485.87,90691.32,90404.21,90463.11,540.59585
2026-01-09 12:00:00,90463.12,90603.53,90235.13,90449.23,690.17113
2026-01-09 13:00:00,90449.22,90938.62,90405.15,90607.66,722.68305
2026-01-09 14:00:00,90607.66,90666.91,89940.0,90150.0,840.37741
2026-01-09 15:00:00,90150.01,92082.55,89850.0,91176.47,3441.12901
2026-01-09 16:00:00,91176.48,91783.32,91175.79,91623.89,1143.47636
2026-01-09 17:00:00,91623.89,91680.41,91012.0,91422.23,688.89123
2026-01-09 18:00:00,91422.23,91507.82,90340.0,90820.31,551.14415
2026-01-09 19:00:00,90820.3,90820.3,90190.0,90332.15,578.57871
2026-01-09 20:00:00,90332.14,90580.62,90235.0,90303.36,313.31668
2026-01-09 21:00:00,90303.37,90643.81,90113.87,90541.97,207.05117
2026-01-09 22:00:00,90541.98,90723.06,90353.91,90630.08,575.52178
2026-01-09 23:00:00,90630.08,90732.01,90604.58,90641.28,183.79042
2026-01-10 00:00:00,90641.27,90693.89,90527.99,90600.0,151.21516
2026-01-10 01:00:00,90600.0,90732.2,90587.0,90688.0,113.18366
2026-01-10 02:00:00,90688.0,90782.23,90607.02,90697.17,139.70054
2026-01-10 03:00:00,90697.17,90697.18,90554.26,90626.14,124.89032
2026-01-10 04:00:00,90626.15,90649.99,90408.23,90448.3,164.87324
2026-01-10 05:00:00,90448.3,90617.62,90431.45,90603.52,84.41081
2026-01-10 06:00:00,90603.52,90603.53,90474.35,90505.47,74.15884
2026-01-10 07:00:00,90505.48,90682.7,90505.47,90678.5,168.18359
2026-01-10 08:00:00,90678.5,90773.33,90618.28,90661.95,288.33994
2026-01-10 09:00:00,90661.94,90768.97,90630.09,90768.96,158.69299
2026-01-10 10:00:00,90768.97,90832.0,90728.45,90828.0,126.67512
2026-01-10 11:00:00,90828.0,90828.0,90708.25,90723.86,73.68827
2026-01-10 12:00:00,90723.87,90788.78,90665.75,90733.71,94.62022
2026-01-10 13:00:00,90733.71,90772.78,90633.86,90656.51,82.9916
2026-01-10 14:00:00,90656.52,90658.69,90538.46,90591.01,144.35468
2026-01-10 15:00:00,90591.01,90665.76,90584.17,90665.75,92.51513
2026-01-10 16:00:00,90665.76,90725.74,90609.56,90676.66,142.80125
2026-01-10 17:00:00,90676.66,90746.0,90544.96,90544.96,152.86625
2026-01-10 18:00:00,90544.96,90595.63,90504.55,90595.62,158.53961
2026-01-10 19:00:00,90595.62,90631.37,90580.61,90626.54,75.9405
2026-01-10 20:00:00,90626.54,90659.03,90571.0,90572.86,99.38243
2026-01-10 21:00:00,90572.86,90572.86,90500.38,90510.74,144.94285
2026-01-10 22:00:00,90510.75,90600.0,90404.0,90427.76,161.64189
2026-01-10 23:00:00,90427.76,90567.15,90427.75,90504.7,85.50833
2026-01-11 00:00:00,90504.7,90650.75,90451.1,90640.44,114.3636
2026-01-11 01:00:00,90640.44,90675.53,90558.95,90628.23,83.46973
2026-01-11 02:00:00,90628.24,90731.9,90615.34,90699.0,123.06702
2026-01-11 03:00:00,90699.0,90737.95,90631.64,90733.5,142.98004
2026-01-11 04:00:00,90733.49,90785.48,90661.53,90785.48,141.85581
2026-01-11 05:00:00,90785.48,90850.0,90740.0,90774.43,128.06651
2026-01-11 06:00:00,90774.42,90796.83,90585.34,90744.0,169.88277
2026-01-11 07:00:00,90744.0,90749.0,90675.52,90710.79,107.03833
2026-01-11 08:00:00,90710.8,90816.0,90610.27,90790.01,261.70108
2026-01-11 09:00:00,90790.01,90815.44,90675.6,90740.02,180.86038
2026-01-11 10:00:00,90740.01,90740.02,90692.79,90736.67,123.08314
2026-01-11 11:00:00,90736.66,90756.0,90695.05,90754.99,128.73157
2026-01-11 12:00:00,90754.99,91020.0,90720.21,90938.13,211.42505
2026-01-11 13:00:00,90938.12,90972.33,90821.47,90849.45,154.00693
2026-01-11 14:00:00,90849.45,91191.5,90849.45,91127.16,282.45011
2026-01-11 15:00:00,91127.17,91153.99,90708.25,90875.79,496.14604
2026-01-11 16:00:00,90875.79,91283.89,90875.79,91039.15,389.24788
2026-01-11 17:00:00,91039.14,91147.82,90904.07,90986.68,234.85682
2026-01-11 18:00:00,90986.68,90986.69,90793.43,90886.68,177.99755
2026-01-11 19:00:00,90886.68,90922.08,90673.3,90690.8,159.3051
2026-01-11 20:00:00,90690.81,90743.72,90370.85,90708.26,497.31755
2026-01-11 21:00:00,90708.25,90838.69,90590.61,90757.06,217.97309
2026-01-11 22:00:00,90757.07,90757.07,90453.36,90526.02,255.60666
2026-01-11 23:00:00,90526.01,91041.79,90236.0,91013.65,695.70318
2026-01-12 00:00:00,91013.66,91258.66,90700.29,91258.65,740.6183
2026-01-12 01:00:00,91258.66,91799.0,91086.0,91412.44,973.78286
2026-01-12 02:00:00,91412.44,92384.4,91374.0,92203.56,1103.07593
2026-01-12 03:00:00,92203.56,92519.95,91808.11,91808.12,968.99203
2026-01-12 04:00:00,91808.12,92290.81,91741.82,92175.78,651.2656
2026-01-12 05:00:00,92175.79,92267.66,92037.51,92111.86,274.66206
2026-01-12 06:00:00,92111.87,92207.01,91805.43,91836.34,279.64865
2026-01-12 07:00:00,91836.35,91970.0,91381.36,91408.09,500.6572
2026-01-12 08:00:00,91408.09,91630.13,90388.89,90752.27,1298.94335
2026-01-12 09:00:00,90752.28,90942.85,90648.15,90685.64,605.22242
2026-01-12 10:00:00,90685.65,90793.18,90370.0,90433.46,399.68146
2026-01-12 11:00:00,90433.45,90824.86,90425.36,90620.96,457.29481
2026-01-12 12:00:00,90620.95,90863.74,90615.66,90789.37,244.81991
2026-01-12 13:00:00,90789.37,90829.73,90538.0,90636.01,327.61952
2026-01-12 14:00:00,90636.0,91131.39,90128.44,90908.95,1300.15719
2026-01-12 15:00:00,90908.95,91665.0,90705.91,91665.0,1031.47333
2026-01-12 16:00:00,91664.99,92332.0,91567.81,92123.52,1578.09092
2026-01-12 17:00:00,92123.51,92306.62,91000.53,91522.83,1208.45838
2026-01-12 18:00:00,91522.83,91943.26,91411.79,91691.8,505.47425
2026-01-12 19:00:00,91691.8,91880.0,91434.8,91861.27,337.94969
2026-01-12 20:00:00,91861.27,92046.23,91417.99,91484.86,374.00813
2026-01-12 21:00:00,91484.87,91502.37,90938.2,91055.17,398.88227
2026-01-12 22:00:00,91055.17,91441.34,91052.21,91244.99,313.86446
2026-01-12 23:00:00,91244.99,91311.68,91059.88,91296.2,313.43996
2026-01-13 00:00:00,91296.2,91546.08,91249.0,91482.74,334.56358
2026-01-13 01:00:00,91482.74,91546.08,91042.66,91185.35,442.20574
2026-01-13 02:00:00,91185.34,91382.82,91097.8,91118.3,271.94314
2026-01-13 03:00:00,91118.3,91453.45,91118.29,91408.91,263.81213
2026-01-13 04:00:00,91408.9,91650.81,91350.71,91515.16,272.26771
2026-01-13 05:00:00,91515.17,92255.94,91472.36,91920.99,991.25943
2026-01-13 06:00:00,91921.0,92275.38,91806.19,92184.36,600.50125
2026-01-13 07:00:00,92184.37,92212.48,91905.33,91942.0,704.5617
2026-01-13 08:00:00,91941.99,92250.66,91924.27,92165.9,528.9889
2026-01-13 09:00:00,92165.89,92672.11,91950.0,92269.42,1215.58278
2026-01-13 10:00:00,92269.42,92350.03,92021.15,92128.62,394.76711
2026-01-13 11:00:00,92128.63,92261.04,91972.44,92000.74,405.87783
2026-01-13 12:00:00,92000.73,92153.84,91910.25,92109.35,280.96679
2026-01-13 13:00:00,92109.35,92606.42,91978.66,92076.12,1336.2017
2026-01-13 14:00:00,92076.11,92915.12,91787.61,92462.03,1289.79234
2026-01-13 15:00:00,92462.03,93450.0,92132.66,93449.99,1429.93474
2026-01-13 16:00:00,93449.99,93760.0,93078.31,93389.63,1920.2444
2026-01-13 17:00:00,93389.63,93498.72,93100.0,93241.99,796.01222
2026-01-13 18:00:00,93241.99,93871.29,93198.09,93633.71,950.82758
2026-01-13 19:00:00,93633.71,94231.82,93475.07,94226.84,1085.51387
2026-01-13 20:00:00,94226.85,94500.0,94113.13,94408.7,1604.35758
2026-01-13 21:00:00,94408.7,94507.99,94062.0,94087.23,1173.77039
2026-01-13 22:00:00,94087.23,96495.0,94087.23,95757.21,3452.31954
2026-01-13 23:00:00,95757.19,96107.97,95055.01,95414.0,1275.24237
2026-01-14 00:00:00,95413.99,95647.91,95154.04,95236.84,662.80362
2026-01-14 01:00:00,95236.84,95582.0,95116.03,95245.6,749.06956
2026-01-14 02:00:00,95245.61,95562.0,95190.06,95347.46,588.58584
2026-01-14 03:00:00,95347.47,95722.01,95285.5,95720.99,381.4409
2026-01-14 04:00:00,95720.99,95799.22,95224.44,95245.16,460.39311
2026-01-14 05:00:00,95245.17,95270.25,94972.0,95005.0,669.59606
2026-01-14 06:00:00,95005.01,95028.88,94559.28,95028.87,859.31999
2026-01-14 07:00:00,95028.88,95233.99,94850.0,95205.1,884.32504
2026-01-14 08:00:00,95205.11,95315.15,94900.0,94900.01,380.43239
2026-01-14 09:00:00,94900.01,95186.51,94870.01,95088.24,468.07232
2026-01-14 10:00:00,95088.24,95291.98,94888.0,95091.75,526.44388
2026-01-14 11:00:00,95091.49,95091.49,94737.95,94792.99,381.08629
2026-01-14 12:00:00,94793.0,95154.78,94680.67,95077.56,424.37035
2026-01-14 13:00:00,95077.56,95241.7,94890.68,94998.19,454.3002
2026-01-14 14:00:00,94998.2,96827.0,94982.56,96493.15,2348.26402
2026-01-14 15:00:00,96493.14,97084.68,96188.25,96764.57,2804.69067
2026-01-14 16:00:00,96764.57,97693.66,96730.77,97293.24,2448.97546
2026-01-14 17:00:00,97293.23,97777.0,96800.0,96956.07,2017.29615
2026-01-14 18:00:00,96956.07,97110.0,96246.56,96806.55,1150.91366
2026-01-14 19:00:00,96806.54,97640.68,96688.36,97267.42,1063.44638
2026-01-14 20:00:00,97267.42,97924.49,97209.25,97655.28,1157.33493
2026-01-14 21:00:00,97655.27,97717.72,97390.0,97564.0,494.72849
2026-01-14 22:00:00,97563.99,97587.34,96772.02,96878.34,1038.79474
2026-01-14 23:00:00,96878.34,97371.33,96865.34,96951.78,437.21023
2026-01-15 00:00:00,96951.78,97000.0,96500.0,96658.03,798.45682
2026-01-15 01:00:00,96658.03,96959.09,96297.32,96445.31,701.30226
2026-01-15 02:00:00,96445.32,96617.06,96095.8,96339.91,530.33501
2026-01-15 03:00:00,96339.92,96393.58,95777.0,95985.1,791.5879
2026-01-15 04:00:00,95985.11,96387.42,95952.89,96316.27,483.75975
2026-01-15 05:00:00,96316.27,96510.57,96247.64,96429.71,419.70339
2026-01-15 06:00:00,96429.71,96588.45,96172.41,96243.78,473.63021
2026-01-15 07:00:00,96243.79,96760.15,96191.79,96630.48,679.19921
2026-01-15 08:00:00,96630.47,96662.0,96289.98,96643.0,760.49437
2026-01-15 09:00:00,96643.01,97193.34,96559.19,97040.75,1029.77719
2026-01-15 10:00:00,97040.75,97070.39,96750.0,96818.68,414.89635
2026-01-15 11:00:00,96818.68,96935.39,96580.03,96581.08,588.17595
2026-01-15 12:00:00,96581.07,96994.65,96525.24,96981.65,332.6743
2026-01-15 13:00:00,96981.66,97032.99,96620.12,96846.75,496.85903
2026-01-15 14:00:00,96846.74,97165.03,95592.69,96063.43,1629.09421
2026-01-15 15:00:00,96063.43,96791.67,95435.91,96737.04,2359.5541
2026-01-15 16:00:00,96737.04,96969.99,96272.72,96738.51,1973.14331
2026-01-15 17:00:00,96738.5,97163.0,96426.18,96636.35,2398.07402
2026-01-15 18:00:00,96636.35,96650.51,95745.25,95835.0,2117.40598
2026-01-15 19:00:00,95835.01,95920.31,95183.13,95516.01,1380.26708
2026-01-15 20:00:00,95516.01,95660.0,95134.48,95260.67,524.36978
2026-01-15 21:00:00,95260.68,95631.08,95196.0,95584.35,297.62442
2026-01-15 22:00:00,95584.36,95871.0,95488.91,95583.87,269.05055
2026-01-15 23:00:00,95583.87,95718.31,95378.58,95604.8,276.3785
2026-01-16 00:00:00,95604.81,95828.01,95570.96,95633.5,207.12295
2026-01-16 01:00:00,95633.5,95855.12,95420.75,95664.18,401.56495
2026-01-16 02:00:00,95664.17,95687.47,95393.9,95504.4,384.29986
2026-01-16 03:00:00,95504.4,95586.6,95321.58,95354.69,214.15334
2026-01-16 04:00:00,95354.69,95582.41,95133.03,95261.29,700.90747
2026-01-16 05:00:00,95261.3,95676.73,95242.18,95660.37,746.7663
2026-01-16 06:00:00,95660.38,95816.83,95534.0,95741.21,443.54681
2026-01-16 07:00:00,95741.22,95788.34,95489.6,95653.16,403.70542
2026-01-16 08:00:00,95653.16,95871.47,95570.68,95676.0,594.74259
2026-01-16 09:00:00,95676.01,95788.17,95601.5,95613.53,177.27273
2026-01-16 10:00:00,95613.53,95637.0,95280.51,95307.35,538.64006
2026-01-16 11:00:00,95307.35,95470.0,95261.43,95429.09,303.73259
2026-01-16 12:00:00,95429.09,95569.0,95353.5,95458.55,289.70117
2026-01-16 13:00:00,95458.55,95579.0,95288.05,95448.87,277.92918
2026-01-16 14:00:00,95448.86,95809.08,95192.35,95192.36,624.83754
2026-01-16 15:00:00,95192.36,95663.15,94293.46,94585.98,1821.66491
2026-01-16 16:00:00,94585.99,94990.73,94508.0,94872.55,811.28371
2026-01-16 17:00:00,94872.55,95130.49,94555.88,95076.08,513.23212
2026-01-16 18:00:00,95076.09,95215.74,94960.04,95001.19,353.51337
2026-01-16 19:00:00,95001.19,95055.31,94841.31,95002.09,176.56522
2026-01-16 20:00:00,95002.09,95561.5,94682.0,95553.6,414.87593
2026-01-16 21:00:00,95553.61,95600.0,95359.69,95523.52,341.14068
2026-01-16 22:00:00,95523.52,95574.0,95260.64,95514.0,283.10566
2026-01-16 23:00:00,95513.99,95577.89,95433.83,95550.94,143.41004
2026-01-17 00:00:00,95550.94,95578.2,95433.94,95465.97,129.13356
2026-01-17 01:00:00,95465.97,95530.0,95384.86,95399.93,104.26658
2026-01-17 02:00:00,95399.94,95412.86,95200.0,95371.35,155.12882
2026-01-17 03:00:00,95371.36,95384.87,95270.79,95372.95,132.4524
2026-01-17 04:00:00,95372.94,95372.95,95260.64,95303.64,131.52683
2026-01-17 05:00:00,95303.63,95373.64,95275.05,95323.67,103.95781
2026-01-17 06:00:00,95323.68,95347.89,95186.29,95240.07,125.70578
2026-01-17 07:00:00,95240.08,95240.08,95041.7,95101.67,197.34545
2026-01-17 08:00:00,95101.67,95260.65,95021.67,95247.51,164.49559
2026-01-17 09:00:00,95247.51,95290.08,95176.9,95260.65,104.24877
2026-01-17 10:00:00,95260.65,95271.21,95116.47,95116.48,127.2407
2026-01-17 11:00:00,95116.48,95323.86,95073.57,95323.86,218.85009
2026-01-17 12:00:00,95323.85,95412.84,95243.63,95251.15,215.62364
2026-01-17 13:00:00,95251.15,95438.33,95198.81,95438.32,227.83624
2026-01-17 14:00:00,95438.32,95544.07,95357.02,95471.18,259.56584
2026-01-17 15:00:00,95471.17,95639.45,95433.81,95573.64,747.96943
2026-01-17 16:00:00,95573.65,95576.14,95212.25,95315.23,330.67135
2026-01-17 17:00:00,95315.23,95440.8,95295.17,95357.24,141.2049
2026-01-17 18:00:00,95357.23,95465.98,95346.0,95428.25,100.5073
2026-01-17 19:00:00,95428.25,95428.25,95290.7,95291.38,64.10708
2026-01-17 20:00:00,95291.37,95383.84,95291.36,95378.18,65.25873
2026-01-17 21:00:00,95378.19,95412.86,95283.99,95302.94,114.01955
2026-01-17 22:00:00,95302.94,95302.94,95050.0,95170.97,209.18455
2026-01-17 23:00:00,95170.98,95208.96,95123.79,95147.77,110.50038
2026-01-18 00:00:00,95147.77,95250.0,95067.83,95112.47,179.02691
2026-01-18 01:00:00,95112.48,95112.48,94876.33,94966.9,243.7208
2026-01-18 02:00:00,94966.89,95069.07,94880.53,95022.01,148.4607
2026-01-18 03:00:00,95022.01,95205.74,95022.01,95200.29,149.82604
2026-01-18 04:00:00,95200.29,95200.3,95075.3,95095.68,90.87843
2026-01-18 05:00:00,95095.68,95260.0,95059.27,95188.55,176.45319
2026-01-18 06:00:00,95188.54,95199.62,95144.3,95171.43,144.72253
2026-01-18 07:00:00,95171.44,95183.3,95028.27,95028.27,293.23856
2026-01-18 08:00:00,95028.27,95195.0,95021.44,95183.93,124.9626
2026-01-18 09:00:00,95183.93,95295.35,95149.18,95275.73,312.28376
2026-01-18 10:00:00,95275.73,95295.39,95088.0,95180.66,344.24187
2026-01-18 11:00:00,95180.67,95180.67,95061.65,95168.06,178.51779
2026-01-18 12:00:00,95168.06,95178.09,95081.32,95113.25,122.90856
2026-01-18 13:00:00,95113.24,95205.4,94910.0,95146.82,328.31194
2026-01-18 14:00:00,95146.82,95376.24,94928.51,94955.79,530.3533
2026-01-18 15:00:00,94955.78,95125.47,94915.21,95119.28,195.60522
2026-01-18 16:00:00,95119.27,95186.3,95073.02,95169.35,105.98121
2026-01-18 17:00:00,95169.35,95280.24,95140.61,95274.36,147.92595
2026-01-18 18:00:00,95274.35,95521.71,95180.9,95439.6,407.32335
2026-01-18 19:00:00,95439.6,95514.0,95333.99,95380.99,260.23192
2026-01-18 20:00:00,95380.99,95441.22,95285.2,95304.01,77.90234
2026-01-18 21:00:00,95304.01,95430.45,95284.23,95430.44,81.51777
2026-01-18 22:00:00,95430.45,95531.12,95412.86,95498.61,319.96465
2026-01-18 23:00:00,95498.6,95498.6,93615.4,93673.14,1930.8188
2026-01-19 00:00:00,93673.14,93673.14,91910.2,92711.02,4221.82713
2026-01-19 01:00:00,92711.02,92875.68,92247.97,92586.65,910.87085
2026-01-19 02:00:00,92586.65,92672.0,92383.94,92566.8,452.44264
2026-01-19 03:00:00,92566.8,92776.83,92500.0,92690.09,556.40187
2026-01-19 04:00:00,92690.08,92748.32,92502.58,92665.0,506.12587
2026-01-19 05:00:00,92665.0,92811.11,92504.24,92511.77,357.86057
2026-01-19 06:00:00,92511.77,92629.26,92385.07,92583.27,427.02868
2026-01-19 07:00:00,92583.27,92861.41,92562.0,92841.62,421.22196
2026-01-19 08:00:00,92841.62,93368.44,92702.56,93259.09,865.57873
2026-01-19 09:00:00,93259.09,93268.12,92950.0,93060.06,474.82948
2026-01-19 10:00:00,93060.06,93081.3,92900.0,93064.88,263.24721
2026-01-19 11:00:00,93064.88,93317.29,92969.94,93191.96,305.33086
2026-01-19 12:00:00,93191.96,93226.44,92979.48,93070.6,586.84126
2026-01-19 13:00:00,93070.6,93151.37,92807.34,93031.86,326.88604
2026-01-19 14:00:00,93031.85,93039.6,92700.0,92812.43,417.89495
2026-01-19 15:00:00,92812.43,93081.0,92812.43,93068.62,467.20202
2026-01-19 16:00:00,93068.62,93420.0,92994.0,93301.86,380.00206
2026-01-19 17:00:00,93301.85,93389.45,93150.0,93242.99,357.60248
2026-01-19 18:00:00,93242.99,93259.39,92930.0,93065.84,235.78814
2026-01-19 19:00:00,93065.83,93154.32,93000.0,93105.85,179.79114
2026-01-19 20:00:00,93105.85,93274.82,93084.15,93141.94,178.48795
2026-01-19 21:00:00,93141.95,93342.36,93000.03,93003.42,240.63302
2026-01-19 22:00:00,93003.41,93060.0,92565.78,92565.78,374.00927
2026-01-19 23:00:00,92565.78,92750.0,92158.48,92631.0,787.62329
2026-01-20 00:00:00,92630.99,92870.0,92370.25,92717.9,325.00059
2026-01-20 01:00:00,92717.9,92867.28,92525.8,92716.48,251.70499
2026-01-20 02:00:00,92716.47,92729.94,92370.68,92552.16,354.36518
2026-01-20 03:00:00,92552.15,92650.0,92264.7,92434.92,329.07012
2026-01-20 04:00:00,92434.93,92470.37,92000.01,92062.61,363.95619
2026-01-20 05:00:00,92062.62,92084.8,91294.11,91624.18,1546.22756
2026-01-20 06:00:00,91624.19,91625.31,90771.78,90929.98,1830.88581
2026-01-20 07:00:00,90929.98,91319.05,90862.83,91177.98,907.06352
2026-01-20 08:00:00,91177.99,91255.7,90693.0,91116.0,1083.7965
2026-01-20 09:00:00,91116.0,91116.0,90899.0,91036.25,381.95269
2026-01-20 10:00:00,91036.25,91294.11,90998.08,91269.58,415.15786
2026-01-20 11:00:00,91269.57,91442.88,91214.36,91218.99,373.22315
2026-01-20 12:00:00,91218.99,91318.94,91027.74,91280.31,528.8374
2026-01-20 13:00:00,91280.31,91289.64,90777.0,90958.88,722.76892
2026-01-20 14:00:00,90958.89,91371.11,90272.53,90531.15,1809.16854
2026-01-20 15:00:00,90531.15,90808.04,89859.06,90684.95,1977.53179
2026-01-20 16:00:00,90684.95,90974.49,90023.99,90165.51,895.41274
2026-01-20 17:00:00,90165.5,90505.68,89431.1,89775.46,1552.7044
2026-01-20 18:00:00,89775.47,89958.0,89395.07,89501.0,885.28879
2026-01-20 19:00:00,89501.0,89795.45,89292.48,89725.76,781.3523
2026-01-20 20:00:00,89725.77,89854.2,89400.0,89733.99,735.02193
2026-01-20 21:00:00,89734.0,89829.11,89428.0,89476.01,445.56945
2026-01-20 22:00:00,89476.01,89645.56,87900.0,88509.18,2094.09769
2026-01-20 23:00:00,88509.18,88534.21,87895.98,88427.66,1417.16799
2026-01-21 00:00:00,88427.66,88982.0,88250.0,88936.01,1052.93124
2026-01-21 01:00:00,88936.01,89165.2,88850.0,89020.91,502.12138
2026-01-21 02:00:00,89020.91,89381.86,89000.0,89048.57,884.94036
2026-01-21 03:00:00,89048.56,89598.8,89046.0,89432.33,540.55763
2026-01-21 04:00:00,89432.33,89630.0,89354.72,89448.89,300.28776
2026-01-21 05:00:00,89448.89,90120.44,89437.25,89950.04,554.5838
2026-01-21 06:00:00,89950.03,89950.04,89491.96,89649.62,369.00614
2026-01-21 07:00:00,89649.63,89767.29,89093.28,89213.95,825.75082
2026-01-21 08:00:00,89213.96,89385.4,89000.0,89197.35,723.12982
2026-01-21 09:00:00,89197.36,89493.46,89080.0,89112.3,307.89975
2026-01-21 10:00:00,89112.3,89395.08,89080.0,89248.99,328.36365
2026-01-21 11:00:00,89248.99,89382.0,88700.0,88789.99,651.53578
2026-01-21 12:00:00,88789.99,88849.39,88196.72,88736.31,1271.35096
2026-01-21 13:00:00,88736.31,89020.32,88558.67,88672.64,735.83253
2026-01-21 14:00:00,88672.64,89993.88,88611.15,89805.43,1602.75733
2026-01-21 15:00:00,89805.43,90574.0,89759.59,90288.04,1074.26054
2026-01-21 16:00:00,90288.04,90360.0,87590.0,87602.4,2075.92566
2026-01-21 17:00:00,87602.39,88156.47,87263.53,87932.38,1818.07575
2026-01-21 18:00:00,87932.37,88657.23,87585.05,88485.43,743.38561
2026-01-21 19:00:00,88485.43,90450.0,88280.55,90355.56,1787.81485
2026-01-21 20:00:00,90355.56,90377.0,89392.0,90214.01,1099.33527
2026-01-21 21:00:00,90214.02,90339.58,89950.36,90249.18,428.70398
2026-01-21 22:00:00,90249.18,90377.0,89752.38,89763.51,414.26891
2026-01-21 23:00:00,89763.51,90212.89,89344.98,89454.73,524.6842
2026-01-22 00:00:00,89454.73,90032.5,89454.72,89908.49,394.22125
2026-01-22 01:00:00,89908.5,90198.51,89826.38,90113.19,341.32729
2026-01-22 02:00:00,90113.2,90359.99,89851.03,89938.3,436.55946
2026-01-22 03:00:00,89938.3,90166.67,89702.84,89899.51,389.70123
2026-01-22 04:00:00,89899.51,90076.77,89826.67,89998.91,327.01022
2026-01-22 05:00:00,89998.91,90075.8,89928.09,90026.3,201.60447
2026-01-22 06:00:00,90026.3,90215.79,89900.0,90172.11,274.11012
2026-01-22 07:00:00,90172.12,90196.99,89802.0,89818.79,410.94787
2026-01-22 08:00:00,89818.79,89968.28,89760.0,89920.16,241.50947
2026-01-22 09:00:00,89920.16,90113.43,89883.8,90033.02,235.39671
2026-01-22 10:00:00,90033.02,90101.83,89960.0,90078.77,307.75831
2026-01-22 11:00:00,90078.76,90150.0,89897.87,89941.26,341.2419
2026-01-22 12:00:00,89941.26,90099.99,89873.09,90021.09,250.41912
2026-01-22 13:00:00,90021.09,90340.0,89478.92,89619.81,800.98427
2026-01-22 14:00:00,89619.81,89742.67,89039.78,89088.59,1132.03645
2026-01-22 15:00:00,89088.6,89445.24,88515.37,89000.01,1328.81681
2026-01-22 16:00:00,89000.0,89270.0,88676.95,89054.06,820.87315
2026-01-22 17:00:00,89054.07,89616.04,89024.55,89550.01,536.51415
2026-01-22 18:00:00,89550.0,89797.5,89301.9,89333.94,457.15553
2026-01-22 19:00:00,89333.93,89924.46,89114.48,89777.9,489.86443
2026-01-22 20:00:00,89777.89,89946.13,89398.87,89409.72,338.82702
2026-01-22 21:00:00,89409.73,89669.21,89238.32,89268.66,272.77807
2026-01-22 22:00:00,89268.66,89566.0,89140.13,89346.99,294.98276
2026-01-22 23:00:00,89346.99,89583.62,89170.74,89559.67,200.86486
2026-01-23 00:00:00,89559.68,89638.84,89450.48,89520.01,225.79843
2026-01-23 01:00:00,89520.01,89939.39,89520.01,89939.38,281.57226
2026-01-23 02:00:00,89939.39,89979.97,89655.41,89663.48,375.68609
2026-01-23 03:00:00,89663.47,89924.78,89646.18,89924.78,261.08428
2026-01-23 04:00:00,89924.78,90088.94,89871.73,89965.42,430.92263
2026-01-23 05:00:00,89965.43,89969.02,89473.99,89616.03,360.8873
2026-01-23 06:00:00,89616.04,89799.36,89400.0,89509.59,450.16637
2026-01-23 07:00:00,89509.59,89686.4,89447.52,89549.45,487.74127
2026-01-23 08:00:00,89549.45,89632.18,89133.35,89221.46,544.19233
2026-01-23 09:00:00,89221.46,89388.71,88897.81,88977.72,632.36708
2026-01-23 10:00:00,88977.72,89160.74,88860.44,89046.49,334.46792
2026-01-23 11:00:00,89046.49,89355.51,89000.0,89202.48,481.66038
2026-01-23 12:00:00,89202.47,89383.09,89099.2,89267.83,219.71914
2026-01-23 13:00:00,89267.83,89450.18,89237.65,89350.81,297.7631
2026-01-23 14:00:00,89350.8,89733.71,88663.65,89017.85,1240.76676
2026-01-23 15:00:00,89017.85,89865.53,88578.36,89761.61,1078.68425
2026-01-23 16:00:00,89761.61,90490.06,89489.0,90124.85,1266.72506
2026-01-23 17:00:00,90124.86,91224.99,89978.4,90600.0,1346.59832
2026-01-23 18:00:00,90600.0,91039.75,90449.42,90530.45,698.45416
2026-01-23 19:00:00,90530.44,90534.59,89612.01,89982.79,1118.99851
2026-01-23 20:00:00,89982.79,90156.06,89200.68,89503.68,917.72716
2026-01-23 21:00:00,89503.67,89691.18,89317.0,89349.99,308.4371
2026-01-23 22:00:00,89349.99,89752.45,89335.35,89624.61,406.19522
2026-01-23 23:00:00,89624.6,89631.0,89472.13,89600.26,151.87407
2026-01-24 00:00:00,89600.26,89625.41,89424.39,89452.83,130.78736
2026-01-24 01:00:00,89452.83,89588.72,89450.58,89550.24,118.84415
2026-01-24 02:00:00,89550.24,89722.57,89550.24,89702.85,142.98732
2026-01-24 03:00:00,89702.85,89957.39,89670.88,89770.02,368.35777
2026-01-24 04:00:00,89770.03,89853.38,89709.08,89829.35,167.98668
2026-01-24 05:00:00,89829.36,89849.78,89751.21,89775.2,112.02746
2026-01-24 06:00:00,89775.2,89784.88,89602.22,89649.32,420.23986
2026-01-24 07:00:00,89649.33,89692.31,89572.81,89620.1,254.69309
2026-01-24 08:00:00,89620.11,89686.43,89583.02,89660.88,190.29089
2026-01-24 09:00:00,89660.88,89660.88,89600.0,89600.0,126.61337
2026-01-24 10:00:00,89600.01,89654.79,89577.97,89626.8,82.58886
2026-01-24 11:00:00,89626.79,89676.26,89595.4,89595.4,114.10267
2026-01-24 12:00:00,89595.41,89595.41,89486.87,89537.82,179.07545
2026-01-24 13:00:00,89537.82,89540.44,89368.21,89368.22,156.7089
2026-01-24 14:00:00,89368.22,89512.05,89171.75,89450.03,346.65964
2026-01-24 15:00:00,89450.03,89492.14,89263.64,89275.77,334.47117
2026-01-24 16:00:00,89275.77,89369.79,89162.08,89290.01,235.06029
2026-01-24 17:00:00,89290.01,89414.38,89252.93,89406.5,135.14408
2026-01-24 18:00:00,89406.5,89461.4,89382.05,89395.23,84.40453
2026-01-24 19:00:00,89395.22,89395.23,89276.58,89331.36,105.47816
2026-01-24 20:00:00,89331.36,89399.99,89331.35,89380.01,46.43346
2026-01-24 21:00:00,89380.0,89386.61,89270.0,89386.61,99.49846
2026-01-24 22:00:00,89386.61,89489.84,89304.85,89430.0,137.03504
2026-01-24 23:00:00,89429.99,89474.65,89215.59,89225.34,137.07871
2026-01-25 00:00:00,89225.34,89315.18,89183.49,89315.18,121.64277
2026-01-25 01:00:00,89315.18,89319.13,89102.58,89176.31,180.68432
2026-01-25 02:00:00,89176.31,89268.36,89129.62,89139.04,174.6544
2026-01-25 03:00:00,89139.04,89176.72,88838.72,88960.35,472.84604
2026-01-25 04:00:00,88960.36,89090.13,88941.03,89006.96,349.85772
2026-01-25 05:00:00,89006.97,89045.44,88870.45,88990.9,204.95163
2026-01-25 06:00:00,88990.89,88990.9,88649.98,88831.36,567.42395
2026-01-25 07:00:00,88831.36,88831.36,88635.84,88659.99,242.80483
2026-01-25 08:00:00,88659.99,88760.0,88136.0,88300.01,461.92857
2026-01-25 09:00:00,88300.0,88488.0,88238.5,88398.38,288.59867
2026-01-25 10:00:00,88398.38,88671.27,88398.37,88659.51,354.58647
2026-01-25 11:00:00,88659.52,88710.0,88536.11,88570.17,171.64836
2026-01-25 12:00:00,88570.17,88800.0,88450.0,88791.99,329.09813
2026-01-25 13:00:00,88791.98,88971.89,88650.98,88921.0,278.06
2026-01-25 14:00:00,88920.99,88938.94,88624.55,88710.1,293.57615
2026-01-25 15:00:00,88710.1,88760.35,88340.75,88446.5,370.5229
2026-01-25 16:00:00,88446.51,88448.85,87560.0,88077.26,1878.84709
2026-01-25 17:00:00,88077.25,88108.24,87767.18,87892.17,467.38462
2026-01-25 18:00:00,87892.16,87983.29,86827.1,87420.01,1893.52035
2026-01-25 19:00:00,87420.01,87508.15,86194.85,86495.16,1925.07483
2026-01-25 20:00:00,86495.17,86718.75,86222.02,86654.61,753.5591
2026-01-25 21:00:00,86654.6,87013.79,86400.0,86568.5,666.32154
2026-01-25 22:00:00,86568.51,86694.78,86217.32,86521.39,849.36578
2026-01-25 23:00:00,86521.39,86791.91,86074.72,86670.36,1129.26197
2026-01-26 00:00:00,86670.36,87167.84,86509.63,86854.86,788.16762
2026-01-26 01:00:00,86854.86,87809.99,86815.37,87698.73,1118.1087
2026-01-26 02:00:00,87698.74,87973.11,87435.18,87563.38,1015.63506
2026-01-26 03:00:00,87563.39,87691.41,87062.76,87282.05,1083.65608
2026-01-26 04:00:00,87282.04,87953.0,87244.27,87737.06,1109.49828
2026-01-26 05:00:00,87737.06,87956.27,87673.12,87826.01,765.12364
2026-01-26 06:00:00,87826.01,88031.73,87764.0,87937.44,915.62979
2026-01-26 07:00:00,87937.45,88074.48,87701.72,88000.64,768.40988
2026-01-26 08:00:00,88000.64,88424.45,87846.89,87975.39,790.54723
2026-01-26 09:00:00,87975.39,88000.0,87600.69,87663.12,543.28474
2026-01-26 10:00:00,87663.12,87950.0,87660.0,87897.55,242.4813
2026-01-26 11:00:00,87897.55,87980.0,87765.99,87855.0,244.05793
2026-01-26 12:00:00,87855.01,87971.99,87735.38,87799.45,288.85651
2026-01-26 13:00:00,87799.44,88048.0,87681.4,87960.01,556.52991
2026-01-26 14:00:00,87960.01,88508.41,87450.08,88178.1,1822.59356
2026-01-26 15:00:00,88178.09,88860.0,87325.03,87641.41,1769.32177
2026-01-26 16:00:00,87641.41,87964.6,87206.0,87606.99,686.77865
2026-01-26 17:00:00,87607.0,87789.47,87035.51,87700.62,580.63374
2026-01-26 18:00:00,87700.61,88403.73,87639.26,88403.72,550.84106
2026-01-26 19:00:00,88403.73,88537.95,87950.0,88013.19,515.97407
2026-01-26 20:00:00,88013.19,88118.0,87542.05,87629.22,428.9526
2026-01-26 21:00:00,87629.23,88238.29,87573.35,88064.69,392.85938
2026-01-26 22:00:00,88064.69,88270.29,88001.75,88140.01,324.81747
2026-01-26 23:00:00,88140.01,88659.09,88021.86,88347.08,463.75556
2026-01-27 00:00:00,88347.08,88457.3,88200.0,88353.97,302.20293
2026-01-27 01:00:00,88353.97,88700.0,88194.82,88550.61,340.87375
2026-01-27 02:00:00,88550.61,88858.96,88550.61,88831.6,479.8981
2026-01-27 03:00:00,88831.59,88898.0,88582.57,88788.0,526.26275
2026-01-27 04:00:00,88787.99,89010.0,88511.88,88579.58,508.81601
2026-01-27 05:00:00,88579.58,88586.26,88399.99,88456.3,306.33125
2026-01-27 06:00:00,88456.31,88522.86,88278.03,88332.67,277.06987
2026-01-27 07:00:00,88332.68,88555.14,88312.6,88320.41,356.10224
2026-01-27 08:00:00,88320.41,88397.85,88120.04,88170.82,305.95946
2026-01-27 09:00:00,88170.83,88170.83,87868.0,87886.82,501.6008
2026-01-27 10:00:00,87886.82,88055.75,87743.84,87786.53,315.39119
2026-01-27 11:00:00,87786.53,88093.19,87743.52,87992.74,339.68763
2026-01-27 12:00:00,87992.74,88165.24,87955.98,87986.96,497.99816
2026-01-27 13:00:00,87986.96,88076.82,87799.2,87982.15,400.06912
2026-01-27 14:00:00,87982.15,88474.23,87659.23,87745.02,762.91064
2026-01-27 15:00:00,87745.02,88189.44,87578.67,88047.46,838.96558
2026-01-27 16:00:00,88047.46,88819.89,88002.57,88641.44,1128.77578
2026-01-27 17:00:00,88641.43,88699.45,87304.33,87546.58,1183.80567
2026-01-27 18:00:00,87546.58,88510.15,87450.0,88285.05,865.62099
2026-01-27 19:00:00,88285.05,88549.32,88049.89,88408.77,469.70931
2026-01-27 20:00:00,88408.78,89497.19,88373.49,89396.16,1024.56489
2026-01-27 21:00:00,89396.03,89523.16,89008.75,89081.46,689.88066
2026-01-27 22:00:00,89081.47,89421.91,89021.61,89243.63,281.54432
2026-01-27 23:00:00,89243.63,89515.78,89143.92,89250.0,421.36315
2026-01-28 00:00:00,89249.99,89468.01,89154.8,89467.72,258.84583
2026-01-28 01:00:00,89467.73,89497.96,89196.87,89404.57,267.52883
2026-01-28 02:00:00,89404.57,89453.89,89100.01,89285.77,214.15071
2026-01-28 03:00:00,89285.78,89311.87,88985.0,89126.67,353.861
2026-01-28 04:00:00,89126.68,89160.0,88840.0,88975.04,312.10964
2026-01-28 05:00:00,88975.03,89105.56,88849.0,89084.1,326.80822
2026-01-28 06:00:00,89084.1,89400.0,89084.1,89317.47,340.81001
2026-01-28 07:00:00,89317.47,89358.51,89099.81,89134.35,370.1952
2026-01-28 08:00:00,89134.35,89258.02,88833.65,88925.47,515.45435
2026-01-28 09:00:00,88925.47,89567.26,88849.99,89567.25,490.95043
2026-01-28 10:00:00,89567.25,89703.87,89330.22,89403.77,688.45427
2026-01-28 11:00:00,89403.76,90156.72,89313.13,90080.0,1092.21486
2026-01-28 12:00:00,90079.99,90176.88,89790.0,89998.69,946.78783
2026-01-28 13:00:00,89998.69,90488.0,89969.42,90257.91,1485.47795
2026-01-28 14:00:00,90257.91,90276.78,89460.01,89617.27,997.73721
2026-01-28 15:00:00,89617.27,89849.75,88904.61,89479.66,998.88376
2026-01-28 16:00:00,89479.66,89830.0,89248.61,89629.66,744.86311
2026-01-28 17:00:00,89629.66,90600.0,89277.21,90169.88,923.32635
2026-01-28 18:00:00,90169.89,90178.91,89312.88,89546.24,748.51147
2026-01-28 19:00:00,89544.0,89719.58,89006.36,89402.58,893.3832
2026-01-28 20:00:00,89402.57,89896.0,89010.0,89130.63,590.94624
2026-01-28 21:00:00,89130.63,89490.24,88878.01,89412.17,381.49994
2026-01-28 22:00:00,89412.18,89479.04,89138.0,89396.15,156.23518
2026-01-28 23:00:00,89396.15,89471.41,89209.48,89299.99,233.14943
2026-01-29 00:00:00,89300.0,89348.0,88900.0,89143.91,431.21285
2026-01-29 01:00:00,89143.92,89159.99,88548.87,88603.56,624.81108
2026-01-29 02:00:00,88603.56,88754.64,87704.0,87907.06,1097.35161
2026-01-29 03:00:00,87907.05,88265.39,87771.3,88053.71,769.73434
2026-01-29 04:00:00,88053.71,88345.66,87901.23,88315.2,311.3438
2026-01-29 05:00:00,88315.2,88408.08,88142.66,88186.54,354.31355
2026-01-29 06:00:00,88186.53,88338.67,88168.9,88319.35,284.51762
2026-01-29 07:00:00,88319.35,88430.05,88250.0,88352.97,526.73614
2026-01-29 08:00:00,88352.96,88500.0,87907.8,88064.16,823.67262
2026-01-29 09:00:00,88064.16,88160.0,87892.0,87892.01,372.84765
2026-01-29 10:00:00,87892.0,88046.59,87832.18,87946.46,575.41561
2026-01-29 11:00:00,87946.47,88066.94,87750.01,87846.5,527.10516
2026-01-29 12:00:00,87846.5,88121.29,87817.97,88121.21,516.69113
2026-01-29 13:00:00,88121.21,88182.29,87951.67,88052.88,283.13252
2026-01-29 14:00:00,88052.87,88075.23,87008.0,87014.4,1065.77381
2026-01-29 15:00:00,87014.4,87039.51,84366.56,84934.02,8241.9564
2026-01-29 16:00:00,84934.02,85392.2,84268.17,85270.0,4076.75879
2026-01-29 17:00:00,85270.01,85638.3,84012.78,84261.66,2652.67947
2026-01-29 18:00:00,84261.66,84630.55,83415.0,83477.02,2305.76692
2026-01-29 19:00:00,83477.02,84334.97,83383.33,84012.11,1752.68525
2026-01-29 20:00:00,84012.11,84398.36,83824.9,84216.91,1089.07114
2026-01-29 21:00:00,84216.91,84706.32,84200.0,84526.57,780.67473
2026-01-29 22:00:00,84526.57,84615.74,84306.24,84570.05,335.13893
2026-01-29 23:00:00,84570.04,84737.69,84445.7,84650.16,631.99089
2026-01-30 00:00:00,84650.16,84735.75,84100.0,84192.0,730.18491
2026-01-30 01:00:00,84192.0,84192.01,81118.0,82468.02,6080.28823
2026-01-30 02:00:00,82468.01,82535.89,81154.0,82164.88,3963.98084
2026-01-30 03:00:00,82164.88,82738.89,82036.35,82676.43,1470.66915
2026-01-30 04:00:00,82676.42,83332.2,82676.42,82938.92,1147.37787
2026-01-30 05:00:00,82938.92,83329.36,82903.23,82914.19,818.20759
2026-01-30 06:00:00,82914.2,82919.21,82056.08,82602.81,1199.37024
2026-01-30 07:00:00,82602.81,83100.0,82483.27,82816.98,1624.46252
2026-01-30 08:00:00,82816.98,82995.41,82438.8,82671.7,959.74241
2026-01-30 09:00:00,82671.7,82834.19,82160.0,82363.72,1026.26025
2026-01-30 10:00:00,82363.71,82897.41,82172.02,82833.92,661.3904
2026-01-30 11:00:00,82833.92,83314.85,82682.15,83151.36,607.68303
2026-01-30 12:00:00,83151.36,83329.35,82650.0,82800.5,693.0162
2026-01-30 13:00:00,82800.49,83087.34,82421.64,82740.92,760.57185
2026-01-30 14:00:00,82740.93,83797.99,82738.68,83098.0,1785.40114
2026-01-30 15:00:00,83098.0,83616.46,82382.01,82883.94,1512.89136
2026-01-30 16:00:00,82882.84,83493.6,82549.35,83149.0,956.54558
2026-01-30 17:00:00,83149.0,83475.8,82641.6,82943.23,1094.09504
2026-01-30 18:00:00,82943.23,84160.0,81871.37,83931.13,2213.77003
2026-01-30 19:00:00,83931.13,84621.16,83917.36,84242.99,1851.84536
2026-01-30 20:00:00,84243.0,84299.99,83539.2,83906.34,2390.62988
2026-01-30 21:00:00,83906.34,84523.11,83790.44,84273.7,835.94444
2026-01-30 22:00:00,84273.71,84327.06,83918.42,84219.99,454.50219
2026-01-30 23:00:00,84220.0,84298.96,83933.82,84260.49,357.01742
2026-01-31 00:00:00,84260.5,84270.02,84014.01,84067.83,380.99765
2026-01-31 01:00:00,84067.83,84266.22,83908.0,83999.99,474.79523
2026-01-31 02:00:00,84000.0,84183.42,83815.02,84130.01,514.80351
2026-01-31 03:00:00,84130.01,84232.0,84022.69,84022.69,356.74317
2026-01-31 04:00:00,84022.7,84146.22,83941.43,83992.45,214.26773
2026-01-31 05:00:00,83992.44,84097.37,83903.7,84000.01,249.62585
2026-01-31 06:00:00,84000.01,84050.51,83638.4,83786.09,407.33324
2026-01-31 07:00:00,83786.09,83805.02,83404.67,83546.81,478.7189
2026-01-31 08:00:00,83546.82,83629.08,82560.75,83074.07,1142.87539
2026-01-31 09:00:00,83074.08,83300.0,82894.0,83109.1,471.08907
2026-01-31 10:00:00,83109.1,83203.26,82917.32,83160.0,515.13254
2026-01-31 11:00:00,83160.0,83160.0,82851.97,83020.0,279.69189
2026-01-31 12:00:00,83020.0,83140.0,82720.0,82762.0,537.57574
2026-01-31 13:00:00,82761.99,82919.29,82478.59,82767.99,539.85854
2026-01-31 14:00:00,82768.0,82928.2,80825.76,81479.99,4166.24097
2026-01-31 15:00:00,81480.0,81789.68,81088.0,81302.15,1568.15407
2026-01-31 16:00:00,81302.16,82200.0,80098.01,80365.04,5113.56418
2026-01-31 17:00:00,80365.05,80550.74,78159.9,78893.92,6669.26832
2026-01-31 18:00:00,78893.92,79143.64,75719.9,78038.38,7783.32311
2026-01-31 19:00:00,78038.39,78576.3,77194.0,77750.01,2463.45994
2026-01-31 20:00:00,77750.01,78141.95,77092.34,77999.03,1378.50317
2026-01-31 21:00:00,77999.02,78365.02,77372.69,78292.0,1330.5666
2026-01-31 22:00:00,78292.0,78499.94,78000.0,78155.17,902.43744
2026-01-31 23:00:00,78155.16,79240.0,78078.67,78741.09,1552.86508
2026-02-01 00:00:00,78741.1,79424.0,78644.09,78902.31,1738.02598
2026-02-01 01:00:00,78902.31,78943.62,78284.0,78532.17,1163.10084
2026-02-01 02:00:00,78532.32,79060.44,78378.0,78900.01,762.94469
2026-02-01 03:00:00,78900.01,79008.36,78666.73,78868.28,594.31033
2026-02-01 04:00:00,78868.29,79119.3,78720.97,78971.75,441.04188
2026-02-01 05:00:00,78973.22,79006.0,78527.13,78620.91,744.7428
2026-02-01 06:00:00,78620.9,78824.1,78266.63,78300.0,568.62406
2026-02-01 07:00:00,78300.01,78724.01,77967.69,78343.0,808.74546
2026-02-01 08:00:00,78343.0,78863.0,78252.64,78604.02,567.72389
2026-02-01 09:00:00,78604.02,79136.1,78551.15,79034.45,479.76229
2026-02-01 10:00:00,79034.45,79220.72,78148.1,78279.73,863.43565
2026-02-01 11:00:00,78279.73,78877.89,78279.72,78743.56,539.38656
2026-02-01 12:00:00,78743.57,78760.0,78244.0,78459.67,620.90729
2026-02-01 13:00:00,78459.68,78768.68,78203.21,78317.51,482.47432
2026-02-01 14:00:00,78317.51,78520.0,77236.68,78211.12,1658.37078
2026-02-01 15:00:00,78211.12,78254.2,76761.98,77593.4,2045.87767
2026-02-01 16:00:00,77593.4,77838.48,77087.76,77494.77,1084.57336
2026-02-01 17:00:00,77494.77,77748.0,77300.0,77745.32,549.82327
2026-02-01 18:00:00,77745.33,78443.1,77727.27,78029.28,791.63632
2026-02-01 19:00:00,78029.29,78106.1,77000.01,77174.78,457.49789
2026-02-01 20:00:00,77174.77,77740.91,76606.0,77103.04,1125.71882
2026-02-01 21:00:00,77103.04,77161.26,76359.87,76526.03,1221.6059
2026-02-01 22:00:00,76526.03,77779.63,76456.78,77249.31,1235.13318
2026-02-01 23:00:00,77249.31,77610.72,75700.0,76968.21,4850.01845
2026-02-02 00:00:00,76968.22,78231.26,76606.39,77672.61,1960.16053
2026-02-02 01:00:00,77672.61,77942.28,76619.69,77518.87,1238.02224
2026-02-02 02:00:00,77518.87,77555.62,76449.84,76491.17,1406.18164
2026-02-02 03:00:00,76491.18,76575.93,74604.0,76292.98,6845.40126
2026-02-02 04:00:00,76292.98,76621.28,75335.9,75894.15,2387.03559
2026-02-02 05:00:00,75894.15,75999.99,74911.14,75502.1,2327.56014
2026-02-02 06:00:00,75502.1,76834.71,74957.51,76549.32,3207.27225
2026-02-02 07:00:00,76549.32,76958.0,76327.9,76660.79,1646.53051
2026-02-02 08:00:00,76660.78,77191.15,76628.28,76881.28,1422.14452
2026-02-02 09:00:00,76881.28,77815.0,76652.0,77725.33,2196.40917
2026-02-02 10:00:00,77725.33,77876.69,77474.85,77504.54,1049.86427
2026-02-02 11:00:00,77504.54,77970.62,77451.11,77759.99,983.08962
2026-02-02 12:00:00,77760.0,78434.0,77706.0,77988.51,1103.97039
2026-02-02 13:00:00,77988.5,78458.0,77800.0,78224.79,960.76337
2026-02-02 14:00:00,78224.8,78885.0,77626.44,77844.79,2220.07608
2026-02-02 15:00:00,77844.78,79360.0,77564.62,78850.06,3238.00821
2026-02-02 16:00:00,78850.06,79288.28,78584.0,78634.76,1987.74899
2026-02-02 17:00:00,78634.75,79213.99,78603.93,78988.64,1407.01094
2026-02-02 18:00:00,78988.65,78988.65,78369.13,78569.84,992.65857
2026-02-02 19:00:00,78569.83,78697.99,78283.27,78341.5,1074.65868
2026-02-02 20:00:00,78341.5,78667.38,77888.0,78008.59,902.54602
2026-02-02 21:00:00,78008.59,78552.76,77922.0,78532.06,507.24426
2026-02-02 22:00:00,78532.07,78853.35,78528.21,78795.2,488.24484
2026-02-02 23:00:00,78795.2,78962.78,78560.0,78738.61,720.98807
2026-02-03 00:00:00,78738.6,79099.99,78408.05,79065.24,994.28607
2026-02-03 01:00:00,79065.24,79186.81,78716.79,79017.63,990.1874
2026-02-03 02:00:00,79017.64,79017.64,77800.0,77808.01,959.76758
2026-02-03 03:00:00,77808.02,78907.18,77644.09,78753.32,1068.28743
2026-02-03 04:00:00,78753.32,78999.99,78488.0,78798.39,719.00577
2026-02-03 05:00:00,78798.38,78809.78,78218.98,78240.45,581.74505
2026-02-03 06:00:00,78240.45,78665.91,77950.0,78594.17,881.03721
2026-02-03 07:00:00,78594.01,78923.93,78488.01,78794.67,705.05984
2026-02-03 08:00:00,78794.67,79084.29,78464.6,78747.96,840.3253
2026-02-03 09:00:00,78747.96,78841.35,77950.0,78400.01,972.9435
2026-02-03 10:00:00,78400.01,78560.0,78070.0,78120.36,505.87116
2026-02-03 11:00:00,78120.36,78349.24,78004.08,78079.5,475.83471
2026-02-03 12:00:00,78079.5,78416.9,78000.0,78330.26,933.6271
2026-02-03 13:00:00,78330.26,78458.89,78187.91,78307.65,529.49211
2026-02-03 14:00:00,78307.65,78434.61,77156.24,77201.22,2011.4149
2026-02-03 15:00:00,77201.21,78196.83,77055.54,78132.33,2069.08407
2026-02-03 16:00:00,78132.34,78134.53,76400.0,76488.08,3199.23624
2026-02-03 17:00:00,76488.08,76525.44,74882.28,74915.79,3210.53566
2026-02-03 18:00:00,74915.79,75302.76,73137.66,73139.13,8932.04301
2026-02-03 19:00:00,73139.12,75291.1,72945.5,74935.0,3497.82279
2026-02-03 20:00:00,74935.0,76721.25,74586.54,76475.52,2122.86901
2026-02-03 21:00:00,76475.53,76960.0,76124.05,76239.43,1110.97152
2026-02-03 22:00:00,76239.43,76299.19,75406.79,75708.83,1013.97922
2026-02-03 23:00:00,75708.82,76000.0,75428.16,75770.21,794.68224
2026-02-04 00:00:00,75770.21,76264.0,75467.22,75910.88,730.62893
2026-02-04 01:00:00,75910.88,76798.12,75910.88,76423.73,952.72942
2026-02-04 02:00:00,76423.73,76610.04,75707.41,75963.35,853.38888
2026-02-04 03:00:00,75963.35,76971.52,75906.05,76698.17,1036.93598
2026-02-04 04:00:00,76698.17,76830.69,76413.64,76479.75,577.39018
2026-02-04 05:00:00,76479.75,76526.8,76105.3,76279.99,1056.73491
2026-02-04 06:00:00,76280.0,76780.0,76259.9,76652.68,609.34015
2026-02-04 07:00:00,76652.68,76657.31,76335.46,76514.3,593.58526
2026-02-04 08:00:00,76514.3,76600.0,76068.69,76587.26,736.19473
2026-02-04 09:00:00,76587.26,76607.69,75967.1,76119.0,632.82215
2026-02-04 10:00:00,76119.0,76338.65,76069.0,76302.1,440.91077
2026-02-04 11:00:00,76302.1,76302.1,75666.0,76017.25,1102.73317
2026-02-04 12:00:00,76017.25,76260.85,76000.0,76180.85,942.91713
2026-02-04 13:00:00,76180.84,76186.98,74867.0,74867.0,1563.62436
2026-02-04 14:00:00,74867.0,75769.23,74256.0,74359.53,2801.90282
2026-02-04 15:00:00,74359.53,75328.28,73794.11,74136.36,3644.50098
2026-02-04 16:00:00,74136.48,74249.83,73076.92,73636.01,3089.62892
2026-02-04 17:00:00,73635.63,73863.92,72169.0,72576.08,5764.80542
2026-02-04 18:00:00,72576.08,74140.0,72273.68,73425.96,3480.01439
2026-02-04 19:00:00,73425.97,74007.28,73041.41,73923.29,1609.77508
2026-02-04 20:00:00,73923.3,74144.0,73425.56,73516.3,1052.61663
2026-02-04 21:00:00,73516.3,73654.0,72210.0,72799.99,1379.23839
2026-02-04 22:00:00,72800.0,73680.0,71888.0,72543.38,2426.62344
2026-02-04 23:00:00,72543.38,73520.59,72468.12,73165.83,1296.31791
2026-02-05 00:00:00,73165.84,73325.6,72754.21,72868.02,1031.56586
2026-02-05 01:00:00,72868.02,73341.18,71995.09,72421.26,1796.49365
2026-02-05 02:00:00,72421.26,72854.39,71305.55,71454.44,2979.51665
2026-02-05 03:00:00,71454.44,71884.47,71152.78,71223.25,2548.86017
2026-02-05 04:00:00,71223.25,71437.68,70701.0,70888.08,4293.99043
2026-02-05 05:00:00,70888.09,71150.16,70140.0,70732.72,4302.51294
2026-02-05 06:00:00,70732.73,70984.62,70434.05,70951.51,2020.09726
2026-02-05 07:00:00,70951.51,71622.82,70644.73,70756.85,2612.40429
2026-02-05 08:00:00,70756.86,71550.0,70683.58,71054.99,1815.06036
2026-02-05 09:00:00,71054.99,71978.58,71049.35,71550.0,1842.40706
2026-02-05 10:00:00,71549.99,71726.79,70656.59,70858.13,1618.18196
2026-02-05 11:00:00,70858.13,71063.94,69922.0,70318.35,4107.09256
2026-02-05 12:00:00,70318.35,70603.49,69163.0,69563.57,5331.37678
2026-02-05 13:00:00,69563.56,69831.85,69261.11,69688.94,2587.65964
2026-02-05 14:00:00,69688.94,70872.04,69285.71,69404.76,3459.24538
2026-02-05 15:00:00,69404.75,69616.29,66720.15,67489.07,13836.57347
2026-02-05 16:00:00,67489.08,68681.81,66955.34,68295.15,5860.78146
2026-02-05 17:00:00,68295.15,68374.79,66152.0,66181.69,6127.2285
2026-02-05 18:00:00,66181.68,66542.87,65385.0,66347.0,5703.68497
2026-02-05 19:00:00,66347.01,66637.46,65200.0,65265.65,3605.53717
2026-02-05 20:00:00,65265.66,65700.0,62345.0,63775.67,13269.97533
2026-02-05 21:00:00,63775.66,64775.0,62888.34,63213.34,6727.66673
2026-02-05 22:00:00,63213.34,64615.88,62690.9,63907.86,4776.16051
2026-02-05 23:00:00,63907.86,64908.0,62717.48,62909.86,4044.75586
2026-02-06 00:00:00,62909.87,63861.87,60000.0,63509.39,15965.67588
2026-02-06 01:00:00,63509.4,65760.0,63509.39,65714.96,6085.05108
2026-02-06 02:00:00,65714.96,66010.0,64201.28,64990.1,4172.0595
2026-02-06 03:00:00,64990.11,65172.13,63770.17,64168.33,2757.61679
2026-02-06 04:00:00,64168.33,65000.0,63914.62,64905.84,2678.77331
2026-02-06 05:00:00,64905.54,66826.5,64800.01,66408.11,3077.34633
2026-02-06 06:00:00,66408.11,66800.0,64856.88,64988.26,3562.00258
2026-02-06 07:00:00,64988.26,65543.79,64654.11,64856.0,3886.24107
2026-02-06 08:00:00,64856.0,65206.11,64500.0,64895.05,2403.94942
2026-02-06 09:00:00,64895.04,66163.0,64764.7,65799.55,2736.04998
2026-02-06 10:00:00,65799.55,66220.0,65550.0,65967.51,2067.37547
2026-02-06 11:00:00,65967.51,66755.13,65772.17,66631.32,2445.47098
2026-02-06 12:00:00,66631.32,66631.32,66114.49,66557.93,1895.66919
2026-02-06 13:00:00,66557.93,67690.7,66480.82,67316.82,4063.76595
2026-02-06 14:00:00,67316.82,68647.45,66629.36,68194.89,5594.57909
2026-02-06 15:00:00,68194.9,69192.0,67772.0,68626.0,6052.81042
2026-02-06 16:00:00,68625.99,70224.62,68428.19,69954.01,6892.60997
2026-02-06 17:00:00,69954.01,71500.0,69593.43,70753.53,5224.54006
2026-02-06 18:00:00,70753.53,70816.0,69340.91,69776.68,3217.47319
2026-02-06 19:00:00,69776.68,70952.0,69662.22,70731.46,1949.07605
2026-02-06 20:00:00,70731.45,70996.77,70000.12,70000.13,1842.94729
2026-02-06 21:00:00,70000.14,70508.75,69837.35,70358.43,1079.99332
2026-02-06 22:00:00,70358.44,71577.09,70279.09,71354.46,1439.41821
2026-02-06 23:00:00,71354.46,71751.33,70505.0,70580.26,1448.72018
2026-02-07 00:00:00,70580.26,70600.0,69718.0,69958.0,1684.48527
2026-02-07 01:00:00,69958.0,70680.54,69741.87,70471.49,1257.48702
2026-02-07 02:00:00,70471.48,70624.49,70151.51,70361.37,828.17189
2026-02-07 03:00:00,70361.36,70928.75,70270.0,70918.99,917.62946
2026-02-07 04:00:00,70918.99,71690.07,70604.55,70768.13,1760.77139
2026-02-07 05:00:00,70768.0,71191.88,69800.0,70161.5,1954.17044
2026-02-07 06:00:00,70161.51,70310.0,68757.68,68769.65,3067.81307
2026-02-07 07:00:00,68769.66,69084.55,67300.0,68087.14,6488.56676
2026-02-07 08:00:00,68087.13,68790.0,67747.65,68495.01,2785.44241
2026-02-07 09:00:00,68495.01,68763.28,67885.86,68138.2,2704.83478
2026-02-07 10:00:00,68138.19,68299.3,67582.48,67987.0,2026.15669
2026-02-07 11:00:00,67986.99,68157.21,67700.0,67972.65,1172.5817
2026-02-07 12:00:00,67972.65,69999.99,67901.89,69024.98,3372.78032
2026-02-07 13:00:00,69024.98,69364.5,68821.64,69093.98,1462.50623
2026-02-07 14:00:00,69093.98,69187.27,68358.75,68645.99,1780.47515
2026-02-07 15:00:00,68646.0,69762.46,68556.0,69151.5,2675.07885
2026-02-07 16:00:00,69151.5,69898.0,68822.51,68957.16,3767.46183
2026-02-07 17:00:00,68957.16,69408.0,68531.5,69188.81,1260.95907
2026-02-07 18:00:00,69188.81,69690.89,69009.09,69514.11,815.22684
2026-02-07 19:00:00,69514.11,69577.43,69266.66,69373.61,549.67003
2026-02-07 20:00:00,69373.61,69728.83,69252.72,69631.18,431.2072
2026-02-07 21:00:00,69631.18,69699.16,69356.16,69497.99,322.93251
2026-02-07 22:00:00,69497.99,69727.86,69325.67,69399.34,469.65551
2026-02-07 23:00:00,69399.34,69462.42,68787.34,69289.38,699.41594
2026-02-08 00:00:00,69289.37,69432.0,68888.0,69133.79,682.62238
2026-02-08 01:00:00,69133.8,69500.0,69095.17,69379.57,433.38727
2026-02-08 02:00:00,69379.57,69696.57,69167.42,69370.7,452.71707
2026-02-08 03:00:00,69370.69,69443.9,69069.65,69099.99,457.68257
2026-02-08 04:00:00,69100.0,69372.06,68952.01,69340.16,390.41434
2026-02-08 05:00:00,69340.15,69422.43,69146.47,69220.52,386.01063
2026-02-08 06:00:00,69220.53,69518.56,69090.0,69361.18,1121.01748
2026-02-08 07:00:00,69361.18,69719.07,69215.69,69710.69,980.72904
2026-02-08 08:00:00,69710.69,70796.99,69514.15,70665.59,1875.5789
2026-02-08 09:00:00,70665.59,70712.71,70094.71,70107.19,1028.89501
2026-02-08 10:00:00,70107.2,70449.99,69890.52,70266.41,1062.517
2026-02-08 11:00:00,70266.41,71220.0,70210.26,70999.98,1342.32428
2026-02-08 12:00:00,70999.99,71281.74,70707.39,71249.95,791.13826
2026-02-08 13:00:00,71249.65,71517.27,70956.0,71514.77,1080.90623
2026-02-08 14:00:00,71514.77,71554.95,71105.0,71262.19,872.42876
2026-02-08 15:00:00,71262.18,71465.93,70786.18,71188.99,914.74435
2026-02-08 16:00:00,71188.99,71256.97,70251.33,70416.0,1094.49116
2026-02-08 17:00:00,70415.99,70871.66,70407.42,70785.99,515.39696
2026-02-08 18:00:00,70786.0,71418.0,70750.0,71147.25,643.64182
2026-02-08 19:00:00,71147.24,71538.05,71142.77,71422.97,466.64362
2026-02-08 20:00:00,71422.96,71427.73,70700.03,70835.17,803.14197
2026-02-08 21:00:00,70835.17,71136.03,70524.14,70700.0,621.70092
2026-02-08 22:00:00,70700.01,71100.04,70652.11,71066.09,568.07657
2026-02-08 23:00:00,71066.09,72271.41,70000.0,70330.38,2834.32509
2026-02-09 00:00:00,70330.38,70774.4,70123.02,70502.38,961.77536
2026-02-09 01:00:00,70502.37,70926.4,70068.18,70369.53,1060.82602
2026-02-09 02:00:00,70369.53,71000.0,70220.12,70629.99,832.82995
2026-02-09 03:00:00,70629.99,71453.53,70614.07,71307.56,1165.88308
2026-02-09 04:00:00,71307.56,71359.37,70924.13,71005.01,663.12266
2026-02-09 05:00:00,71005.01,71112.0,70805.0,71044.51,554.37782
2026-02-09 06:00:00,71044.51,71044.52,70311.7,70667.95,697.3032
2026-02-09 07:00:00,70667.96,70902.51,70331.57,70422.59,1015.80172
2026-02-09 08:00:00,70422.59,70608.83,69393.97,69873.99,1595.15551
2026-02-09 09:00:00,69873.45,70116.0,69478.63,69630.35,1112.26419
2026-02-09 10:00:00,69630.35,69730.38,68420.58,68727.88,2052.69575
2026-02-09 11:00:00,68727.88,69022.89,68573.31,68928.72,1348.78221
2026-02-09 12:00:00,68928.71,69262.91,68857.97,69147.01,1009.44887
2026-02-09 13:00:00,69147.02,69299.99,68586.48,68594.57,1029.85836
2026-02-09 14:00:00,68594.56,69755.59,68308.0,69272.0,2516.24849
2026-02-09 15:00:00,69271.99,69884.82,68780.0,69563.37,2308.23216
2026-02-09 16:00:00,69563.37,70428.48,69100.0,70093.01,1734.77412
2026-02-09 17:00:00,70093.0,71000.0,69870.65,70612.29,2206.43168
2026-02-09 18:00:00,70612.29,71012.0,70088.88,70418.68,1419.6332
2026-02-09 19:00:00,70418.67,71075.31,70260.0,70957.01,878.36448
2026-02-09 20:00:00,70957.01,71126.0,70500.0,70738.71,948.93614
2026-02-09 21:00:00,70738.71,70807.75,69823.52,70400.0,1102.83201
2026-02-09 22:00:00,70400.01,70719.7,70271.13,70372.96,530.94981
2026-02-09 23:00:00,70372.96,70572.84,70083.45,70138.0,406.20163
2026-02-10 00:00:00,70138.0,70255.36,69743.8,69827.33,569.13678
2026-02-10 01:00:00,69827.34,70527.59,69827.34,70486.82,544.68673
2026-02-10 02:00:00,70486.82,70486.82,69982.27,70102.89,444.00707
2026-02-10 03:00:00,70102.9,70166.22,69208.61,69511.83,911.79715
2026-02-10 04:00:00,69511.83,69906.5,69469.58,69831.62,489.42781
2026-02-10 05:00:00,69831.62,69864.0,69210.76,69447.64,565.92441
2026-02-10 06:00:00,69447.63,69499.9,68682.0,68921.35,1241.02042
2026-02-10 07:00:00,68921.36,69218.64,68852.43,68919.66,837.11514
2026-02-10 08:00:00,68919.66,69226.16,68725.81,69142.0,730.03493
2026-02-10 09:00:00,69141.99,69417.7,68950.0,69151.5,1044.9818
2026-02-10 10:00:00,69151.5,69258.52,68921.64,68921.68,686.30742
2026-02-10 11:00:00,68921.68,69085.79,68459.89,68535.01,1128.13956
2026-02-10 12:00:00,68535.02,68855.35,68434.0,68610.12,821.53118
2026-02-10 13:00:00,68610.11,69143.6,68370.23,69027.95,992.44284
2026-02-10 14:00:00,69027.94,69591.2,67800.0,68460.4,2352.751
2026-02-10 15:00:00,68460.4,69519.72,68300.9,69293.37,1676.38862
2026-02-10 16:00:00,69293.37,69810.35,68945.23,69517.71,1394.08093
2026-02-10 17:00:00,69517.71,69993.65,69309.35,69925.31,899.7843
2026-02-10 18:00:00,69925.31,69943.44,68604.63,68894.36,897.73226
2026-02-10 19:00:00,68894.36,69303.99,68690.32,69062.01,805.90106
2026-02-10 20:00:00,69062.0,69136.91,68629.47,68753.7,425.90627
2026-02-10 21:00:00,68753.69,69005.45,68362.0,68656.21,402.88764
2026-02-10 22:00:00,68656.22,68860.4,68566.8,68707.18,289.48213
2026-02-10 23:00:00,68707.18,68860.09,68506.2,68841.29,222.30327
2026-02-11 00:00:00,68841.28,69244.45,68784.47,69201.14,437.64105
2026-02-11 01:00:00,69201.14,69292.88,68914.73,68982.0,303.52695
2026-02-11 02:00:00,68982.0,69168.52,68603.4,68677.33,398.35346
2026-02-11 03:00:00,68677.34,68751.91,68011.11,68187.99,778.71298
2026-02-11 04:00:00,68188.0,68325.0,67368.0,67584.46,1295.18481
2026-02-11 05:00:00,67584.47,67810.0,67397.86,67404.28,744.08532
2026-02-11 06:00:00,67404.28,67491.84,66557.99,66820.32,1841.79675
2026-02-11 07:00:00,66819.84,67254.6,66652.27,67032.72,1293.95919
2026-02-11 08:00:00,67032.71,67134.42,66793.93,66981.07,871.78483
2026-02-11 09:00:00,66981.08,67110.04,66716.02,66872.03,712.9704
2026-02-11 10:00:00,66872.03,66891.64,66369.49,66531.99,1318.02907
2026-02-11 11:00:00,66531.99,67110.77,66500.84,67053.03,1011.30301
2026-02-11 12:00:00,67053.03,67424.24,66959.67,67133.5,1251.20611
2026-02-11 13:00:00,67133.51,67674.3,66799.58,67454.49,1973.91228
2026-02-11 14:00:00,67454.49,68834.34,66435.62,66584.6,3127.14059
2026-02-11 15:00:00,66584.61,66818.18,65756.0,66519.73,2796.32516
2026-02-11 16:00:00,66519.72,67250.0,65952.0,66039.09,1746.45856
2026-02-11 17:00:00,66039.08,66921.12,65876.0,66518.26,1110.21085
2026-02-11 18:00:00,66518.26,67305.28,66150.66,67275.34,935.25515
2026-02-11 19:00:00,67275.34,67860.44,67105.79,67586.67,1212.94694
2026-02-11 20:00:00,67586.66,67757.7,67190.0,67555.98,514.2706
2026-02-11 21:00:00,67555.98,68369.77,67417.04,67811.17,1823.53852
2026-02-11 22:00:00,67810.2,67872.68,67387.24,67433.14,541.63723
2026-02-11 23:00:00,67433.54,67563.77,66787.7,67082.52,677.99621
2026-02-12 00:00:00,67082.52,67700.0,67055.53,67460.75,581.7604
2026-02-12 01:00:00,67460.75,68047.48,67460.75,67699.01,549.26066
2026-02-12 02:00:00,67699.01,67800.0,67418.0,67439.14,554.16819
2026-02-12 03:00:00,67439.14,67596.0,67306.61,67580.99,415.78114
2026-02-12 04:00:00,67581.0,67682.69,67000.0,67018.4,588.3789
2026-02-12 05:00:00,67018.4,67209.99,66670.45,67141.93,683.92376
2026-02-12 06:00:00,67141.92,67355.93,67014.0,67125.57,830.7495
2026-02-12 07:00:00,67125.57,67330.0,66935.64,67217.72,607.54971
2026-02-12 08:00:00,67217.71,67344.0,66891.6,67141.15,783.02638
2026-02-12 09:00:00,67141.15,67699.1,67050.0,67550.47,644.02356
2026-02-12 10:00:00,67550.46,68026.6,67404.02,68014.01,843.40689
2026-02-12 11:00:00,68014.0,68299.0,67740.0,68076.01,1397.59947
2026-02-12 12:00:00,68076.01,68162.02,67720.0,67865.31,829.25823
2026-02-12 13:00:00,67865.32,68397.5,67680.82,68376.58,960.32991
2026-02-12 14:00:00,68376.58,68410.52,67493.78,67577.02,1431.75163
2026-02-12 15:00:00,67577.02,68000.0,67014.98,67134.74,1602.90239
2026-02-12 16:00:00,67134.74,67232.04,65556.0,65863.37,3193.11571
2026-02-12 17:00:00,65863.38,66265.06,65374.56,65413.99,2100.56023
2026-02-12 18:00:00,65414.0,65800.0,65118.0,65590.95,1612.17039
2026-02-12 19:00:00,65590.95,66117.51,65274.4,65788.36,1027.63649
2026-02-12 20:00:00,65788.36,66042.24,65215.06,65428.56,894.16583
2026-02-12 21:00:00,65428.24,65900.0,65428.24,65849.87,590.26423
2026-02-12 22:00:00,65849.86,66399.94,65643.34,66288.0,642.82133
2026-02-12 23:00:00,66288.01,66488.9,66156.47,66272.17,907.1379
2026-02-13 00:00:00,66272.17,66527.09,65872.46,65918.6,765.38996
2026-02-13 01:00:00,65918.61,66619.9,65918.61,66454.95,771.58544
2026-02-13 02:00:00,66454.95,66759.61,66384.0,66663.08,476.45341
2026-02-13 03:00:00,66663.08,66814.0,66462.4,66553.08,569.96335
2026-02-13 04:00:00,66553.09,66671.62,66308.48,66329.22,462.15015
2026-02-13 05:00:00,66329.22,66502.27,66175.79,66175.79,484.2505
2026-02-13 06:00:00,66175.79,66397.86,66002.98,66359.28,613.96613
2026-02-13 07:00:00,66359.28,66568.47,66050.21,66208.96,868.05316
2026-02-13 08:00:00,66208.96,66747.38,66191.52,66699.96,603.02656
2026-02-13 09:00:00,66699.96,67062.93,66612.86,66959.71,592.93469
2026-02-13 10:00:00,66959.72,67116.0,66800.0,66977.66,516.91289
2026-02-13 11:00:00,66977.66,67226.66,66783.38,67171.42,488.71065
2026-02-13 12:00:00,67171.41,67212.28,66918.38,67084.0,405.35988
2026-02-13 13:00:00,67084.01,67615.34,66938.0,67274.15,1624.06539
2026-02-13 14:00:00,67274.14,68028.45,66867.47,67733.51,1724.03844
2026-02-13 15:00:00,67733.51,69309.8,67692.0,68692.12,3133.0872
2026-02-13 16:00:00,68692.12,69482.97,68540.83,68954.69,1775.68698
2026-02-13 17:00:00,68954.69,69250.25,68636.36,69047.99,921.29676
2026-02-13 18:00:00,69048.0,69411.44,68903.27,69129.99,1063.59333
2026-02-13 19:00:00,69129.99,69236.33,68918.79,68938.91,560.0454
2026-02-13 20:00:00,68938.91,68973.35,68683.32,68777.12,555.3285
2026-02-13 21:00:00,68777.13,69079.4,68731.75,68902.48,463.4195
2026-02-13 22:00:00,68902.48,69000.0,68726.4,68995.28,544.04056
2026-02-13 23:00:00,68995.29,69000.0,68829.2,68853.96,261.19072
2026-02-14 00:00:00,68853.97,69137.5,68768.56,69090.24,447.10398
2026-02-14 01:00:00,69090.25,69108.8,68921.54,68964.51,344.69001
2026-02-14 02:00:00,68964.51,69006.34,68845.6,68884.21,261.74234
2026-02-14 03:00:00,68884.21,69027.14,68852.0,68981.99,238.3937
2026-02-14 04:00:00,68982.0,68995.11,68789.59,68790.0,489.78591
2026-02-14 05:00:00,68790.01,68910.0,68760.0,68773.42,308.2603
2026-02-14 06:00:00,68773.41,68936.98,68730.13,68936.98,470.43757
2026-02-14 07:00:00,68936.98,69343.0,68884.56,69219.26,919.89001
2026-02-14 08:00:00,69219.27,69870.99,69218.71,69746.2,1347.80343
2026-02-14 09:00:00,69746.2,69900.0,69566.78,69714.93,555.36385
2026-02-14 10:00:00,69714.94,69714.94,69585.15,69671.86,257.25533
2026-02-14 11:00:00,69671.86,70560.01,69671.86,70505.74,1370.55448
2026-02-14 12:00:00,70505.74,70533.67,69600.0,69640.2,1278.19574
2026-02-14 13:00:00,69640.2,69771.91,69064.6,69460.0,3393.7597
2026-02-14 14:00:00,69460.0,69856.7,69208.09,69701.66,1680.0126
2026-02-14 15:00:00,69701.66,70048.39,69560.0,69778.28,751.6532
2026-02-14 16:00:00,69778.28,69815.0,69283.02,69755.1,1006.67903
2026-02-14 17:00:00,69755.1,69930.9,69609.0,69739.38,685.87401
2026-02-14 18:00:00,69739.38,69856.7,69672.55,69772.31,270.42048
2026-02-14 19:00:00,69772.3,69920.6,69619.52,69873.99,332.30706
2026-02-14 20:00:00,69873.99,70028.59,69732.75,70023.09,434.13483
2026-02-14 21:00:00,70023.1,70250.46,69668.05,69935.86,640.89584
2026-02-14 22:00:00,69935.86,70100.0,69781.0,69959.75,292.90739
2026-02-14 23:00:00,69959.74,70020.0,69723.18,69822.95,336.66314
2026-02-15 00:00:00,69822.94,69864.74,69600.0,69777.07,292.27775
2026-02-15 01:00:00,69777.06,69902.7,69350.0,69717.65,400.20039
2026-02-15 02:00:00,69717.65,69753.9,69341.27,69480.01,375.21945
2026-02-15 03:00:00,69480.0,69990.02,69251.5,69954.5,697.2437
2026-02-15 04:00:00,69954.5,70518.57,69459.35,70183.99,2275.16813
2026-02-15 05:00:00,70184.0,70472.43,70132.54,70267.61,540.45783
2026-02-15 06:00:00,70267.6,70540.99,70184.09,70405.12,505.71551
2026-02-15 07:00:00,70405.12,70926.42,70307.11,70828.42,1425.80275
2026-02-15 08:00:00,70828.43,70983.0,70182.31,70446.52,898.37828
2026-02-15 09:00:00,70446.52,70668.0,70370.3,70419.11,334.99126
2026-02-15 10:00:00,70419.12,70523.94,70208.16,70427.02,382.24903
2026-02-15 11:00:00,70427.02,70543.14,70267.6,70295.22,457.63561
2026-02-15 12:00:00,70295.22,70418.48,69309.87,69314.21,1027.34588
2026-02-15 13:00:00,69314.22,69620.06,68772.2,68930.0,1749.29694
2026-02-15 14:00:00,68930.0,69219.71,68845.72,69170.51,629.32577
2026-02-15 15:00:00,69170.51,69255.6,68888.0,69099.99,446.59665
2026-02-15 16:00:00,69100.0,69100.0,68658.0,69017.75,1442.09011
2026-02-15 17:00:00,69017.76,69085.22,68203.6,68641.21,1194.71218
2026-02-15 18:00:00,68641.21,68800.0,68274.31,68451.44,2695.36643
2026-02-15 19:00:00,68451.45,68560.84,68000.0,68286.63,2807.35363
2026-02-15 20:00:00,68286.64,68560.22,68120.0,68450.0,399.94279
2026-02-15 21:00:00,68450.0,68950.16,68450.0,68852.01,407.5596
2026-02-15 22:00:00,68852.01,69078.49,68801.06,68999.96,384.07496
2026-02-15 23:00:00,68999.96,68999.96,68319.64,68832.58,521.04745
2026-02-16 00:00:00,68832.59,69065.5,68700.0,68845.81,349.86984
2026-02-16 01:00:00,68845.81,69041.97,68454.54,68630.81,270.08273
2026-02-16 02:00:00,68630.81,68734.0,68243.68,68320.48,683.734
2026-02-16 03:00:00,68320.49,68463.96,68143.22,68424.82,453.41167
2026-02-16 04:00:00,68424.82,68894.52,68417.17,68870.07,465.20741
2026-02-16 05:00:00,68870.07,68900.0,68293.28,68385.29,353.88428
2026-02-16 06:00:00,68385.29,68527.8,68228.76,68450.8,240.56615
2026-02-16 07:00:00,68450.8,68672.59,68380.0,68587.9,362.20306
2026-02-16 08:00:00,68587.89,68798.7,68542.63,68762.85,301.81895
2026-02-16 09:00:00,68762.86,69060.77,68748.02,68992.71,453.08481
2026-02-16 10:00:00,68992.7,68992.71,68690.85,68798.22,358.68374
2026-02-16 11:00:00,68798.21,68918.22,68338.9,68812.83,495.50759
2026-02-16 12:00:00,68812.84,69848.48,68807.54,69763.24,1602.28029
2026-02-16 13:00:00,69763.24,70126.67,68225.0,68395.1,1720.62066
2026-02-16 14:00:00,68395.11,68718.3,68260.39,68427.64,1092.6004
2026-02-16 15:00:00,68427.64,68607.22,67294.11,67539.52,2148.07022
2026-02-16 16:00:00,67539.53,67974.86,67513.94,67888.7,895.58119
2026-02-16 17:00:00,67888.7,68074.12,67600.93,67951.86,501.76328
2026-02-16 18:00:00,67951.85,68245.34,67830.82,67860.13,606.24788
2026-02-16 19:00:00,67860.13,68130.0,67824.91,67913.43,262.97624
2026-02-16 20:00:00,67913.44,68549.14,67827.11,68530.0,457.58536
2026-02-16 21:00:00,68530.0,68933.85,68427.18,68862.88,534.27425
2026-02-16 22:00:00,68862.89,68890.0,68509.07,68591.02,556.75779
2026-02-16 23:00:00,68591.01,68978.88,68538.57,68892.43,348.95355
2026-02-17 00:00:00,68892.43,69042.74,68704.36,68878.27,476.69143
2026-02-17 01:00:00,68878.27,68996.67,68563.16,68618.11,499.89142
2026-02-17 02:00:00,68618.12,69241.5,68387.2,68838.48,625.65656
2026-02-17 03:00:00,68838.48,68860.68,68470.0,68474.9,367.85689
2026-02-17 04:00:00,68474.9,68707.49,68288.0,68481.67,329.69022
2026-02-17 05:00:00,68481.68,68510.76,67892.0,68245.71,633.07748
2026-02-17 06:00:00,68245.71,68519.99,68242.49,68400.0,230.38739
2026-02-17 07:00:00,68400.01,68480.0,68165.02,68388.12,314.74756
2026-02-17 08:00:00,68388.12,68479.17,68130.78,68177.53,285.96667
2026-02-17 09:00:00,68177.53,68308.37,67992.03,68126.28,404.18575
2026-02-17 10:00:00,68126.29,68194.46,67704.96,67845.3,504.39951
2026-02-17 11:00:00,67845.3,67935.73,67690.0,67854.6,507.67784
2026-02-17 12:00:00,67854.6,68299.4,67827.52,67919.49,607.94036
2026-02-17 13:00:00,67919.49,68360.5,67734.36,68136.34,716.87733
2026-02-17 14:00:00,68136.35,68337.6,66734.3,66875.06,2328.63639
2026-02-17 15:00:00,66875.06,67409.99,66621.06,67392.05,2309.0413
2026-02-17 16:00:00,67392.06,68158.1,67317.6,67517.36,1448.76651
2026-02-17 17:00:00,67517.36,67714.28,66881.08,67244.22,1144.38591
2026-02-17 18:00:00,67244.22,68227.41,67127.86,68098.62,824.93415
2026-02-17 19:00:00,68098.63,68235.39,67695.45,67793.32,785.88027
2026-02-17 20:00:00,67793.32,67928.08,67484.16,67753.3,471.88623
2026-02-17 21:00:00,67753.3,67926.29,67538.0,67680.54,253.25027
2026-02-17 22:00:00,67680.55,67788.42,67513.42,67527.72,176.97341
2026-02-17 23:00:00,67527.72,67617.46,67394.0,67503.52,240.26836
2026-02-18 00:00:00,67503.52,67627.97,67290.3,67302.65,186.99827
2026-02-18 01:00:00,67302.65,67378.26,66892.03,67165.2,545.6883
2026-02-18 02:00:00,67165.21,67421.99,67153.36,67335.04,250.64041
2026-02-18 03:00:00,67335.04,67705.65,67326.98,67629.11,243.56061
2026-02-18 04:00:00,67629.1,67900.0,67500.1,67823.54,328.68469
2026-02-18 05:00:00,67823.55,67938.0,67606.45,67654.8,311.88419
2026-02-18 06:00:00,67654.81,67976.51,67614.91,67850.52,264.75627
2026-02-18 07:00:00,67850.53,68219.81,67702.7,68106.44,528.49446
2026-02-18 08:00:00,68106.44,68476.22,68071.58,68132.82,532.69792
2026-02-18 09:00:00,68132.83,68276.0,68010.11,68157.79,339.37122
2026-02-18 10:00:00,68157.8,68184.41,67731.95,67801.26,395.11187
2026-02-18 11:00:00,67801.26,67805.08,67076.9,67369.75,654.97357
2026-02-18 12:00:00,67369.75,67689.76,67345.0,67458.06,459.50762
2026-02-18 13:00:00,67458.06,67599.7,67051.81,67236.88,549.44565
2026-02-18 14:00:00,67236.89,67362.26,66717.3,67223.76,1553.71672
2026-02-18 15:00:00,67223.77,68347.72,67192.25,67694.01,1767.46696
2026-02-18 16:00:00,67694.01,67706.94,66994.23,67145.34,1029.31402
2026-02-18 17:00:00,67145.35,67486.97,67057.13,67187.39,676.97648
2026-02-18 18:00:00,67187.4,67229.76,66200.0,66359.99,1304.49131
2026-02-18 19:00:00,66360.0,66619.0,65870.0,66177.14,1301.14212
2026-02-18 20:00:00,66177.15,66550.0,66141.9,66268.39,682.91387
2026-02-18 21:00:00,66268.4,66504.2,66053.6,66342.76,909.37392
2026-02-18 22:00:00,66342.76,66477.7,66232.02,66408.82,352.09134
2026-02-18 23:00:00,66408.83,66502.49,66275.71,66461.0,323.1366
2026-02-19 00:00:00,66461.0,66597.03,66345.0,66446.49,297.42224
2026-02-19 01:00:00,66446.49,66884.16,66446.48,66866.62,415.14671
2026-02-19 02:00:00,66866.63,66958.9,66639.99,66835.2,362.58869
2026-02-19 03:00:00,66835.2,66997.07,66727.27,66980.91,262.07528
2026-02-19 04:00:00,66980.91,67070.56,66759.0,66802.75,389.01702
2026-02-19 05:00:00,66802.74,66893.06,66679.76,66871.35,253.79395
2026-02-19 06:00:00,66871.34,67290.4,66865.43,67150.12,468.59633
2026-02-19 07:00:00,67150.12,67320.0,67028.7,67206.45,481.75258
2026-02-19 08:00:00,67206.45,67206.45,66785.56,66966.12,559.76369
2026-02-19 09:00:00,66966.12,67191.83,66754.23,66836.0,463.29328
2026-02-19 10:00:00,66836.01,66958.4,66741.77,66843.08,368.25421
2026-02-19 11:00:00,66843.08,66936.42,66478.02,66496.02,488.02461
2026-02-19 12:00:00,66496.03,66680.7,66325.34,66516.67,484.41025
2026-02-19 13:00:00,66516.67,66556.59,65763.0,65913.37,1377.50527
2026-02-19 14:00:00,65913.38,66662.3,65631.83,66421.2,1506.37269
2026-02-19 15:00:00,66421.2,66755.39,65966.0,66398.0,1083.30553
2026-02-19 16:00:00,66398.01,66514.95,65899.25,66293.53,940.96239
2026-02-19 17:00:00,66293.53,67049.99,66173.15,66369.42,899.04062
2026-02-19 18:00:00,66369.42,67073.13,66228.49,67030.49,865.51701
2026-02-19 19:00:00,67030.5,67198.1,66700.0,67050.0,706.47789
2026-02-19 20:00:00,67050.0,67166.98,66823.03,67149.11,444.88336
2026-02-19 21:00:00,67149.11,67168.86,66900.92,66916.51,265.40447
2026-02-19 22:00:00,66916.51,67000.0,66652.34,66915.14,854.02212
2026-02-19 23:00:00,66915.15,67023.61,66814.76,67003.73,304.63969
2026-02-20 00:00:00,67003.73,67486.62,66949.41,67228.91,595.00262
2026-02-20 01:00:00,67228.91,67355.79,67150.0,67279.9,313.31598
2026-02-20 02:00:00,67279.91,67347.76,67181.28,67242.03,232.09759
2026-02-20 03:00:00,67242.03,67488.67,67241.24,67366.25,332.50492
2026-02-20 04:00:00,67366.25,67402.23,67115.38,67264.83,362.39174
2026-02-20 05:00:00,67264.83,68006.0,67203.19,67790.1,1107.38598
2026-02-20 06:00:00,67790.11,67894.2,67660.12,67847.47,482.66553
2026-02-20 07:00:00,67847.47,67990.0,67767.4,67825.91,459.03505
2026-02-20 08:00:00,67825.91,67950.85,67747.33,67879.99,290.00035
2026-02-20 09:00:00,67879.99,68230.01,67879.99,68218.85,996.7879
2026-02-20 10:00:00,68218.85,68318.39,67843.42,67948.99,638.74258
2026-02-20 11:00:00,67948.99,67983.91,67280.6,67318.41,1489.10389
2026-02-20 12:00:00,67318.41,67594.0,67276.41,67541.77,603.15784
2026-02-20 13:00:00,67541.78,67541.78,66280.2,66801.62,7078.59491
2026-02-20 14:00:00,66801.62,67317.5,66532.87,67069.65,5263.48808
2026-02-20 15:00:00,67069.65,68083.98,66536.64,67582.95,3143.21056
2026-02-20 16:00:00,67582.95,67921.7,67283.24,67795.47,1312.90303
2026-02-20 17:00:00,67795.48,67795.48,66952.11,67613.37,6085.1555
2026-02-20 18:00:00,67613.38,68000.0,67466.11,67924.21,1321.6326
2026-02-20 19:00:00,67924.22,68000.0,67548.85,67646.03,854.45567
2026-02-20 20:00:00,67646.03,67885.55,67520.3,67750.4,685.93834
2026-02-20 21:00:00,67750.4,67840.0,67639.29,67825.87,451.92527
2026-02-20 22:00:00,67825.87,68116.6,67639.31,68078.13,669.63597
2026-02-20 23:00:00,68078.13,68233.99,67914.0,68020.01,582.73901
2026-02-21 00:00:00,68020.0,68051.16,67787.19,67841.0,537.54494
2026-02-21 01:00:00,67841.0,68005.99,67841.0,67951.24,250.62697
2026-02-21 02:00:00,67951.25,68099.54,67913.3,68001.05,224.56497
2026-02-21 03:00:00,68001.04,68001.04,67534.69,67667.77,569.35853
2026-02-21 04:00:00,67667.77,67846.88,67593.99,67816.97,228.62441
2026-02-21 05:00:00,67816.98,67888.4,67799.7,67851.93,141.24714
2026-02-21 06:00:00,67851.93,67924.39,67750.96,67793.38,228.15051
2026-02-21 07:00:00,67793.39,67884.74,67749.59,67856.01,118.21011
2026-02-21 08:00:00,67856.01,68079.41,67807.3,68055.03,293.16321
2026-02-21 09:00:00,68055.04,68314.54,67978.9,68147.53,599.79254
2026-02-21 10:00:00,68147.54,68250.0,68139.65,68215.54,212.21766
2026-02-21 11:00:00,68215.55,68283.34,68084.0,68092.45,279.32431
2026-02-21 12:00:00,68092.45,68218.2,67915.0,68203.42,307.88407
2026-02-21 13:00:00,68203.42,68260.0,68106.89,68259.99,202.25945
2026-02-21 14:00:00,68259.99,68644.0,68180.53,68450.01,880.51744
2026-02-21 15:00:00,68450.01,68698.7,68417.0,68615.0,427.6444
2026-02-21 16:00:00,68615.01,68630.76,68101.78,68322.6,658.4992
2026-02-21 17:00:00,68322.61,68474.01,68200.0,68437.45,212.23015
2026-02-21 18:00:00,68437.45,68644.0,68383.08,68574.0,320.28262
2026-02-21 19:00:00,68573.99,68658.5,68526.81,68543.51,219.15242
2026-02-21 20:00:00,68543.51,68605.63,68190.0,68211.19,369.37236
2026-02-21 21:00:00,68211.19,68390.93,68183.1,68379.95,170.62817
2026-02-21 22:00:00,68379.95,68437.56,67900.0,67972.0,378.72918
2026-02-21 23:00:00,67972.0,68124.54,67941.02,67975.93,202.81655
2026-02-22 00:00:00,67975.93,68060.4,67809.78,67946.0,294.60551
2026-02-22 01:00:00,67946.0,68171.46,67945.99,68159.31,265.09117
2026-02-22 02:00:00,68159.32,68222.16,67872.76,67909.68,289.41881
2026-02-22 03:00:00,67909.67,68062.03,67824.9,68041.43,265.36653
2026-02-22 04:00:00,68041.42,68086.0,67966.52,67983.5,199.56269
2026-02-22 05:00:00,67983.5,68011.75,67881.81,67977.52,154.76424
2026-02-22 06:00:00,67977.52,68178.79,67972.89,68038.13,303.09242
2026-02-22 07:00:00,68038.14,68095.57,67990.5,68005.3,266.37265
2026-02-22 08:00:00,68005.3,68019.46,67912.02,67950.1,183.6609
2026-02-22 09:00:00,67950.11,68101.46,67948.74,68053.32,173.06503
2026-02-22 10:00:00,68053.33,68153.2,68012.78,68129.56,204.92643
2026-02-22 11:00:00,68129.57,68245.0,68129.56,68219.97,171.48901
2026-02-22 12:00:00,68219.97,68232.4,67871.59,67928.22,372.42816
2026-02-22 13:00:00,67928.23,68040.8,67571.08,67652.38,679.59468
2026-02-22 14:00:00,67652.38,67682.47,67353.75,67443.89,825.57077
2026-02-22 15:00:00,67443.89,67813.2,67303.5,67684.14,653.6397
2026-02-22 16:00:00,67684.15,67718.13,67513.83,67632.76,299.2772
2026-02-22 17:00:00,67632.76,67635.22,67190.0,67384.49,691.10182
2026-02-22 18:00:00,67384.48,67461.41,67313.54,67422.62,362.52705
2026-02-22 19:00:00,67422.63,67488.7,67403.37,67428.32,222.75597
2026-02-22 20:00:00,67428.32,67491.96,67350.0,67401.74,272.50364
2026-02-22 21:00:00,67401.74,67643.94,67401.74,67612.66,235.86316
2026-02-22 22:00:00,67612.66,67751.44,67485.34,67666.16,369.66378
2026-02-22 23:00:00,67666.16,67730.98,67469.58,67643.4,418.79352
2026-02-23 00:00:00,67643.39,67684.86,66715.01,66740.47,765.22691
2026-02-23 01:00:00,66740.47,66740.47,64290.71,64427.65,7324.06208
2026-02-23 02:00:00,64427.64,64916.85,64325.98,64783.56,1843.2569
2026-02-23 03:00:00,64783.56,65079.79,64700.0,64934.17,1090.11911
2026-02-23 04:00:00,64934.18,65040.29,64685.64,64808.31,792.86138
2026-02-23 05:00:00,64808.31,65294.8,64796.85,65070.9,1215.1894
2026-02-23 06:00:00,65070.9,65802.09,65033.9,65757.32,1085.08146
2026-02-23 07:00:00,65757.33,66015.22,65641.55,65958.94,1026.69503
2026-02-23 08:00:00,65958.94,65958.94,65565.78,65676.44,895.54696
2026-02-23 09:00:00,65676.44,66456.5,65672.76,66404.91,974.96031
2026-02-23 10:00:00,66404.92,66600.0,66220.0,66319.69,789.042
2026-02-23 11:00:00,66319.69,66487.37,66114.22,66207.23,534.45165
2026-02-23 12:00:00,66207.23,66511.51,65886.51,66280.4,754.07687
2026-02-23 13:00:00,66280.4,66430.52,66103.35,66132.66,807.41354
2026-02-23 14:00:00,66132.65,66264.95,65529.73,65923.53,971.74614
2026-02-23 15:00:00,65923.52,66250.0,65579.53,65660.1,1263.10354
2026-02-23 16:00:00,65660.1,65724.28,65178.83,65364.65,1502.46383
2026-02-23 17:00:00,65364.66,65451.01,64152.04,64813.26,2524.7894
2026-02-23 18:00:00,64813.27,65194.51,64586.0,64635.49,994.68933
2026-02-23 19:00:00,64635.49,64855.18,64048.71,64295.1,2158.00321
2026-02-23 20:00:00,64295.11,64487.94,63888.79,64473.14,1313.21455
2026-02-23 21:00:00,64473.14,64783.54,64459.44,64580.66,593.24685
2026-02-23 22:00:00,64580.66,65035.98,64555.59,64725.56,1451.85665
2026-02-23 23:00:00,64725.56,64900.63,64538.9,64656.02,404.81213
2026-02-24 00:00:00,64656.01,65026.75,64656.01,64941.43,437.59997
2026-02-24 01:00:00,64941.42,64941.42,63433.84,64160.27,2402.75927
2026-02-24 02:00:00,64160.26,64500.0,64000.0,64109.81,599.63527
2026-02-24 03:00:00,64109.8,64109.8,63342.9,63595.51,1312.76931
2026-02-24 04:00:00,63595.51,63628.52,62868.69,63378.84,2096.9105
2026-02-24 05:00:00,63378.84,63551.58,62700.8,63104.79,1274.07037
2026-02-24 06:00:00,63104.79,63322.28,62900.0,63082.79,677.94768
2026-02-24 07:00:00,63082.79,63367.2,62866.42,63192.96,890.96125
2026-02-24 08:00:00,63192.79,63444.66,63009.92,63392.15,669.14656
2026-02-24 09:00:00,63392.15,63411.8,62908.92,63249.99,657.17066
2026-02-24 10:00:00,63250.0,63369.71,63112.7,63284.5,447.19211
2026-02-24 11:00:00,63284.51,63317.95,63063.63,63227.1,461.08382
2026-02-24 12:00:00,63227.11,63343.59,62965.21,62969.05,642.15852
2026-02-24 13:00:00,62969.04,63100.0,62510.28,62900.0,2362.19948
2026-02-24 14:00:00,62900.01,63834.21,62762.03,63453.99,1408.18955
2026-02-24 15:00:00,63454.0,64031.76,63300.0,63973.97,1127.10688
2026-02-24 16:00:00,63973.98,64428.9,63689.54,64265.52,1423.20973
2026-02-24 17:00:00,64265.53,64520.0,64042.8,64219.71,1017.32505
2026-02-24 18:00:00,64219.7,64500.0,63872.72,64435.06,809.89318
2026-02-24 19:00:00,64435.05,64743.11,64250.52,64435.03,722.29463
2026-02-24 20:00:00,64435.03,64591.99,64318.03,64472.9,409.22444
2026-02-24 21:00:00,64472.9,64472.9,63820.5,64042.66,576.40912
2026-02-24 22:00:00,64042.66,64227.81,63973.79,64120.95,288.16182
2026-02-24 23:00:00,64120.96,64248.65,63853.99,64058.15,389.41705
2026-02-25 00:00:00,64058.15,64319.29,63913.27,64224.3,292.38037
2026-02-25 01:00:00,64224.29,66300.0,64145.2,65896.75,2840.08056
2026-02-25 02:00:00,65896.74,66310.0,65866.66,65884.83,1252.91602
2026-02-25 03:00:00,65884.84,65955.87,65350.28,65391.73,801.79518
2026-02-25 04:00:00,65391.74,65650.0,65116.65,65457.99,723.49717
2026-02-25 05:00:00,65458.0,65511.21,64755.26,64882.76,831.61343
2026-02-25 06:00:00,64882.77,65124.04,64865.78,64898.22,394.76962
2026-02-25 07:00:00,64898.22,65193.25,64781.18,65028.3,682.59011
2026-02-25 08:00:00,65028.3,65586.87,64955.79,65530.49,694.36389
2026-02-25 09:00:00,65530.48,65692.62,65396.47,65558.71,545.80832
2026-02-25 10:00:00,65558.71,65648.74,65345.0,65400.87,315.12553
2026-02-25 11:00:00,65400.87,65485.91,65200.8,65430.04,442.6001
2026-02-25 12:00:00,65430.04,66240.0,65324.62,66068.94,1316.71816
2026-02-25 13:00:00,66068.94,66684.1,66025.39,66248.62,1860.04287
2026-02-25 14:00:00,66248.63,67009.78,66202.66,66973.2,2180.16784
2026-02-25 15:00:00,66973.19,67578.0,66715.13,67412.33,2522.90832
2026-02-25 16:00:00,67412.32,68332.0,67404.0,68297.35,2059.42933
2026-02-25 17:00:00,68297.35,68879.96,68016.53,68674.2,2463.18666
2026-02-25 18:00:00,68674.2,69550.0,68373.33,69328.07,2105.00773
2026-02-25 19:00:00,69328.06,69406.93,68764.94,69038.26,1672.83962
2026-02-25 20:00:00,69038.26,69374.95,68619.22,69148.69,1076.93003
2026-02-25 21:00:00,69148.69,69988.83,68773.83,68919.72,1562.1195
2026-02-25 22:00:00,68919.72,69176.0,68055.91,68432.13,1092.88431
2026-02-25 23:00:00,68432.13,68696.97,67600.0,67988.04,1020.21792
2026-02-26 00:00:00,67988.04,68539.17,67727.52,68335.99,1134.56842
2026-02-26 01:00:00,68335.99,68700.0,68210.35,68248.3,619.19035
2026-02-26 02:00:00,68248.3,68351.0,67779.93,68257.45,833.1941
2026-02-26 03:00:00,68257.46,68379.59,68044.18,68216.86,408.51743
2026-02-26 04:00:00,68216.87,68860.0,68179.62,68571.36,587.55874
2026-02-26 05:00:00,68571.36,68571.37,68127.58,68443.81,486.81983
2026-02-26 06:00:00,68443.82,68522.0,68042.9,68176.75,618.63359
2026-02-26 07:00:00,68176.75,68290.18,67817.87,67825.04,840.14406
2026-02-26 08:00:00,67825.05,68236.0,67792.0,67954.01,761.69108
2026-02-26 09:00:00,67954.0,68644.59,67933.25,68589.41,1095.31619
2026-02-26 10:00:00,68589.41,68722.64,68257.64,68301.62,688.66072
2026-02-26 11:00:00,68301.61,68404.25,67965.46,68051.31,722.94931
2026-02-26 12:00:00,68051.3,68303.83,68009.88,68171.56,642.07881
2026-02-26 13:00:00,68171.55,68213.98,67848.69,67905.35,698.96783
2026-02-26 14:00:00,67905.34,68272.21,67264.22,67697.74,1769.26733
2026-02-26 15:00:00,67696.89,67743.36,66761.16,67382.0,2095.8814
2026-02-26 16:00:00,67382.0,67566.85,66500.0,66643.55,2050.20093
2026-02-26 17:00:00,66643.56,67044.1,66600.46,66826.8,885.82755
2026-02-26 18:00:00,66826.8,67373.9,66575.73,67310.53,1058.47196
2026-02-26 19:00:00,67310.53,67903.12,67285.99,67589.22,1235.95013
2026-02-26 20:00:00,67589.21,67831.11,67269.42,67414.07,597.88987
2026-02-26 21:00:00,67414.07,67575.97,67150.14,67463.65,299.84732
2026-02-26 22:00:00,67463.65,67630.22,67301.75,67572.3,291.6336
2026-02-26 23:00:00,67572.3,67656.11,67390.65,67485.18,314.51737
2026-02-27 00:00:00,67485.19,67537.84,67000.0,67226.5,462.9103
2026-02-27 01:00:00,67226.5,67398.86,66885.0,67352.26,818.15438
2026-02-27 02:00:00,67352.26,67546.15,67263.56,67266.58,463.09611
2026-02-27 03:00:00,67266.58,67712.16,67099.71,67600.84,415.67371
2026-02-27 04:00:00,67600.84,68216.8,67578.67,67747.49,1318.53811
2026-02-27 05:00:00,67747.49,67924.0,67683.3,67724.99,411.56603
2026-02-27 06:00:00,67725.0,67823.9,67525.46,67658.14,398.60368
2026-02-27 07:00:00,67658.14,67774.48,67459.3,67690.6,896.56486
2026-02-27 08:00:00,67690.6,68079.83,67655.86,67926.24,712.98047
2026-02-27 09:00:00,67926.25,68149.93,67284.22,67355.73,1377.2902
2026-02-27 10:00:00,67355.72,67416.78,66574.0,66604.91,1414.83211
2026-02-27 11:00:00,66604.9,66778.68,65960.01,66126.99,1399.59256
2026-02-27 12:00:00,66126.99,66217.42,65734.71,65928.01,1855.03329
2026-02-27 13:00:00,65928.01,66344.9,65649.34,66270.55,1278.55317
2026-02-27 14:00:00,66270.55,66334.87,65686.64,65887.59,1404.23206
2026-02-27 15:00:00,65887.59,66311.11,65845.18,66095.4,957.11978
2026-02-27 16:00:00,66095.4,66121.03,65462.93,65475.21,1135.56487
2026-02-27 17:00:00,65475.21,65765.06,65113.72,65703.19,1265.39709
2026-02-27 18:00:00,65703.18,65788.07,65228.33,65314.76,623.00837
2026-02-27 19:00:00,65314.76,65457.35,65172.6,65392.18,851.95591
2026-02-27 20:00:00,65392.18,65666.66,65392.18,65594.67,444.86468
2026-02-27 21:00:00,65594.67,65749.94,65400.0,65527.59,282.6564
2026-02-27 22:00:00,65527.59,65673.33,64914.46,65637.99,713.5349
2026-02-27 23:00:00,65638.0,65953.2,65551.67,65872.1,326.8612
2026-02-28 00:00:00,65872.09,66025.52,65721.13,65942.0,334.42449
2026-02-28 01:00:00,65942.01,65971.93,65743.71,65770.36,267.81274
2026-02-28 02:00:00,65770.36,66018.85,65761.94,65961.13,204.09288
2026-02-28 03:00:00,65961.13,65982.34,65745.39,65797.42,239.41397
2026-02-28 04:00:00,65797.42,65818.44,65488.0,65663.2,311.53682
2026-02-28 05:00:00,65663.21,65729.65,65500.0,65591.03,300.20395
2026-02-28 06:00:00,65591.03,65591.04,63030.0,63216.01,3175.19445
2026-02-28 07:00:00,63216.01,64327.22,63038.0,63826.0,2127.97927
2026-02-28 08:00:00,63825.99,63877.09,63411.39,63473.28,1118.13838
2026-02-28 09:00:00,63473.27,64005.35,63372.1,63658.54,737.11739
2026-02-28 10:00:00,63658.55,64053.93,63452.64,64010.39,1633.42712
2026-02-28 11:00:00,64010.38,64307.44,63791.25,63844.2,1245.63976
2026-02-28 12:00:00,63844.2,64082.66,63827.2,64017.19,474.84169
2026-02-28 13:00:00,64017.18,65216.97,63888.89,65106.44,1748.13055
2026-02-28 14:00:00,65106.45,65360.51,64278.5,64435.61,1331.97244
2026-02-28 15:00:00,64435.62,65020.75,64200.0,64841.18,731.53889
2026-02-28 16:00:00,64841.17,65206.25,64681.81,65094.3,500.23365
2026-02-28 17:00:00,65094.29,65555.0,64828.03,65442.62,595.58409
2026-02-28 18:00:00,65442.61,66157.61,65185.7,65911.84,830.58148
2026-02-28 19:00:00,65911.83,66666.65,65602.65,66362.01,1072.73124
2026-02-28 20:00:00,66362.01,67151.68,66190.61,66959.62,840.13263
2026-02-28 21:00:00,66959.63,67055.56,66368.42,66723.22,934.75984
2026-02-28 22:00:00,66723.23,67760.0,66608.82,67103.64,1310.09118
2026-02-28 23:00:00,67103.63,67210.0,66733.73,66973.26,483.13759
2026-03-01 00:00:00,66973.26,67121.8,66620.5,66791.29,560.35194
2026-03-01 01:00:00,66791.29,67703.32,66042.72,67339.36,1630.19028
2026-03-01 02:00:00,67339.36,68199.99,67339.36,67620.65,1861.8227
2026-03-01 03:00:00,67620.65,67813.33,67400.0,67502.16,637.99716
2026-03-01 04:00:00,67502.16,67612.14,67079.36,67346.5,631.60541
2026-03-01 05:00:00,67346.5,67574.65,67200.0,67292.09,437.89406
2026-03-01 06:00:00,67292.08,67345.8,66749.35,66926.68,1159.96329
2026-03-01 07:00:00,66926.69,67235.72,66784.58,67141.39,937.93278
2026-03-01 08:00:00,67141.4,67292.3,66389.33,66560.14,1475.81311
2026-03-01 09:00:00,66560.14,66771.1,66246.95,66410.08,815.73368
2026-03-01 10:00:00,66410.09,66731.47,66215.71,66467.06,621.17753
2026-03-01 11:00:00,66467.07,66661.61,66372.27,66468.03,338.19615
2026-03-01 12:00:00,66468.04,66550.0,66241.97,66296.48,388.82935
2026-03-01 13:00:00,66296.48,67360.57,66132.27,66934.79,1311.02111
2026-03-01 14:00:00,66934.8,67320.19,66752.58,66847.8,911.62631
2026-03-01 15:00:00,66847.8,67243.69,66828.6,66842.42,1028.55576
2026-03-01 16:00:00,66842.42,67112.37,65730.28,66135.45,1500.74296
2026-03-01 17:00:00,66135.45,66219.77,65699.98,65979.61,952.1973
2026-03-01 18:00:00,65979.61,66657.44,65979.61,66316.83,906.08265
2026-03-01 19:00:00,66316.84,66345.95,65772.29,65962.17,541.15631
2026-03-01 20:00:00,65962.16,65962.16,65084.02,65300.0,961.21349
2026-03-01 21:00:00,65300.01,65756.5,65281.83,65666.2,996.50526
2026-03-01 22:00:00,65666.19,66491.43,65056.0,65268.71,1763.29476
2026-03-01 23:00:00,65268.71,66080.0,65125.67,65776.47,831.95524
2026-03-02 00:00:00,65776.48,66796.44,65761.04,66501.52,990.0826
2026-03-02 01:00:00,66501.52,67079.0,66358.45,66532.02,886.93071
2026-03-02 02:00:00,66532.02,66609.94,65890.5,66276.77,554.16265
2026-03-02 03:00:00,66276.77,67037.22,66101.07,66820.03,509.4124
2026-03-02 04:00:00,66820.03,66975.74,66633.13,66862.12,750.65203
2026-03-02 05:00:00,66862.11,66995.64,66547.81,66730.78,887.19458
2026-03-02 06:00:00,66730.78,66739.45,66062.83,66204.9,677.75967
2026-03-02 07:00:00,66204.9,66209.46,65542.6,66007.52,1294.85905
2026-03-02 08:00:00,66007.8,66306.0,65654.54,66282.0,1104.41132
2026-03-02 09:00:00,66281.99,66720.84,66164.96,66168.62,1786.28426
2026-03-02 10:00:00,66168.61,66381.74,66079.24,66316.4,436.29038
2026-03-02 11:00:00,66316.39,66462.4,66003.59,66359.68,1034.77975
2026-03-02 12:00:00,66359.67,66391.38,65874.92,65963.43,763.09374
2026-03-02 13:00:00,65963.43,66157.28,65350.0,65440.01,1576.81345
2026-03-02 14:00:00,65440.01,67220.81,65259.21,67177.06,3015.13713
2026-03-02 15:00:00,67177.05,69617.74,66975.29,69130.2,5476.56874
2026-03-02 16:00:00,69130.2,70096.0,68933.69,69428.62,3440.03188
2026-03-02 17:00:00,69428.62,69578.0,68793.88,69198.0,1445.4415
2026-03-02 18:00:00,69198.0,69268.15,68727.83,68877.67,1055.7431
2026-03-02 19:00:00,68877.67,69049.32,68576.18,68966.53,886.89114
2026-03-02 20:00:00,68966.52,69505.0,68584.9,69106.58,1028.13825
2026-03-02 21:00:00,69106.58,69539.77,69000.71,69413.82,441.38382
2026-03-02 22:00:00,69413.82,69501.62,69136.36,69440.49,1330.59238
2026-03-02 23:00:00,69440.48,69479.58,68740.0,68830.06,637.72978
2026-03-03 00:00:00,68830.06,69166.61,68644.38,69092.88,602.91075
2026-03-03 01:00:00,69092.89,69258.08,68755.0,68760.01,452.46998
2026-03-03 02:00:00,68760.01,68774.13,68210.71,68512.17,848.26905
2026-03-03 03:00:00,68512.17,68550.0,68231.47,68377.94,458.44735
2026-03-03 04:00:00,68377.94,68454.63,68050.11,68123.2,436.46143
2026-03-03 05:00:00,68123.19,68617.42,67845.84,67947.75,913.85345
2026-03-03 06:00:00,67947.75,68250.24,67800.0,68106.73,821.19287
2026-03-03 07:00:00,68106.73,68275.2,67951.24,68172.8,1165.60519
2026-03-03 08:00:00,68172.79,68311.83,66905.0,67003.3,1883.4522
2026-03-03 09:00:00,67003.3,67184.71,66340.14,66647.98,1767.88336
2026-03-03 10:00:00,66647.98,67030.75,66440.46,66860.3,1159.50732
2026-03-03 11:00:00,66860.3,67166.5,66779.37,67026.61,1271.91624
2026-03-03 12:00:00,67026.6,67973.2,67025.93,67399.85,1323.51079
2026-03-03 13:00:00,67399.85,67435.0,66635.3,66931.31,709.75818
2026-03-03 14:00:00,66931.32,67603.94,66158.0,66568.95,1714.82463
2026-03-03 15:00:00,66568.95,67834.93,66471.79,67725.81,1695.1952
2026-03-03 16:00:00,67725.82,68999.0,67473.09,68175.9,2581.91143
2026-03-03 17:00:00,68175.89,68400.0,67626.53,68318.66,982.14848
2026-03-03 18:00:00,68318.66,68914.01,67976.47,68628.49,974.13002
2026-03-03 19:00:00,68628.5,68888.88,68312.83,68435.0,946.51026
2026-03-03 20:00:00,68435.0,68591.24,68092.1,68266.0,592.99873
2026-03-03 21:00:00,68265.99,68265.99,67832.3,68024.62,519.92364
2026-03-03 22:00:00,68024.63,68524.54,68024.62,68327.2,573.87256
2026-03-03 23:00:00,68327.2,68860.0,68245.64,68338.0,575.48869
2026-03-04 00:00:00,68338.01,68413.9,67857.61,68093.19,767.61923
2026-03-04 01:00:00,68093.2,68909.34,67963.28,68405.0,1294.62328
2026-03-04 02:00:00,68405.0,68447.72,67984.56,68323.33,798.11328
2026-03-04 03:00:00,68323.33,68383.63,67400.0,67732.2,954.50771
2026-03-04 04:00:00,67732.19,67954.89,67467.6,67786.0,1066.3898
2026-03-04 05:00:00,67786.0,68397.84,67682.64,68206.59,666.28769
2026-03-04 06:00:00,68206.58,68678.76,68048.63,68508.02,1288.48108
2026-03-04 07:00:00,68508.02,69668.0,68349.49,69493.13,2067.68212
2026-03-04 08:00:00,69493.14,71163.0,69098.91,71011.4,4675.3565
2026-03-04 09:00:00,71011.4,71893.0,70724.26,71520.76,4196.19004
2026-03-04 10:00:00,71520.76,71878.17,71200.0,71348.92,2079.39146
2026-03-04 11:00:00,71348.92,71499.75,70928.25,71111.4,1195.15977
2026-03-04 12:00:00,71111.4,71364.14,70588.0,71339.71,1486.53558
2026-03-04 13:00:00,71339.72,71624.99,71214.4,71477.17,1568.2684
2026-03-04 14:00:00,71477.17,72633.0,71300.1,71621.04,4139.0795
2026-03-04 15:00:00,71621.03,73479.75,71580.62,73396.88,4184.35996
2026-03-04 16:00:00,73396.87,73500.0,72541.69,73294.84,2627.55973
2026-03-04 17:00:00,73294.84,73759.99,72932.8,73218.92,2258.8783
2026-03-04 18:00:00,73218.93,73700.0,72912.11,73693.5,1121.5369
2026-03-04 19:00:00,73693.5,74050.0,73516.0,73611.1,2657.03129
2026-03-04 20:00:00,73611.67,73716.0,73001.05,73019.68,904.52712
2026-03-04 21:00:00,73019.69,73322.93,72878.0,73309.72,836.52696
2026-03-04 22:00:00,73309.73,73523.31,72638.29,72705.86,894.79856
2026-03-04 23:00:00,72705.86,72880.88,72313.04,72666.77,1190.17184
2026-03-05 00:00:00,72666.77,73000.0,72553.65,72760.0,1004.77646
2026-03-05 01:00:00,72759.99,73306.82,72409.1,72538.72,821.18852
2026-03-05 02:00:00,72538.72,72916.5,72336.76,72506.19,628.62779
2026-03-05 03:00:00,72506.18,72750.0,72344.51,72497.89,668.37206
2026-03-05 04:00:00,72497.89,73081.08,72447.96,72815.7,750.0071
2026-03-05 05:00:00,72815.7,72912.82,72260.74,72412.15,1085.89796
2026-03-05 06:00:00,72412.15,72655.23,72037.56,72553.62,1063.1049
2026-03-05 07:00:00,72553.63,72675.07,71759.95,72055.5,1447.01462
2026-03-05 08:00:00,72055.5,72370.21,71757.17,72333.7,1421.17898
2026-03-05 09:00:00,72333.7,72875.85,72298.83,72591.59,1160.78148
2026-03-05 10:00:00,72591.59,73558.15,72517.06,73388.92,1589.2678
2026-03-05 11:00:00,73388.91,73449.96,72766.75,72915.79,2091.15218
2026-03-05 12:00:00,72915.8,73063.38,72666.93,72890.73,729.99152
2026-03-05 13:00:00,72890.73,72935.3,72189.7,72467.79,1108.98859
2026-03-05 14:00:00,72467.79,72835.73,71944.18,72609.29,1446.63499
2026-03-05 15:00:00,72609.3,72770.0,71168.65,71652.77,2321.94313
2026-03-05 16:00:00,71652.77,71654.65,70786.06,71305.92,1736.25108
2026-03-05 17:00:00,71305.92,71572.0,70645.47,70704.41,1223.37093
2026-03-05 18:00:00,70703.37,71090.32,70656.63,70990.65,720.55573
2026-03-05 19:00:00,70990.66,71430.78,70870.0,70918.07,626.47744
2026-03-05 20:00:00,70918.08,71394.45,70840.0,71236.51,496.74041
2026-03-05 21:00:00,71236.51,71572.3,71023.52,71141.93,546.48691
2026-03-05 22:00:00,71141.93,71364.45,71074.45,71208.54,834.62565
2026-03-05 23:00:00,71208.54,71292.44,70777.0,70890.72,1067.0763
2026-03-06 00:00:00,70891.02,71047.95,70784.0,70988.19,673.4608
2026-03-06 01:00:00,70988.19,71301.74,70344.03,71257.2,1057.89391
2026-03-06 02:00:00,71257.2,71419.98,71036.0,71252.43,752.48392
2026-03-06 03:00:00,71252.43,71305.42,71000.0,71080.38,548.09403
2026-03-06 04:00:00,71080.37,71120.17,70270.21,70613.61,667.82412
2026-03-06 05:00:00,70613.61,70658.01,70143.19,70436.19,966.11543
2026-03-06 06:00:00,70436.18,70853.37,70261.23,70597.23,672.31367
2026-03-06 07:00:00,70597.23,71192.76,70468.97,71056.44,782.05786
2026-03-06 08:00:00,71056.44,71067.58,70735.85,70789.49,569.42569
2026-03-06 09:00:00,70789.49,70808.65,70300.0,70565.56,637.9756
2026-03-06 10:00:00,70565.56,70800.0,70467.88,70527.93,469.81877
2026-03-06 11:00:00,70527.93,70643.27,70184.01,70212.95,763.93539
2026-03-06 12:00:00,70212.94,70224.84,69660.0,69907.0,1907.43626
2026-03-06 13:00:00,69907.0,70341.76,69208.0,69208.0,2069.72961
2026-03-06 14:00:00,69213.18,69273.87,68176.47,68409.89,3148.50679
2026-03-06 15:00:00,68409.89,69100.0,68306.0,68504.71,1428.68549
2026-03-06 16:00:00,68504.71,68795.44,68222.0,68446.52,955.00949
2026-03-06 17:00:00,68446.52,68642.69,67744.78,67955.1,1236.78923
2026-03-06 18:00:00,67955.1,68476.47,67955.1,68181.2,514.98068
2026-03-06 19:00:00,68181.2,68485.01,68004.15,68131.79,617.63492
2026-03-06 20:00:00,68131.79,68285.71,67777.0,68111.03,668.6183
2026-03-06 21:00:00,68111.03,68333.33,67919.72,68289.1,604.80896
2026-03-06 22:00:00,68289.11,68440.92,68221.38,68319.89,304.91261
2026-03-06 23:00:00,68319.9,68371.24,68105.71,68114.02,611.37569
2026-03-07 00:00:00,68114.02,68394.09,68105.73,68290.45,653.38105
2026-03-07 01:00:00,68290.46,68369.11,68180.95,68262.01,316.06145
2026-03-07 02:00:00,68262.01,68367.73,68060.6,68350.04,316.96409
2026-03-07 03:00:00,68350.05,68551.04,68095.5,68095.5,450.32011
2026-03-07 04:00:00,68095.5,68147.73,67817.0,68063.43,621.66509
2026-03-07 05:00:00,68063.42,68140.49,67908.0,68018.26,493.88772
2026-03-07 06:00:00,68018.27,68021.14,67612.21,67690.86,489.36583
2026-03-07 07:00:00,67690.86,67865.23,67446.41,67842.67,768.74899
2026-03-07 08:00:00,67842.67,68045.07,67720.98,67795.4,465.95331
2026-03-07 09:00:00,67795.4,68074.97,67738.31,68000.0,332.46219
2026-03-07 10:00:00,68000.0,68102.73,67870.43,67880.31,319.42039
2026-03-07 11:00:00,67880.31,68232.27,67841.67,68010.01,372.24149
2026-03-07 12:00:00,68010.0,68085.41,67900.01,67992.54,359.03867
2026-03-07 13:00:00,67992.54,68081.16,67855.82,67931.06,318.23636
2026-03-07 14:00:00,67931.06,68083.79,67609.44,68016.7,473.27443
2026-03-07 15:00:00,68016.7,68034.67,67769.89,67877.45,577.84468
2026-03-07 16:00:00,67877.45,67889.68,67702.2,67783.63,349.2691
2026-03-07 17:00:00,67783.63,67935.01,67768.97,67788.41,217.68104
2026-03-07 18:00:00,67788.4,67788.41,67480.0,67568.13,1180.24782
2026-03-07 19:00:00,67568.13,67572.35,66915.26,67080.34,1312.2302
2026-03-07 20:00:00,67080.33,67437.5,67068.01,67402.98,590.47118
2026-03-07 21:00:00,67402.98,67483.05,67281.34,67452.98,638.99995
2026-03-07 22:00:00,67452.97,67469.87,67101.31,67258.65,706.81324
2026-03-07 23:00:00,67258.65,67403.85,67183.39,67262.91,394.96477
2026-03-08 00:00:00,67262.91,67481.96,67181.04,67194.77,552.27054
2026-03-08 01:00:00,67194.77,67353.57,67090.0,67297.27,565.85563
2026-03-08 02:00:00,67297.27,67426.52,66833.58,66925.44,765.90711
2026-03-08 03:00:00,66925.45,67083.1,66850.0,67000.26,999.40624
2026-03-08 04:00:00,67000.26,67100.01,66547.15,66637.36,1206.88314
2026-03-08 05:00:00,66637.35,67250.24,66617.76,67149.93,402.00353
2026-03-08 06:00:00,67149.93,67231.86,67035.18,67161.52,246.63235
2026-03-08 07:00:00,67161.52,67465.11,67154.91,67319.91,1010.57902
2026-03-08 08:00:00,67319.9,67577.36,67156.93,67539.33,1008.6246
2026-03-08 09:00:00,67539.34,67905.03,67474.0,67681.0,1111.87857
2026-03-08 10:00:00,67681.0,68200.0,67680.99,67904.14,646.22527
2026-03-08 11:00:00,67904.15,67904.15,67411.76,67515.0,536.67584
2026-03-08 12:00:00,67515.0,67650.94,66888.0,67324.72,902.41572
2026-03-08 13:00:00,67324.71,67431.81,66761.68,67234.86,1987.5897
2026-03-08 14:00:00,67234.86,67426.69,67055.73,67339.76,695.31699
2026-03-08 15:00:00,67339.75,67369.36,67080.0,67218.23,879.16155
2026-03-08 16:00:00,67218.23,67268.44,66802.47,66872.15,538.7559
2026-03-08 17:00:00,66872.15,67179.98,66800.01,67065.0,812.42846
2026-03-08 18:00:00,67065.0,67076.0,66745.54,66804.0,487.97779
2026-03-08 19:00:00,66803.99,67485.24,66779.82,67337.42,711.10669
2026-03-08 20:00:00,67337.41,67609.08,67028.45,67238.8,1144.93227
2026-03-08 21:00:00,67238.79,67266.0,66712.69,67020.01,959.03531
2026-03-08 22:00:00,67020.01,67020.01,65618.49,66236.8,2742.02435
2026-03-08 23:00:00,66236.8,66569.24,65930.3,65971.2,679.95244
2026-03-09 00:00:00,65971.2,66773.0,65821.97,66370.01,951.35538
2026-03-09 01:00:00,66370.01,66698.05,66131.25,66196.01,2263.78882
2026-03-09 02:00:00,66196.01,66707.58,65959.0,66537.32,752.57114
2026-03-09 03:00:00,66537.32,67668.64,66512.88,67205.05,1256.29482
2026-03-09 04:00:00,67205.06,67610.0,67093.09,67130.14,848.47762
2026-03-09 05:00:00,67131.1,68069.29,67113.02,67911.16,1145.71148
2026-03-09 06:00:00,67911.15,67939.55,67236.78,67267.18,578.70307
2026-03-09 07:00:00,67267.18,67575.81,66853.48,67555.13,1253.45589
2026-03-09 08:00:00,67555.13,67929.19,67391.89,67814.69,1615.43129
2026-03-09 09:00:00,67814.69,68460.09,67566.65,67981.02,1225.43841
2026-03-09 10:00:00,67981.03,68088.92,67556.72,67608.13,687.12244
2026-03-09 11:00:00,67608.13,67855.82,67344.45,67764.98,577.58612
2026-03-09 12:00:00,67764.99,68348.26,67759.57,68151.93,970.32854
2026-03-09 13:00:00,68151.93,69300.0,68133.93,68976.0,2460.13662
2026-03-09 14:00:00,68975.8,69480.0,68696.28,69151.5,2377.05802
2026-03-09 15:00:00,69151.5,69254.87,68717.86,68863.66,1995.45638
2026-03-09 16:00:00,68863.67,69225.0,68614.47,68960.12,1086.01117
2026-03-09 17:00:00,68960.12,69088.49,68270.34,68600.71,889.54053
2026-03-09 18:00:00,68600.71,68705.76,68179.12,68356.37,1350.25926
2026-03-09 19:00:00,68356.37,69516.65,68356.37,68991.93,1713.56623
2026-03-09 20:00:00,68991.93,69145.28,68762.2,68961.71,507.40424
2026-03-09 21:00:00,68961.15,69102.53,68660.94,68919.72,782.51759
2026-03-09 22:00:00,68919.71,69030.56,68597.0,68635.88,943.05059
2026-03-09 23:00:00,68635.88,68694.73,68384.69,68432.16,665.45565
2026-03-10 00:00:00,68432.16,69290.42,68391.41,69157.37,1134.03591
2026-03-10 01:00:00,69157.36,69389.06,68786.04,69260.01,1073.3002
2026-03-10 02:00:00,69260.0,70578.29,69103.12,70272.01,2010.9648
2026-03-10 03:00:00,70272.0,70370.86,69390.0,69429.85,1096.27179
2026-03-10 04:00:00,69429.85,70132.27,69429.85,70072.94,1112.05227
2026-03-10 05:00:00,70072.95,70355.06,69885.71,69971.34,874.03346
2026-03-10 06:00:00,69971.34,70185.24,69750.62,69910.91,1140.99151
2026-03-10 07:00:00,69910.91,70546.74,69805.7,70406.01,1780.20471
2026-03-10 08:00:00,70406.01,71097.64,70369.0,70709.37,1852.19984
2026-03-10 09:00:00,70709.37,71300.0,70653.24,71078.92,1664.83143
2026-03-10 10:00:00,71078.92,71086.86,70660.89,70774.04,1808.06147
2026-03-10 11:00:00,70774.04,70865.73,70540.4,70580.94,945.42456
2026-03-10 12:00:00,70580.95,70628.19,70290.88,70519.86,702.95479
2026-03-10 13:00:00,70519.86,70926.46,69723.25,69921.12,1644.54716
2026-03-10 14:00:00,69921.12,71527.54,69266.06,71467.81,2553.72955
2026-03-10 15:00:00,71467.81,71777.0,70900.05,71346.16,2098.87598
2026-03-10 16:00:00,71346.17,71700.0,70943.31,71268.59,1291.34054
2026-03-10 17:00:00,71268.58,71452.0,70512.64,70868.61,1383.6295
2026-03-10 18:00:00,70868.62,70914.9,69901.0,70013.87,1837.40169
2026-03-10 19:00:00,70013.87,70290.0,69739.0,70043.63,992.60769
2026-03-10 20:00:00,70043.63,70350.0,70007.52,70235.6,671.88971
2026-03-10 21:00:00,70236.34,70417.3,69541.91,69763.01,830.8687
2026-03-10 22:00:00,69763.02,69869.9,69452.42,69721.58,937.20086
2026-03-10 23:00:00,69721.58,69981.8,69698.46,69948.63,1165.15914
2026-03-11 00:00:00,69948.64,70173.25,69759.63,70044.87,728.92961
2026-03-11 01:00:00,70044.87,70144.0,69880.0,70071.26,947.24879
2026-03-11 02:00:00,70071.26,70119.59,69614.0,69810.72,1612.87548
2026-03-11 03:00:00,69810.73,69887.11,69488.7,69551.91,1113.41409
2026-03-11 04:00:00,69551.91,70281.87,69501.55,70130.99,759.416
2026-03-11 05:00:00,70130.99,70200.96,69420.0,69510.36,757.81378
2026-03-11 06:00:00,69510.37,69996.0,69500.01,69950.01,391.73761
2026-03-11 07:00:00,69950.01,70018.49,69500.67,69648.29,1171.57725
2026-03-11 08:00:00,69648.28,69786.32,69500.0,69662.24,672.55865
2026-03-11 09:00:00,69662.24,69752.06,69384.5,69466.75,939.05652
2026-03-11 10:00:00,69466.75,69726.45,69390.91,69604.9,1028.34397
2026-03-11 11:00:00,69604.9,69755.1,69150.28,69173.0,898.77254
2026-03-11 12:00:00,69172.99,69777.66,68977.91,69361.13,1045.64069
2026-03-11 13:00:00,69361.13,71091.18,69331.04,70186.09,2647.32148
2026-03-11 14:00:00,70186.08,70987.0,69906.77,70578.7,2251.77658
2026-03-11 15:00:00,70578.7,70654.43,69702.25,70227.91,1844.6963
2026-03-11 16:00:00,70227.92,70826.39,70161.78,70570.71,1837.92404
2026-03-11 17:00:00,70570.71,71321.0,70512.01,70785.99,2122.20651
2026-03-11 18:00:00,70785.99,70895.31,70415.27,70617.64,1134.13411
2026-03-11 19:00:00,70617.63,70742.38,70375.68,70641.82,644.23151
2026-03-11 20:00:00,70641.81,70700.0,70394.23,70634.96,383.34496
2026-03-11 21:00:00,70634.96,70777.17,70499.94,70741.26,576.42683
2026-03-11 22:00:00,70741.27,70950.0,70241.53,70373.01,1098.26512
2026-03-11 23:00:00,70373.01,70505.0,70125.83,70191.86,641.563
2026-03-12 00:00:00,70191.86,70353.87,70130.23,70225.34,658.09363
2026-03-12 01:00:00,70225.34,70226.94,69754.94,69841.31,760.55263
2026-03-12 02:00:00,69841.3,69887.93,69226.52,69286.56,742.38929
2026-03-12 03:00:00,69286.55,69628.25,69246.23,69446.61,415.13842
2026-03-12 04:00:00,69446.61,69676.88,69296.43,69372.0,436.68208
2026-03-12 05:00:00,69372.0,69539.61,69205.91,69480.54,734.74043
2026-03-12 06:00:00,69480.54,69561.84,69315.63,69501.44,719.76894
2026-03-12 07:00:00,69501.45,69865.98,69408.88,69826.19,830.78197
2026-03-12 08:00:00,69826.19,70116.37,69698.33,69917.37,1246.32882
2026-03-12 09:00:00,69917.36,70400.0,69580.0,69952.51,1284.31562
2026-03-12 10:00:00,69952.51,70511.0,69856.0,70412.11,911.03902
2026-03-12 11:00:00,70412.1,70800.0,70367.97,70427.91,1207.70061
2026-03-12 12:00:00,70427.9,70617.66,70277.38,70381.8,847.51801
2026-03-12 13:00:00,70381.8,70534.65,69645.0,69972.15,1340.7754
2026-03-12 14:00:00,69972.2,70660.69,69355.34,69590.09,2130.67842
2026-03-12 15:00:00,69590.09,70565.43,69476.14,70334.88,1778.50463
2026-03-12 16:00:00,70334.89,70569.15,69905.71,70381.16,1271.41787
2026-03-12 17:00:00,70381.15,70547.19,70076.16,70212.06,843.93551
2026-03-12 18:00:00,70212.05,70303.51,69800.0,69819.64,742.85798
2026-03-12 19:00:00,69819.64,70548.81,69770.85,70432.32,757.84664
2026-03-12 20:00:00,70432.33,70555.2,70111.28,70164.49,618.18553
2026-03-12 21:00:00,70164.5,70470.0,70164.5,70268.55,355.90233
2026-03-12 22:00:00,70268.54,70305.26,70013.17,70175.64,467.42484
2026-03-12 23:00:00,70175.64,70734.25,70159.35,70541.34,894.58188
2026-03-13 00:00:00,70541.34,72000.0,70386.01,71475.61,2857.31114
2026-03-13 01:00:00,71475.6,71759.95,71283.99,71672.39,975.74666
2026-03-13 02:00:00,71672.38,71696.68,71045.52,71143.8,994.81538
2026-03-13 03:00:00,71143.8,71508.87,70964.43,71405.75,927.82134
2026-03-13 04:00:00,71405.76,71493.77,71214.01,71393.94,780.92498
2026-03-13 05:00:00,71393.93,71637.54,71242.02,71546.29,1178.90406
2026-03-13 06:00:00,71546.28,71593.22,71180.19,71342.0,1081.97604
2026-03-13 07:00:00,71342.0,71672.76,71236.08,71612.22,1139.8319
2026-03-13 08:00:00,71612.23,72142.85,71385.28,71821.02,1820.16796
2026-03-13 09:00:00,71821.01,72100.37,71589.81,72006.57,925.21442
2026-03-13 10:00:00,72006.56,72575.98,71995.53,72458.12,1635.35127
2026-03-13 11:00:00,72458.11,72526.12,72207.41,72228.82,724.41705
2026-03-13 12:00:00,72228.81,72884.68,72210.0,72784.73,1142.93241
2026-03-13 13:00:00,72784.73,73585.27,72684.88,73379.18,3297.40201
2026-03-13 14:00:00,73379.18,73913.74,72350.0,72382.72,4558.05031
2026-03-13 15:00:00,72382.72,72829.12,71736.34,71831.46,3305.45471
2026-03-13 16:00:00,71831.46,72100.0,71154.54,71885.57,2334.3461
2026-03-13 17:00:00,71885.56,72249.99,70914.09,71037.93,1889.70074
2026-03-13 18:00:00,71037.93,71350.94,70841.23,71055.45,738.18799
2026-03-13 19:00:00,71055.45,71309.94,71006.19,71189.95,507.07823
2026-03-13 20:00:00,71189.96,71469.53,71150.0,71346.84,554.4729
2026-03-13 21:00:00,71346.84,71491.03,71058.25,71104.65,650.14338
2026-03-13 22:00:00,71104.65,71189.26,70559.02,70814.0,863.33877
2026-03-13 23:00:00,70814.0,71005.3,70688.45,70930.0,1113.02703
2026-03-14 00:00:00,70930.01,70951.8,70555.0,70631.97,763.50434
2026-03-14 01:00:00,70631.96,70941.05,70481.7,70831.7,791.55133
2026-03-14 02:00:00,70831.7,70948.66,70735.21,70783.27,1013.67533
2026-03-14 03:00:00,70783.27,71185.23,70783.26,71081.3,944.72261
2026-03-14 04:00:00,71081.31,71307.92,71021.11,71039.58,707.08065
2026-03-14 05:00:00,71039.57,71151.3,70916.96,71013.75,759.3407
2026-03-14 06:00:00,71013.75,71013.75,70317.0,70622.08,712.17672
2026-03-14 07:00:00,70622.09,70743.88,70489.03,70596.68,750.98425
2026-03-14 08:00:00,70596.68,70710.76,70536.58,70585.63,461.44808
2026-03-14 09:00:00,70585.64,70728.07,70400.0,70501.16,893.97396
2026-03-14 10:00:00,70501.16,70575.1,70389.08,70570.44,624.35522
2026-03-14 11:00:00,70570.44,70784.38,70562.66,70751.42,515.18098
2026-03-14 12:00:00,70751.42,70835.48,70616.44,70780.59,472.56223
2026-03-14 13:00:00,70780.59,70930.56,70711.54,70847.35,886.4995
2026-03-14 14:00:00,70847.34,70941.17,70578.76,70599.22,329.16955
2026-03-14 15:00:00,70599.23,70728.59,70501.0,70580.09,849.34654
2026-03-14 16:00:00,70580.09,70709.4,70500.0,70672.53,379.28346
2026-03-14 17:00:00,70672.52,70733.02,70590.0,70617.01,134.37087
2026-03-14 18:00:00,70617.01,70708.88,70559.35,70668.23,95.80359
2026-03-14 19:00:00,70668.23,70740.34,70595.14,70700.0,77.47303
2026-03-14 20:00:00,70699.99,70856.4,70650.09,70805.71,114.01852
2026-03-14 21:00:00,70805.71,70825.04,70661.06,70799.99,113.91325
2026-03-14 22:00:00,70799.99,70805.15,70695.29,70710.91,89.24315
2026-03-14 23:00:00,70710.9,71253.17,70710.9,71211.95,537.56951
2026-03-15 00:00:00,71211.95,71220.74,70967.59,70985.28,576.24004
2026-03-15 01:00:00,70985.29,71037.41,70858.82,70985.83,340.54476
2026-03-15 02:00:00,70985.84,71634.08,70985.84,71450.53,895.09143
2026-03-15 03:00:00,71450.54,71538.03,71240.68,71363.14,779.68802
2026-03-15 04:00:00,71363.13,71661.55,71330.66,71606.32,779.77883
2026-03-15 05:00:00,71606.31,71800.68,71476.0,71489.68,792.96245
2026-03-15 06:00:00,71489.67,71595.43,71373.75,71458.41,528.89919
2026-03-15 07:00:00,71458.41,71658.44,71411.88,71453.59,276.05348
2026-03-15 08:00:00,71453.59,71736.72,71453.59,71717.5,551.40345
2026-03-15 09:00:00,71717.5,71940.49,71713.9,71791.1,640.93656
2026-03-15 10:00:00,71791.11,71919.19,71714.37,71783.09,525.0135
2026-03-15 11:00:00,71783.1,71888.0,71659.71,71839.42,452.79199
2026-03-15 12:00:00,71839.41,71839.42,71560.21,71610.33,324.76249
2026-03-15 13:00:00,71610.33,71679.81,71263.99,71607.54,1108.48189
2026-03-15 14:00:00,71607.54,71635.56,71341.68,71622.03,452.09243
2026-03-15 15:00:00,71622.04,71626.0,71410.0,71481.24,210.01259
2026-03-15 16:00:00,71481.24,71586.75,71320.08,71437.35,302.61771
2026-03-15 17:00:00,71437.35,71989.93,71409.74,71819.95,365.80062
2026-03-15 18:00:00,71819.96,71885.55,71321.87,71390.53,321.10675
2026-03-15 19:00:00,71390.53,71582.83,71338.67,71549.94,251.59972
2026-03-15 20:00:00,71549.94,71930.0,71433.75,71730.81,236.54566
2026-03-15 21:00:00,71730.81,72222.0,71629.99,72109.58,459.80342
2026-03-15 22:00:00,72109.59,73081.77,71725.74,72749.44,1471.44945
2026-03-15 23:00:00,72749.45,73199.0,72420.44,72815.24,1393.63061
2026-03-16 00:00:00,72815.25,73008.94,72452.26,72531.26,685.4345
2026-03-16 01:00:00,72531.27,72852.28,72270.41,72752.9,715.87613
2026-03-16 02:00:00,72752.9,72852.28,72368.08,72514.69,487.11967
2026-03-16 03:00:00,72514.69,74330.34,72436.02,73573.32,3424.72669
2026-03-16 04:00:00,73573.31,74451.03,73573.31,73835.62,1907.76761
2026-03-16 05:00:00,73835.62,74258.07,73720.0,74207.49,1421.12171
2026-03-16 06:00:00,74207.49,74207.5,73610.0,73714.36,1229.39836
2026-03-16 07:00:00,73714.36,73924.83,73385.18,73456.68,958.93738
2026-03-16 08:00:00,73456.69,73776.13,72888.8,73135.0,1562.06854
2026-03-16 09:00:00,73135.0,73331.88,73057.25,73260.92,531.7209
2026-03-16 10:00:00,73260.92,73783.42,73202.89,73783.42,1038.45265
2026-03-16 11:00:00,73783.42,73838.76,73515.33,73552.77,680.69185
2026-03-16 12:00:00,73552.78,74044.0,73465.46,73864.8,921.55759
2026-03-16 13:00:00,73864.81,74509.52,73787.0,74109.55,1593.51066
2026-03-16 14:00:00,74109.56,74460.19,72990.52,73565.54,2204.69587
2026-03-16 15:00:00,73565.54,74030.0,73186.5,73274.76,1024.65577
2026-03-16 16:00:00,73274.75,73901.95,73160.66,73760.63,1016.72181
2026-03-16 17:00:00,73760.63,74065.7,73648.7,73943.18,906.04408
2026-03-16 18:00:00,73943.17,74356.32,73860.0,73913.6,1086.95746
2026-03-16 19:00:00,73913.6,74418.6,73781.54,73963.0,1122.08511
2026-03-16 20:00:00,73963.0,74248.95,73863.2,74236.9,424.59345
2026-03-16 21:00:00,74236.9,74799.0,74150.0,74401.36,1246.95221
2026-03-16 22:00:00,74401.35,74899.99,74378.43,74772.66,1058.73068
2026-03-16 23:00:00,74773.56,74909.08,74250.21,74884.67,1159.70951
2026-03-17 00:00:00,74884.67,75520.23,74614.18,75318.48,2173.5367
2026-03-17 01:00:00,75318.48,76000.0,75074.37,75623.91,1953.08873
2026-03-17 02:00:00,75623.91,75677.66,75114.67,75198.02,1068.24779
2026-03-17 03:00:00,75198.02,75326.15,74268.73,74463.98,1730.33731
2026-03-17 04:00:00,74463.98,74712.89,73980.16,74252.01,2017.11887
2026-03-17 05:00:00,74252.0,74459.99,73784.0,74036.74,1250.81696
2026-03-17 06:00:00,74036.74,74276.66,73877.56,74085.45,879.74749
2026-03-17 07:00:00,74085.46,74457.72,74066.4,74249.32,771.242
2026-03-17 08:00:00,74249.32,74452.97,74108.01,74188.38,461.65295
2026-03-17 09:00:00,74188.38,74406.03,73841.62,73937.16,864.16263
2026-03-17 10:00:00,73937.16,73960.74,73560.98,73729.45,1049.0691
2026-03-17 11:00:00,73729.45,74224.16,73682.01,74033.11,647.95804
2026-03-17 12:00:00,74033.1,74170.55,73672.25,73739.74,614.23436
2026-03-17 13:00:00,73739.74,74167.39,73399.19,73615.48,1159.88444
2026-03-17 14:00:00,73615.49,74425.31,73424.79,74381.7,1362.71508
2026-03-17 15:00:00,74381.69,74893.94,73669.91,73914.39,1370.72331
2026-03-17 16:00:00,73914.4,74350.0,73855.24,74155.69,747.87279
2026-03-17 17:00:00,74155.68,74594.0,74006.58,74523.75,826.10844
2026-03-17 18:00:00,74523.76,74769.17,74386.11,74683.04,707.46038
2026-03-17 19:00:00,74683.04,74800.0,74427.25,74512.17,768.60522
2026-03-17 20:00:00,74511.21,74685.5,74359.87,74506.75,466.76372
2026-03-17 21:00:00,74506.75,74799.0,74450.01,74685.42,618.20101
2026-03-17 22:00:00,74685.42,74772.14,73934.0,74307.08,488.30847
2026-03-17 23:00:00,74307.08,74398.74,73871.74,73909.36,523.41057
2026-03-18 00:00:00,73909.37,74063.22,73535.36,73867.88,673.31061
2026-03-18 01:00:00,73867.88,74211.43,73820.69,74072.3,537.72886
2026-03-18 02:00:00,74072.3,74476.0,74051.78,74338.93,549.53806
2026-03-18 03:00:00,74338.93,74672.34,74250.27,74446.14,459.80928
2026-03-18 04:00:00,74446.14,74486.3,74137.02,74175.49,472.35206
2026-03-18 05:00:00,74175.48,74312.11,73830.76,73950.0,662.80056
2026-03-18 06:00:00,73950.01,74225.82,73938.1,73954.03,652.79254
2026-03-18 07:00:00,73954.03,73997.04,73700.01,73883.8,504.7237
2026-03-18 08:00:00,73883.8,74130.02,73863.31,74044.89,735.50464
2026-03-18 09:00:00,74044.9,74281.33,74042.85,74181.08,347.16358
2026-03-18 10:00:00,74181.08,74267.77,73816.26,73946.35,478.90858
2026-03-18 11:00:00,73946.35,74074.84,72800.0,72952.85,1877.69179
2026-03-18 12:00:00,72952.85,72981.79,72271.11,72361.24,1819.95371
2026-03-18 13:00:00,72361.13,72556.81,71980.0,72133.49,1607.02731
2026-03-18 14:00:00,72133.48,72222.45,71100.0,71193.23,2385.98822
2026-03-18 15:00:00,71193.23,71531.54,70857.21,71467.82,2560.23665
2026-03-18 16:00:00,71467.82,71565.78,71037.34,71314.08,967.21409
2026-03-18 17:00:00,71314.07,71750.0,71199.87,71595.21,1025.9984
2026-03-18 18:00:00,71595.21,72000.5,70947.78,71096.74,1475.11719
2026-03-18 19:00:00,71096.75,71486.14,70933.85,71072.38,867.91916
2026-03-18 20:00:00,71072.38,71333.33,70500.0,71214.67,1180.62213
2026-03-18 21:00:00,71214.67,71451.22,71167.15,71263.67,338.26453
2026-03-18 22:00:00,71263.67,71269.02,70944.56,71153.66,520.94837
2026-03-18 23:00:00,71153.67,71365.4,71069.69,71246.54,691.26691
2026-03-19 00:00:00,71246.55,71321.81,70976.69,71002.17,887.95607
2026-03-19 01:00:00,71002.18,71182.44,70951.93,71115.23,391.40796
2026-03-19 02:00:00,71115.24,71252.83,70902.37,71055.44,554.97617
2026-03-19 03:00:00,71055.44,71613.79,71053.33,71215.39,593.60943
2026-03-19 04:00:00,71215.39,71215.39,70654.86,70822.07,702.86032
2026-03-19 05:00:00,70822.06,70909.88,70661.56,70826.54,416.16191
2026-03-19 06:00:00,70826.55,70979.99,70505.0,70583.22,619.8514
2026-03-19 07:00:00,70583.22,70600.04,69478.51,70191.17,2753.9557
2026-03-19 08:00:00,70191.16,70300.0,69900.0,69985.19,1015.64209
2026-03-19 09:00:00,69985.19,70560.91,69971.99,70513.0,1262.65596
2026-03-19 10:00:00,70513.0,70538.74,70117.0,70133.72,613.17552
2026-03-19 11:00:00,70133.73,70259.37,69909.09,69952.75,542.70053
2026-03-19 12:00:00,69952.75,69952.76,69105.49,69290.27,1452.42038
2026-03-19 13:00:00,69290.28,70084.35,69081.51,69905.65,1720.19325
2026-03-19 14:00:00,69905.65,70179.53,69096.16,69482.25,1636.49639
2026-03-19 15:00:00,69482.24,69917.87,68793.35,69412.51,1898.28931
2026-03-19 16:00:00,69412.52,69642.35,69177.19,69455.86,858.32753
2026-03-19 17:00:00,69455.86,69954.18,69122.03,69854.16,759.67868
2026-03-19 18:00:00,69854.15,69931.1,69581.55,69821.21,442.61763
2026-03-19 19:00:00,69821.21,70596.42,69805.33,70271.99,1190.55299
2026-03-19 20:00:00,70272.0,70676.0,70201.0,70483.03,488.71031
2026-03-19 21:00:00,70483.03,70695.6,70371.19,70413.47,418.78383
2026-03-19 22:00:00,70413.46,70501.89,69954.05,70183.99,551.7482
2026-03-19 23:00:00,70184.0,70282.47,69718.23,69930.0,592.04663
2026-03-20 00:00:00,69930.01,70311.12,69837.1,70181.0,871.72419
2026-03-20 01:00:00,70181.0,70588.5,70181.0,70403.79,526.82154
2026-03-20 02:00:00,70403.8,70516.16,70086.86,70415.47,312.91426
2026-03-20 03:00:00,70415.48,70809.43,70388.0,70729.92,711.57589
2026-03-20 04:00:00,70729.93,70969.71,70557.91,70783.69,546.53749
2026-03-20 05:00:00,70783.7,70867.44,70521.73,70606.24,367.69531
2026-03-20 06:00:00,70606.23,70646.93,70346.49,70502.9,758.81391
2026-03-20 07:00:00,70502.91,70939.58,70160.06,70854.66,936.89906
2026-03-20 08:00:00,70854.66,71367.0,70800.0,71042.23,1011.96314
2026-03-20 09:00:00,71042.23,71042.23,70419.65,70583.8,885.49116
2026-03-20 10:00:00,70583.81,70670.43,70218.68,70611.68,609.11713
2026-03-20 11:00:00,70611.68,70810.81,70303.36,70478.71,605.56445
2026-03-20 12:00:00,70478.71,70685.63,70251.0,70342.63,613.27107
2026-03-20 13:00:00,70342.63,70613.75,69795.7,69863.84,1225.89394
2026-03-20 14:00:00,69863.85,70268.66,69589.38,69731.21,1679.84994
2026-03-20 15:00:00,69731.2,70002.68,69480.0,69860.09,1196.90076
2026-03-20 16:00:00,69860.09,70100.0,69608.54,69829.26,922.25773
2026-03-20 17:00:00,69829.27,70039.78,69388.0,70000.0,998.84797
2026-03-20 18:00:00,69999.99,70071.81,69525.33,69770.0,630.4796
2026-03-20 19:00:00,69770.01,70190.18,69673.76,70177.86,528.39593
2026-03-20 20:00:00,70177.85,70259.28,69754.71,70057.66,435.39665
2026-03-20 21:00:00,70057.66,70726.13,69946.65,70540.73,780.46042
2026-03-20 22:00:00,70540.72,70923.75,70532.0,70767.85,591.69583
2026-03-20 23:00:00,70767.85,70771.13,70430.0,70510.73,372.60008
2026-03-21 00:00:00,70510.73,70826.0,70467.36,70682.19,274.67077
2026-03-21 01:00:00,70682.2,70758.5,70445.36,70464.59,375.95226
2026-03-21 02:00:00,70464.6,70785.9,70431.67,70737.6,316.88084
2026-03-21 03:00:00,70737.6,70784.07,70632.39,70657.35,226.82019
2026-03-21 04:00:00,70657.35,70819.0,70617.05,70642.13,487.10407
2026-03-21 05:00:00,70642.14,70834.46,70635.1,70697.94,941.44912
2026-03-21 06:00:00,70697.94,70831.14,70693.06,70774.65,857.26608
2026-03-21 07:00:00,70773.55,70879.76,70677.44,70727.33,431.42703
2026-03-21 08:00:00,70727.33,70753.79,70492.02,70594.43,956.10118
2026-03-21 09:00:00,70594.42,70735.36,70570.4,70661.59,204.69969
2026-03-21 10:00:00,70661.59,70695.32,70559.69,70605.64,524.32782
2026-03-21 11:00:00,70605.64,70652.73,70567.79,70652.72,360.21459
2026-03-21 12:00:00,70652.73,70800.0,70652.73,70722.61,199.41863
2026-03-21 13:00:00,70722.61,70812.74,70707.12,70740.18,171.5437
2026-03-21 14:00:00,70740.18,71100.94,70592.53,70629.1,873.72717
2026-03-21 15:00:00,70629.09,70760.0,70453.09,70630.02,399.45062
2026-03-21 16:00:00,70630.02,70652.64,70251.0,70301.66,435.70425
2026-03-21 17:00:00,70301.66,70426.18,70210.0,70304.08,444.648
2026-03-21 18:00:00,70303.45,70534.38,70290.48,70389.19,200.5858
2026-03-21 19:00:00,70389.18,70448.79,70324.7,70396.0,140.45698
2026-03-21 20:00:00,70396.01,70508.11,70358.9,70462.28,697.39549
2026-03-21 21:00:00,70462.27,70516.82,70268.06,70345.57,629.83259
2026-03-21 22:00:00,70345.57,70384.95,70265.55,70277.22,737.88495
2026-03-21 23:00:00,70277.21,70293.82,68571.42,68918.12,2509.60568
2026-03-22 00:00:00,68918.12,69155.86,68228.5,68954.71,2161.16442
2026-03-22 01:00:00,68954.7,69100.0,68762.31,68962.4,809.55651
2026-03-22 02:00:00,68962.4,69411.1,68951.21,69278.12,506.62838
2026-03-22 03:00:00,69278.12,69588.79,69123.13,69339.99,671.1404
2026-03-22 04:00:00,69340.0,69526.85,69215.89,69358.0,626.75701
2026-03-22 05:00:00,69358.0,69358.0,69150.0,69153.41,322.14134
2026-03-22 06:00:00,69153.41,69245.79,69059.87,69164.06,378.08519
2026-03-22 07:00:00,69164.06,69250.08,68892.93,68919.38,432.94301
2026-03-22 08:00:00,68919.37,68990.67,68523.96,68804.77,1053.77702
2026-03-22 09:00:00,68804.77,68901.65,68587.78,68826.2,383.82763
2026-03-22 10:00:00,68826.21,68847.83,68584.27,68648.17,360.03346
2026-03-22 11:00:00,68648.16,68691.03,68110.55,68217.95,784.4316
2026-03-22 12:00:00,68217.94,68763.18,68199.04,68654.83,484.243
2026-03-22 13:00:00,68654.83,68957.24,68548.32,68700.02,548.07349
2026-03-22 14:00:00,68700.02,68915.27,68542.1,68711.66,385.54476
2026-03-22 15:00:00,68711.66,69005.71,68700.0,68847.96,391.17296
2026-03-22 16:00:00,68847.97,68885.53,68665.62,68805.58,258.25035
2026-03-22 17:00:00,68805.58,68848.32,68665.34,68673.02,252.16281
2026-03-22 18:00:00,68672.85,68743.18,68344.57,68618.58,340.01718
2026-03-22 19:00:00,68618.57,68626.07,68145.01,68199.93,472.99305
2026-03-22 20:00:00,68199.93,68498.4,68080.0,68176.46,319.53245
2026-03-22 21:00:00,68176.47,68228.71,67360.66,67899.97,1535.47353
2026-03-22 22:00:00,67899.97,68396.94,67571.67,68339.37,856.561
2026-03-22 23:00:00,68339.38,68474.0,67839.99,67859.0,509.27627
2026-03-23 00:00:00,67859.0,68161.41,67445.18,67669.99,823.69218
2026-03-23 01:00:00,67670.0,68157.31,67536.01,67905.0,628.21786
2026-03-23 02:00:00,67905.0,68400.0,67801.67,68320.72,627.90507
2026-03-23 03:00:00,68320.72,68585.12,68059.88,68074.6,415.80047
2026-03-23 04:00:00,68074.6,68550.0,68057.56,68541.0,486.61149
2026-03-23 05:00:00,68541.0,68915.4,68541.0,68899.92,1162.54953
2026-03-23 06:00:00,68899.92,68904.42,67698.86,67874.19,1218.88217
2026-03-23 07:00:00,67874.2,68464.42,67502.48,68333.16,1946.35809
2026-03-23 08:00:00,68333.16,68696.91,68328.55,68434.26,1238.43118
2026-03-23 09:00:00,68434.27,68471.11,67916.14,68334.01,382.31585
2026-03-23 10:00:00,68334.01,68714.28,68299.82,68551.02,494.85509
2026-03-23 11:00:00,68551.02,71499.0,68544.15,70122.15,7050.35572
2026-03-23 12:00:00,70122.15,70877.35,69671.95,70752.15,1915.66623
2026-03-23 13:00:00,70752.14,71587.98,70600.0,71481.13,1712.52184
2026-03-23 14:00:00,71481.13,71817.09,71127.14,71446.46,1663.17727
2026-03-23 15:00:00,71446.46,71660.01,70103.21,70131.48,2051.70929
2026-03-23 16:00:00,70131.48,70753.43,70131.47,70561.54,1367.86918
2026-03-23 17:00:00,70561.54,71119.09,70363.63,71085.16,673.70407
2026-03-23 18:00:00,71085.16,71195.21,70879.85,71076.22,593.89042
2026-03-23 19:00:00,71076.22,71246.01,70649.4,70679.05,615.8582
2026-03-23 20:00:00,70679.04,70983.33,70559.03,70915.59,394.04509
2026-03-23 21:00:00,70915.59,70998.0,70827.66,70851.35,222.54858
2026-03-23 22:00:00,70851.36,70896.76,70520.22,70780.22,279.983
2026-03-23 23:00:00,70780.22,70998.0,70404.39,70906.45,368.14332
2026-03-24 00:00:00,70906.45,71099.96,70423.36,70679.2,735.8297
2026-03-24 01:00:00,70679.2,70891.53,70278.46,70516.57,730.30371
2026-03-24 02:00:00,70516.57,70698.0,70369.46,70453.37,431.98798
2026-03-24 03:00:00,70453.38,70583.36,70404.54,70542.9,380.97532
2026-03-24 04:00:00,70542.9,70741.64,70247.91,70372.44,474.91642
2026-03-24 05:00:00,70372.45,70374.38,70119.06,70283.85,641.69358
2026-03-24 06:00:00,70283.84,70572.83,70253.23,70541.38,850.05748
2026-03-24 07:00:00,70541.39,71400.0,70488.0,71291.7,1722.67702
2026-03-24 08:00:00,71291.7,71349.1,70850.11,70964.15,725.27631
2026-03-24 09:00:00,70964.16,71368.61,70851.77,71316.97,511.50447
2026-03-24 10:00:00,71316.98,71328.59,71078.09,71272.87,680.81546
2026-03-24 11:00:00,71272.87,71327.26,70964.94,71157.77,560.33228
2026-03-24 12:00:00,71157.77,71177.66,70860.18,70956.48,460.8181
2026-03-24 13:00:00,70956.48,71059.59,69968.02,70100.46,1729.62355
2026-03-24 14:00:00,70100.46,70462.91,69507.34,69869.93,1973.02189
2026-03-24 15:00:00,69869.93,70255.37,69770.85,69873.04,1419.67177
2026-03-24 16:00:00,69873.04,70001.92,69340.08,69476.87,889.76128
2026-03-24 17:00:00,69476.88,69512.73,68923.07,69238.43,1294.24297
2026-03-24 18:00:00,69238.44,69746.4,69168.64,69430.24,808.06583
2026-03-24 19:00:00,69430.25,69700.0,69277.04,69377.33,547.42601
2026-03-24 20:00:00,69377.33,70295.54,69296.15,70093.19,1018.45154
2026-03-24 21:00:00,70093.19,70400.0,69901.39,70332.93,686.65263
2026-03-24 22:00:00,70332.93,70586.86,70140.5,70316.96,686.91503
2026-03-24 23:00:00,70316.96,70832.54,70270.0,70556.74,741.40211
2026-03-25 00:00:00,70556.74,71100.28,70476.9,70840.75,784.33083
2026-03-25 01:00:00,70840.75,70977.35,70629.72,70677.18,624.19197
2026-03-25 02:00:00,70677.19,70781.39,70490.77,70531.09,582.86416
2026-03-25 03:00:00,70531.1,70808.37,70408.0,70716.7,513.15296
2026-03-25 04:00:00,70716.7,70977.49,70703.83,70968.64,623.46021
2026-03-25 05:00:00,70968.64,71345.0,70940.0,71117.66,850.19172
2026-03-25 06:00:00,71117.65,71260.0,70984.67,70991.83,934.75878
2026-03-25 07:00:00,70991.82,71270.11,70891.31,70926.88,470.72474
2026-03-25 08:00:00,70926.88,71503.94,70800.0,71248.39,1150.83138
2026-03-25 09:00:00,71248.4,71415.12,71101.99,71345.91,598.42707
2026-03-25 10:00:00,71345.91,71641.91,71291.69,71501.39,485.22161
2026-03-25 11:00:00,71501.4,72026.09,71470.49,71678.97,1053.03231
2026-03-25 12:00:00,71678.97,71955.17,71105.43,71715.24,1032.92186
2026-03-25 13:00:00,71715.24,71963.71,71515.84,71581.42,982.27587
2026-03-25 14:00:00,71581.42,71699.87,71230.51,71234.28,810.44092
2026-03-25 15:00:00,71234.28,71301.37,70530.47,70832.99,1384.84596
2026-03-25 16:00:00,70832.99,71752.88,70719.26,71324.01,1283.82328
2026-03-25 17:00:00,71324.01,71389.14,70720.38,70779.0,662.98589
2026-03-25 18:00:00,70778.99,71149.07,70681.07,70810.34,535.29926
2026-03-25 19:00:00,70810.34,71093.37,70777.51,70883.31,513.05944
2026-03-25 20:00:00,70883.32,71058.82,70646.34,71009.5,573.58151
2026-03-25 21:00:00,71009.5,71175.0,70949.3,71035.24,379.86408
2026-03-25 22:00:00,71035.25,71594.11,70947.61,71369.08,505.87572
2026-03-25 23:00:00,71369.07,71511.83,71189.55,71336.53,383.33913
2026-03-26 00:00:00,71336.53,71436.82,71142.38,71299.27,548.42613
2026-03-26 01:00:00,71299.27,71377.04,71159.06,71252.11,522.16838
2026-03-26 02:00:00,71252.11,71289.49,70672.37,70893.01,575.89477
2026-03-26 03:00:00,70893.01,70968.66,70685.69,70921.47,510.5495
2026-03-26 04:00:00,70921.47,70921.47,70721.46,70772.01,433.11432
2026-03-26 05:00:00,70772.01,70796.32,69942.96,70016.98,1271.74189
2026-03-26 06:00:00,70016.97,70152.63,69855.73,70097.18,1016.19011
2026-03-26 07:00:00,70097.19,70167.6,69805.0,70087.44,713.03812
2026-03-26 08:00:00,70087.44,70127.69,69806.39,70024.77,510.82818
2026-03-26 09:00:00,70024.78,70144.44,69409.67,69562.41,1313.07806
2026-03-26 10:00:00,69562.41,69719.96,69464.58,69517.68,694.15594
2026-03-26 11:00:00,69517.68,69667.56,69192.96,69276.01,803.66639
2026-03-26 12:00:00,69276.01,69461.28,69226.34,69436.42,589.82378
2026-03-26 13:00:00,69436.42,69877.45,69218.0,69646.59,1361.59869
2026-03-26 14:00:00,69646.59,69837.12,69259.25,69479.92,943.35709
2026-03-26 15:00:00,69479.91,69497.73,68632.4,69082.64,1805.07582
2026-03-26 16:00:00,69082.64,69142.94,68823.21,68932.52,949.52674
2026-03-26 17:00:00,68932.53,69162.0,68377.83,68486.86,1130.52816
2026-03-26 18:00:00,68486.86,68603.75,68153.0,68497.25,1402.56662
2026-03-26 19:00:00,68497.25,68681.54,68358.8,68534.36,543.97259
2026-03-26 20:00:00,68534.37,69478.42,68436.74,69005.21,1707.65634
2026-03-26 21:00:00,69005.21,69205.43,68879.05,68921.1,598.68777
2026-03-26 22:00:00,68921.1,69028.89,68603.24,68892.67,484.39394
2026-03-26 23:00:00,68892.66,68994.16,68640.0,68820.31,390.41835
2026-03-27 00:00:00,68820.31,68965.15,68531.37,68785.01,634.46014
2026-03-27 01:00:00,68785.0,69066.51,68700.0,69051.27,555.05692
2026-03-27 02:00:00,69051.27,69179.05,68862.0,68903.59,948.45642
2026-03-27 03:00:00,68903.58,68924.0,68668.72,68767.51,576.98772
2026-03-27 04:00:00,68767.5,68791.4,68304.14,68578.0,846.47748
2026-03-27 05:00:00,68577.99,68865.88,68511.79,68630.77,773.74806
2026-03-27 06:00:00,68630.76,68846.0,68567.62,68656.15,672.0882
2026-03-27 07:00:00,68656.16,68955.53,68399.18,68540.48,1641.76445
2026-03-27 08:00:00,68540.49,68635.07,67609.29,67920.5,1817.58289
2026-03-27 09:00:00,67920.51,67960.32,67548.67,67695.81,812.25094
2026-03-27 10:00:00,67695.81,67778.99,66326.38,66502.41,3012.9263
2026-03-27 11:00:00,66502.41,66848.05,66231.96,66702.78,1683.20205
2026-03-27 12:00:00,66702.78,66773.25,66432.19,66619.76,964.55681
2026-03-27 13:00:00,66619.75,66757.3,66025.0,66188.32,2427.72498
2026-03-27 14:00:00,66188.31,66404.0,65730.17,66205.06,2475.49917
2026-03-27 15:00:00,66205.07,66638.25,65958.75,66112.82,2405.26081
2026-03-27 16:00:00,66112.82,66177.99,65812.43,65979.29,1226.73521
2026-03-27 17:00:00,65979.29,66290.0,65600.0,65632.92,1002.16119
2026-03-27 18:00:00,65632.93,65951.96,65548.25,65836.69,915.82085
2026-03-27 19:00:00,65836.69,66145.0,65700.0,66040.66,818.3401
2026-03-27 20:00:00,66040.65,66152.51,65817.44,66020.76,511.09525
2026-03-27 21:00:00,66020.77,66186.01,66013.0,66098.0,636.71362
2026-03-27 22:00:00,66098.0,66098.01,65920.0,66020.79,739.86415
2026-03-27 23:00:00,66020.79,66420.75,65970.25,66407.28,504.92186
2026-03-28 00:00:00,66407.28,66520.46,66293.35,66431.55,499.89072
2026-03-28 01:00:00,66431.54,66431.55,66056.09,66178.85,613.17173
2026-03-28 02:00:00,66178.86,66251.67,65932.09,66053.2,490.39923
2026-03-28 03:00:00,66053.2,66259.66,66053.19,66240.0,705.96536
2026-03-28 04:00:00,66240.0,66304.72,66110.0,66285.01,452.84284
2026-03-28 05:00:00,66285.01,66407.96,66202.01,66341.9,675.62625
2026-03-28 06:00:00,66341.9,66500.0,66308.93,66382.0,485.97016
2026-03-28 07:00:00,66382.0,66573.61,66379.8,66561.48,737.38217
2026-03-28 08:00:00,66561.49,66570.09,66387.06,66409.33,708.34892
2026-03-28 09:00:00,66409.34,66416.77,66243.01,66311.32,634.09125
2026-03-28 10:00:00,66311.32,66411.79,66124.4,66221.38,306.12343
2026-03-28 11:00:00,66221.37,66358.0,66201.91,66319.47,223.42305
2026-03-28 12:00:00,66319.46,66527.01,66240.87,66455.09,344.10648
2026-03-28 13:00:00,66455.1,67163.99,66407.65,66835.1,1040.57902
2026-03-28 14:00:00,66835.1,66967.01,66666.66,66742.1,570.49869
2026-03-28 15:00:00,66742.09,67288.94,66717.15,67014.91,771.68723
2026-03-28 16:00:00,67014.92,67096.77,66855.24,66926.95,342.70522
2026-03-28 17:00:00,66926.94,66996.61,66704.0,66846.21,310.89662
2026-03-28 18:00:00,66846.2,66963.51,66834.87,66908.03,234.04169
2026-03-28 19:00:00,66908.03,66954.0,66804.71,66916.52,202.96743
2026-03-28 20:00:00,66916.52,67010.0,66906.0,66906.0,262.72665
2026-03-28 21:00:00,66906.0,66926.31,66600.01,66685.53,291.07026
2026-03-28 22:00:00,66685.53,66788.88,66588.22,66755.88,224.47432
2026-03-28 23:00:00,66755.88,66755.88,66283.38,66377.03,333.40975
2026-03-29 00:00:00,66377.04,66500.0,66281.4,66487.93,285.17232
2026-03-29 01:00:00,66487.93,66620.0,66385.88,66569.22,295.19169
2026-03-29 02:00:00,66569.22,66843.66,66540.96,66818.0,293.83335
2026-03-29 03:00:00,66818.01,67130.5,66760.48,66912.0,660.9466
2026-03-29 04:00:00,66912.0,66936.6,66717.51,66735.14,168.5724
2026-03-29 05:00:00,66735.14,66828.05,66597.1,66771.94,418.44564
2026-03-29 06:00:00,66771.94,66872.0,66636.0,66738.5,418.74617
2026-03-29 07:00:00,66738.5,66752.61,66556.78,66671.0,346.10727
2026-03-29 08:00:00,66671.0,66772.83,66600.0,66724.0,177.06023
2026-03-29 09:00:00,66724.0,66773.02,66549.54,66634.01,225.04256
2026-03-29 10:00:00,66634.01,66634.02,66418.0,66502.79,345.865
2026-03-29 11:00:00,66502.8,66988.01,66502.79,66816.28,336.66276
2026-03-29 12:00:00,66816.29,66870.34,66703.07,66849.88,185.85649
2026-03-29 13:00:00,66849.88,66875.24,66524.28,66580.36,359.5639
2026-03-29 14:00:00,66580.36,66797.01,66461.0,66589.64,372.89659
2026-03-29 15:00:00,66589.64,66730.6,66334.37,66523.0,518.27098
2026-03-29 16:00:00,66523.01,66665.05,66435.75,66499.35,232.56305
2026-03-29 17:00:00,66499.36,66546.0,66158.26,66385.84,329.15631
2026-03-29 18:00:00,66385.84,66540.43,66321.66,66427.26,147.43013
2026-03-29 19:00:00,66427.27,66477.81,66323.3,66348.62,285.67371
2026-03-29 20:00:00,66348.61,66793.83,66348.61,66614.05,280.05501
2026-03-29 21:00:00,66614.04,66756.51,66509.41,66710.12,220.10647
2026-03-29 22:00:00,66710.12,66710.12,65000.0,65860.31,2219.11979
2026-03-29 23:00:00,65860.31,66382.98,65859.91,66010.93,930.51742
2026-03-30 00:00:00,66010.93,67059.66,65800.59,66280.25,1328.87485
2026-03-30 01:00:00,66280.24,66834.79,66280.24,66653.74,685.87133
2026-03-30 02:00:00,66653.74,67450.0,66580.01,67121.01,1220.60217
2026-03-30 03:00:00,67121.01,67319.33,66977.62,67173.8,466.26604
2026-03-30 04:00:00,67173.8,67650.01,67167.92,67616.29,809.57231
2026-03-30 05:00:00,67616.28,67800.0,67442.0,67492.46,627.15632
2026-03-30 06:00:00,67492.46,67585.97,67278.53,67305.14,721.7835
2026-03-30 07:00:00,67305.14,67624.39,67227.88,67624.39,584.47106
2026-03-30 08:00:00,67624.39,67946.02,67604.56,67666.44,1729.15176
2026-03-30 09:00:00,67666.44,67698.62,67460.0,67495.46,607.44273
2026-03-30 10:00:00,67495.46,67518.37,67360.41,67488.53,255.63666
2026-03-30 11:00:00,67488.88,68042.3,67488.88,67680.45,790.86208
2026-03-30 12:00:00,67680.44,67979.93,67666.17,67899.59,627.65449
2026-03-30 13:00:00,67899.59,68169.65,67428.57,67529.52,1379.99177
2026-03-30 14:00:00,67529.52,67864.49,67088.73,67799.54,1205.57197
2026-03-30 15:00:00,67799.54,67896.89,67407.63,67629.4,964.70473
2026-03-30 16:00:00,67629.4,67641.65,67222.0,67368.1,660.26793
2026-03-30 17:00:00,67368.1,67465.2,66650.0,66828.02,917.71373
2026-03-30 18:00:00,66828.02,66929.18,66508.25,66653.46,498.11738
2026-03-30 19:00:00,66653.45,66664.57,66233.13,66550.05,597.89786
2026-03-30 20:00:00,66550.06,66691.48,66523.75,66651.4,324.61202
2026-03-30 21:00:00,66651.41,66994.17,66587.32,66809.3,481.422
2026-03-30 22:00:00,66809.3,66989.1,66683.72,66784.98,169.50316
2026-03-30 23:00:00,66784.97,66797.38,66419.79,66797.37,698.2419
2026-03-31 00:00:00,66797.38,67303.33,66544.51,67208.75,658.94529
2026-03-31 01:00:00,67208.74,68408.37,67050.0,67938.54,1458.05548
2026-03-31 02:00:00,67938.05,68096.87,67775.18,67943.43,435.18783
2026-03-31 03:00:00,67943.43,68009.99,67648.2,67704.74,387.87365
2026-03-31 04:00:00,67704.74,67979.38,67405.89,67544.01,1149.88888
2026-03-31 05:00:00,67544.01,67780.34,67400.0,67681.68,653.43122
2026-03-31 06:00:00,67681.69,67711.02,67333.33,67492.85,511.27605
2026-03-31 07:00:00,67492.86,67524.65,67103.32,67367.69,1579.98188
2026-03-31 08:00:00,67367.7,67496.0,66688.68,66778.33,897.84489
2026-03-31 09:00:00,66778.34,66924.33,65998.05,66124.99,1512.48446
2026-03-31 10:00:00,66125.0,66471.08,66100.01,66363.38,788.27557
2026-03-31 11:00:00,66363.38,66922.58,66240.14,66685.69,989.3859
2026-03-31 12:00:00,66685.69,66939.9,66520.71,66653.26,539.00678
2026-03-31 13:00:00,66653.27,67412.11,66653.27,67302.29,1087.22021
2026-03-31 14:00:00,67302.28,67767.87,66427.53,66587.45,1485.37387
2026-03-31 15:00:00,66587.46,67283.25,66587.46,66736.8,1025.58837
2026-03-31 16:00:00,66736.79,68030.19,66729.28,67665.83,1334.03651
2026-03-31 17:00:00,67665.83,68589.49,67403.81,67526.75,2195.81331
2026-03-31 18:00:00,67526.76,67947.98,67526.3,67854.05,426.40012
2026-03-31 19:00:00,67854.04,68029.41,67716.35,67838.8,435.2447
2026-03-31 20:00:00,67838.79,68267.27,67831.7,68265.53,693.06575
2026-03-31 21:00:00,68265.53,68410.3,67884.0,68277.99,494.48096
2026-03-31 22:00:00,68278.0,68341.16,67962.27,68172.87,755.55219
2026-03-31 23:00:00,68173.59,68371.1,68090.2,68284.48,610.99275
2026-04-01 00:00:00,68284.49,68343.77,67853.3,68330.75,542.79511
2026-04-01 01:00:00,68330.76,68378.64,67760.33,67782.73,966.68117
2026-04-01 02:00:00,67782.74,67913.98,67578.75,67668.89,1114.17912
2026-04-01 03:00:00,67668.9,68250.0,67668.9,68170.67,551.94514
2026-04-01 04:00:00,68170.67,68476.26,68005.33,68303.83,711.87735
2026-04-01 05:00:00,68303.83,68755.51,68150.0,68456.02,817.4812
2026-04-01 06:00:00,68456.01,69236.78,68456.01,69102.85,1241.29278
2026-04-01 07:00:00,69102.8,69310.0,68667.02,68692.0,1537.595
2026-04-01 08:00:00,68692.0,68851.35,68389.21,68670.16,1279.02403
2026-04-01 09:00:00,68670.15,68733.78,68390.25,68644.0,480.44871
2026-04-01 10:00:00,68644.01,68662.26,68407.08,68585.55,974.80784
2026-04-01 11:00:00,68585.55,68736.15,68505.91,68712.52,752.56981
2026-04-01 12:00:00,68712.52,68786.0,68248.3,68393.6,1365.22557
2026-04-01 13:00:00,68393.6,68681.25,67918.83,68116.07,1032.06992
2026-04-01 14:00:00,68116.06,68690.98,68059.38,68593.55,905.1708
2026-04-01 15:00:00,68593.56,68965.0,68428.94,68918.52,789.38357
2026-04-01 16:00:00,68918.52,68986.66,68610.0,68816.34,705.16345
2026-04-01 17:00:00,68816.35,69171.77,68247.17,68266.62,768.87563
2026-04-01 18:00:00,68266.62,68330.31,67939.28,68084.76,723.37275
2026-04-01 19:00:00,68084.76,68287.39,68028.19,68176.84,412.79717
2026-04-01 20:00:00,68176.84,68249.0,67964.48,68191.09,276.10606
2026-04-01 21:00:00,68191.09,68534.0,68171.56,68362.53,326.52766
2026-04-01 22:00:00,68362.53,68362.53,68070.38,68122.99,270.47066
2026-04-01 23:00:00,68122.99,68250.0,67996.89,68113.92,474.3294
2026-04-02 00:00:00,68113.92,68653.38,68050.0,68600.29,409.1904
2026-04-02 01:00:00,68600.29,68600.29,67050.84,67359.27,1944.08944
2026-04-02 02:00:00,67359.27,67359.27,66624.64,66852.99,1169.08434
2026-04-02 03:00:00,66852.99,66969.54,66500.0,66576.25,767.73135
2026-04-02 04:00:00,66576.25,66655.46,66217.07,66330.27,889.41375
2026-04-02 05:00:00,66330.27,66667.92,66311.0,66591.54,966.2787
2026-04-02 06:00:00,66591.54,66824.95,66548.45,66681.49,493.29026
2026-04-02 07:00:00,66681.48,66961.26,66557.33,66930.79,645.82875
2026-04-02 08:00:00,66930.79,66930.79,66180.0,66439.12,781.90752
2026-04-02 09:00:00,66439.12,66517.43,66294.0,66469.6,483.38047
2026-04-02 10:00:00,66469.6,66511.79,66229.55,66457.28,452.52391
2026-04-02 11:00:00,66457.28,66516.06,66167.1,66220.28,1122.63022
2026-04-02 12:00:00,66220.28,66248.51,65961.66,66052.71,1024.11018
2026-04-02 13:00:00,66052.71,66285.81,65712.12,66270.87,1225.30288
2026-04-02 14:00:00,66270.87,67104.86,66168.07,66868.18,1908.17735
2026-04-02 15:00:00,66868.17,66994.51,66646.36,66852.91,825.60342
2026-04-02 16:00:00,66852.91,67300.0,66759.28,67095.85,920.46412
2026-04-02 17:00:00,67095.85,67430.99,66666.66,66679.16,1455.89824
2026-04-02 18:00:00,66679.16,67065.35,66596.8,66981.99,929.27922
2026-04-02 19:00:00,66981.99,67109.09,66878.0,66975.99,436.15774
2026-04-02 20:00:00,66976.0,67100.0,66798.0,66939.25,284.18038
2026-04-02 21:00:00,66939.25,67012.09,66731.08,66935.93,272.54969
2026-04-02 22:00:00,66935.94,67037.48,66825.61,66982.48,352.22156
2026-04-02 23:00:00,66982.48,67096.68,66855.5,66901.99,444.18527
2026-04-03 00:00:00,66901.99,67000.0,66702.83,66785.86,388.08477
2026-04-03 01:00:00,66785.87,66905.61,66483.9,66630.0,613.9141
2026-04-03 02:00:00,66630.01,66750.57,66282.0,66533.81,625.3621
2026-04-03 03:00:00,66533.82,66724.17,66495.69,66579.97,581.20992
2026-04-03 04:00:00,66579.98,66699.99,66500.04,66602.66,733.15532
2026-04-03 05:00:00,66602.67,66808.5,66416.68,66600.35,822.39566
2026-04-03 06:00:00,66600.35,66800.0,66558.76,66796.79,434.2967
2026-04-03 07:00:00,66796.8,67247.38,66758.0,67042.08,883.37731
2026-04-03 08:00:00,67042.08,67288.0,66900.56,66965.39,717.16964
2026-04-03 09:00:00,66965.39,67007.93,66749.35,66859.58,291.40037
2026-04-03 10:00:00,66859.58,66898.97,66674.72,66883.08,215.33139
2026-04-03 11:00:00,66883.09,67057.42,66823.18,67017.44,215.91455
2026-04-03 12:00:00,67017.43,67370.42,66646.36,66722.16,808.01051
2026-04-03 13:00:00,66722.16,66735.62,66508.1,66672.0,554.93399
2026-04-03 14:00:00,66671.99,66990.59,66634.0,66929.81,530.03077
2026-04-03 15:00:00,66929.8,67028.37,66823.3,66827.15,465.79672
2026-04-03 16:00:00,66827.15,67069.0,66827.14,67010.46,361.0645
2026-04-03 17:00:00,67010.45,67067.0,66751.86,66855.01,378.12395
2026-04-03 18:00:00,66855.0,66930.0,66786.12,66812.03,187.13591
2026-04-03 19:00:00,66812.04,66911.19,66774.02,66885.74,289.39585
2026-04-03 20:00:00,66885.73,66919.61,66831.97,66831.98,141.97965
2026-04-03 21:00:00,66831.97,66970.18,66827.6,66964.21,378.17654
2026-04-03 22:00:00,66964.21,66970.17,66842.76,66888.76,287.42422
2026-04-03 23:00:00,66888.76,66964.3,66826.13,66964.3,525.44687
2026-04-04 00:00:00,66964.29,66968.28,66876.7,66893.39,159.1028
2026-04-04 01:00:00,66893.4,66924.48,66827.22,66852.0,418.46364
2026-04-04 02:00:00,66852.0,66919.41,66814.0,66844.83,138.81793
2026-04-04 03:00:00,66844.84,66910.22,66830.23,66832.18,86.81929
2026-04-04 04:00:00,66832.18,66876.32,66775.91,66860.73,180.50471
2026-04-04 05:00:00,66860.73,66936.72,66844.14,66916.29,629.01422
2026-04-04 06:00:00,66916.3,67049.94,66911.2,67013.24,254.32193
2026-04-04 07:00:00,67013.25,67052.99,66943.34,67014.96,664.43952
2026-04-04 08:00:00,67014.95,67057.42,66918.0,66940.0,398.19184
2026-04-04 09:00:00,66940.0,66994.52,66918.0,66988.05,295.09328
2026-04-04 10:00:00,66988.06,67167.0,66918.0,67167.0,290.85424
2026-04-04 11:00:00,67167.0,67232.72,67083.43,67156.93,363.18025
2026-04-04 12:00:00,67156.93,67185.0,67060.56,67097.87,140.59027
2026-04-04 13:00:00,67097.87,67267.0,67082.41,67193.44,362.06124
2026-04-04 14:00:00,67193.45,67223.51,67029.07,67215.24,369.07128
2026-04-04 15:00:00,67215.24,67562.93,67177.39,67383.66,635.57272
2026-04-04 16:00:00,67383.66,67520.85,67331.06,67366.68,294.26452
2026-04-04 17:00:00,67366.68,67416.48,67292.0,67329.4,254.01236
2026-04-04 18:00:00,67329.41,67380.98,67265.0,67295.47,120.36154
2026-04-04 19:00:00,67295.47,67543.6,67275.0,67288.42,189.77457
2026-04-04 20:00:00,67288.42,67295.81,67186.62,67268.4,186.97188
2026-04-04 21:00:00,67268.4,67504.54,67215.0,67359.2,238.4254
2026-04-04 22:00:00,67359.21,67470.93,67341.19,67399.92,306.3388
2026-04-04 23:00:00,67399.91,67399.99,67261.32,67300.42,397.2679
2026-04-05 00:00:00,67300.42,67307.28,67168.08,67225.0,431.18676
2026-04-05 01:00:00,67225.0,67230.0,67080.0,67085.0,369.56535
2026-04-05 02:00:00,67085.0,67174.92,66955.72,67170.16,252.42427
2026-04-05 03:00:00,67170.17,67188.09,67089.33,67145.98,163.69484
2026-04-05 04:00:00,67145.98,67188.51,67073.56,67101.65,92.89503
2026-04-05 05:00:00,67101.65,67154.98,66888.0,66931.65,466.39184
2026-04-05 06:00:00,66931.65,66940.0,66611.66,66802.24,728.34135
2026-04-05 07:00:00,66802.24,66914.48,66715.43,66820.64,615.79892
2026-04-05 08:00:00,66820.64,66940.0,66819.42,66933.18,227.07394
2026-04-05 09:00:00,66933.18,67048.64,66902.15,67035.15,293.93169
2026-04-05 10:00:00,67035.15,67150.0,66968.35,67046.01,288.35183
2026-04-05 11:00:00,67046.01,67087.22,66973.67,66999.0,253.07128
2026-04-05 12:00:00,66998.99,66999.0,66680.57,66783.58,607.98096
2026-04-05 13:00:00,66783.59,66918.03,66693.91,66890.7,361.31735
2026-04-05 14:00:00,66890.7,66963.95,66820.54,66918.03,296.0396
2026-04-05 15:00:00,66918.03,67856.16,66829.02,67306.64,1471.0776
2026-04-05 16:00:00,67306.65,67410.0,67173.4,67212.62,356.80623
2026-04-05 17:00:00,67212.61,67402.0,67187.95,67373.64,168.11139
2026-04-05 18:00:00,67373.64,67451.78,67281.38,67413.78,210.99631
2026-04-05 19:00:00,67413.78,67560.45,67276.67,67361.01,229.64378
2026-04-05 20:00:00,67361.01,67705.74,67332.66,67658.35,338.30366
2026-04-05 21:00:00,67658.35,67682.42,67408.07,67553.43,435.91664
2026-04-05 22:00:00,67553.44,68374.75,67347.05,68338.43,1201.92322
2026-04-05 23:00:00,68338.43,69136.2,68266.13,69034.18,1872.62368
2026-04-06 00:00:00,69034.18,69588.0,69034.18,69083.78,1917.91608
2026-04-06 01:00:00,69083.79,69139.63,68787.13,68810.18,991.41564
2026-04-06 02:00:00,68810.17,69408.39,68776.61,69207.99,951.83494
2026-04-06 03:00:00,69207.99,69259.06,69056.86,69123.69,641.74895
2026-04-06 04:00:00,69123.69,69217.68,68980.36,69141.8,640.03746
2026-04-06 05:00:00,69141.81,69247.0,69086.0,69199.31,664.48642
2026-04-06 06:00:00,69199.31,69354.26,68806.53,68976.67,805.10068
2026-04-06 07:00:00,68976.67,69215.37,68821.07,69115.91,705.20265
2026-04-06 08:00:00,69115.91,69347.85,69081.88,69224.63,514.80546
2026-04-06 09:00:00,69224.63,70283.32,69214.46,69728.0,2395.68342
2026-04-06 10:00:00,69728.01,69950.0,69708.13,69770.88,634.91449
2026-04-06 11:00:00,69770.88,69770.96,69565.01,69614.91,453.63795
2026-04-06 12:00:00,69614.91,69635.87,69329.23,69366.75,601.7024
2026-04-06 13:00:00,69366.76,69550.0,69235.09,69428.23,656.60844
2026-04-06 14:00:00,69428.23,69809.99,69163.86,69654.38,1336.92282
2026-04-06 15:00:00,69654.39,69973.25,69526.87,69968.87,814.13173
2026-04-06 16:00:00,69968.87,70351.46,69782.11,69799.14,1291.21899
2026-04-06 17:00:00,69799.14,69820.0,69282.02,69574.61,914.30002
2026-04-06 18:00:00,69574.62,69967.78,69479.49,69888.97,537.79955
2026-04-06 19:00:00,69888.97,69899.99,69583.33,69739.53,431.93913
2026-04-06 20:00:00,69739.52,69974.08,69625.0,69826.01,372.95882
2026-04-06 21:00:00,69826.0,69826.0,69423.09,69504.99,366.00988
2026-04-06 22:00:00,69504.99,69581.92,68811.0,68811.0,578.82627
2026-04-06 23:00:00,68811.01,68912.97,68300.0,68853.66,1062.40825
2026-04-07 00:00:00,68853.66,69128.2,68723.81,68775.7,908.20417
2026-04-07 01:00:00,68775.71,68900.63,68352.52,68400.01,682.14287
2026-04-07 02:00:00,68400.01,68713.92,68273.34,68674.0,382.32486
2026-04-07 03:00:00,68674.01,68800.94,68625.59,68779.21,449.64401
2026-04-07 04:00:00,68779.2,68981.83,68540.84,68854.65,480.37449
2026-04-07 05:00:00,68854.65,68866.0,68613.2,68669.0,546.70209
2026-04-07 06:00:00,68669.0,68669.01,68443.0,68568.35,488.73987
2026-04-07 07:00:00,68568.35,68703.72,68500.0,68624.61,307.81904
2026-04-07 08:00:00,68624.6,68984.48,68603.6,68936.71,338.93457
2026-04-07 09:00:00,68936.71,69247.9,68930.04,69150.05,436.92801
2026-04-07 10:00:00,69150.06,69199.87,68200.0,68237.93,899.01254
2026-04-07 11:00:00,68237.93,68455.96,68071.96,68345.75,598.71022
2026-04-07 12:00:00,68345.75,68599.13,68080.0,68392.18,738.67705
2026-04-07 13:00:00,68392.19,68633.87,68198.12,68231.99,822.0611
2026-04-07 14:00:00,68231.99,68258.26,67763.64,67860.48,1396.10082
2026-04-07 15:00:00,67860.49,68268.6,67732.01,68168.1,1084.45539
2026-04-07 16:00:00,68168.11,68454.23,68085.01,68229.99,654.26405
2026-04-07 17:00:00,68230.0,69000.0,68198.22,68705.81,1147.70463
2026-04-07 18:00:00,68705.82,68773.24,68358.1,68442.53,630.41269
2026-04-07 19:00:00,68442.52,69098.44,68358.1,69011.29,1385.03929
2026-04-07 20:00:00,69011.29,69535.26,69011.29,69319.39,1097.55478
2026-04-07 21:00:00,69319.39,70216.68,69311.84,69927.64,1742.03489
2026-04-07 22:00:00,69927.65,71528.0,69927.65,71514.09,2841.66596
2026-04-07 23:00:00,71514.1,72761.0,71194.9,71924.22,3690.98922
2026-04-08 00:00:00,71924.22,72110.65,71541.51,71710.19,1153.45069
2026-04-08 01:00:00,71710.19,71758.6,71452.68,71476.97,621.6206
2026-04-08 02:00:00,71476.98,71727.01,71240.99,71364.94,1153.76247
2026-04-08 03:00:00,71364.95,71479.97,71277.18,71287.39,441.23135
2026-04-08 04:00:00,71287.39,71676.77,71287.38,71566.18,721.11279
2026-04-08 05:00:00,71566.66,71831.6,71560.0,71731.1,821.79755
2026-04-08 06:00:00,71731.1,71941.42,71581.14,71732.69,811.19618
2026-04-08 07:00:00,71732.7,71902.0,71573.04,71627.59,943.84918
2026-04-08 08:00:00,71627.59,71831.08,71627.59,71800.0,501.15204
2026-04-08 09:00:00,71799.99,71955.0,71588.75,71678.87,419.9995
2026-04-08 10:00:00,71678.87,71790.0,71457.61,71476.98,514.219
2026-04-08 11:00:00,71476.97,71739.67,71407.77,71675.12,779.27898
2026-04-08 12:00:00,71675.12,72181.81,71581.76,72071.95,1226.00544
2026-04-08 13:00:00,72071.95,72857.0,71510.0,71600.01,2821.31683
2026-04-08 14:00:00,71600.0,71751.42,70707.23,70912.88,1895.54834
2026-04-08 15:00:00,70912.89,71349.05,70833.3,71310.0,873.16856
2026-04-08 16:00:00,71309.99,71699.0,71250.93,71602.1,757.94566
2026-04-08 17:00:00,71602.11,71963.94,71490.55,71888.19,682.09647
2026-04-08 18:00:00,71888.19,71888.2,71085.22,71099.63,703.75724
2026-04-08 19:00:00,71099.63,71372.22,71019.0,71318.48,473.49397
2026-04-08 20:00:00,71318.47,71481.7,71267.91,71372.93,226.24698
2026-04-08 21:00:00,71372.94,71748.0,71330.86,71551.39,367.89907
2026-04-08 22:00:00,71551.4,71571.6,71064.84,71064.84,374.67564
2026-04-08 23:00:00,71064.84,71204.0,70901.89,71069.93,517.86174
2026-04-09 00:00:00,71069.93,71133.71,70650.0,70815.5,677.85142
2026-04-09 01:00:00,70815.5,70956.7,70466.0,70928.89,495.03665
2026-04-09 02:00:00,70928.9,71198.8,70816.36,71060.64,664.15391
2026-04-09 03:00:00,71060.64,71124.05,70845.27,70992.39,808.25356
2026-04-09 04:00:00,70992.37,71006.13,70734.77,70782.0,304.15042
2026-04-09 05:00:00,70781.99,71087.12,70689.38,70984.0,495.401
2026-04-09 06:00:00,70983.99,71082.71,70809.94,71031.84,538.94746
2026-04-09 07:00:00,71031.83,71116.0,70955.4,70982.01,922.88611
2026-04-09 08:00:00,70982.01,71380.0,70865.42,71249.51,562.42694
2026-04-09 09:00:00,71249.51,71575.0,71109.99,71534.68,512.0201
2026-04-09 10:00:00,71534.69,71534.69,71276.44,71276.45,304.66693
2026-04-09 11:00:00,71276.45,71350.0,71038.5,71150.17,446.85377
2026-04-09 12:00:00,71150.17,71328.79,71040.0,71279.63,382.04593
2026-04-09 13:00:00,71279.63,71355.24,70629.3,70801.98,696.59545
2026-04-09 14:00:00,70801.97,71250.39,70522.77,71123.71,873.72309
2026-04-09 15:00:00,71123.71,72358.0,70929.44,72141.99,2048.75279
2026-04-09 16:00:00,72142.0,72399.0,71729.66,72080.87,1429.6831
2026-04-09 17:00:00,72080.86,72550.0,72062.38,72347.49,1415.90923
2026-04-09 18:00:00,72348.0,72380.7,71747.68,71888.69,560.32535
2026-04-09 19:00:00,71888.69,72300.0,71750.0,72096.32,607.89039
2026-04-09 20:00:00,72096.33,72458.31,71985.95,72413.97,497.89389
2026-04-09 21:00:00,72413.96,72700.0,72142.79,72264.95,771.79321
2026-04-09 22:00:00,72264.96,73145.0,71945.94,71946.01,1345.32358
2026-04-09 23:00:00,71946.01,72025.53,71585.25,71787.97,795.83731
2026-04-10 00:00:00,71787.98,72028.4,71573.35,71963.03,967.9743
2026-04-10 01:00:00,71963.04,72387.0,71673.48,72157.93,679.67117
2026-04-10 02:00:00,72157.93,72291.04,71921.59,71965.36,515.54191
2026-04-10 03:00:00,71965.36,72027.37,71813.73,71868.67,543.68867
2026-04-10 04:00:00,71868.67,72212.84,71820.47,72117.29,734.17151
2026-04-10 05:00:00,72117.29,72267.89,72010.4,72127.84,408.69549
2026-04-10 06:00:00,72127.84,72179.85,71792.01,71805.38,448.00931
2026-04-10 07:00:00,71805.39,71837.59,71428.0,71481.85,702.39043
2026-04-10 08:00:00,71481.85,71769.41,71426.15,71606.07,624.89096
2026-04-10 09:00:00,71606.08,71873.0,71583.47,71787.41,281.02303
2026-04-10 10:00:00,71787.41,71928.29,71711.6,71910.09,238.63388
2026-04-10 11:00:00,71910.1,72261.93,71903.69,72127.59,421.17579
2026-04-10 12:00:00,72127.59,72458.0,72007.5,72258.68,733.4245
2026-04-10 13:00:00,72258.69,72409.41,71899.51,72321.4,673.2668
2026-04-10 14:00:00,72321.39,73155.58,72258.0,72909.0,2362.6198
2026-04-10 15:00:00,72909.0,73289.96,72355.87,72460.51,1324.05053
2026-04-10 16:00:00,72460.52,73069.4,72387.41,72992.33,733.09003
2026-04-10 17:00:00,72992.32,73146.0,72802.96,73121.66,454.50524
2026-04-10 18:00:00,73121.66,73159.81,72880.95,73107.07,597.01721
2026-04-10 19:00:00,73107.07,73264.76,72900.0,73236.11,713.54118
2026-04-10 20:00:00,73236.11,73434.0,73051.97,73361.68,872.16866
2026-04-10 21:00:00,73361.68,73364.47,72934.53,73190.67,654.89865
2026-04-10 22:00:00,73190.68,73244.03,72700.6,72877.0,798.3469
2026-04-10 23:00:00,72877.01,72967.79,72791.96,72962.7,889.83693
2026-04-11 00:00:00,72962.71,72962.71,72787.94,72828.42,801.54149
2026-04-11 01:00:00,72828.42,72999.99,72670.0,72954.39,320.3002
2026-04-11 02:00:00,72954.39,73094.89,72910.93,72966.57,288.43552
2026-04-11 03:00:00,72966.58,73075.34,72814.42,72866.63,227.12944
2026-04-11 04:00:00,72866.62,72954.28,72681.9,72806.08,298.14959
2026-04-11 05:00:00,72806.08,72836.55,72679.08,72722.28,222.17067
2026-04-11 06:00:00,72722.28,72771.32,72612.16,72762.0,590.44339
2026-04-11 07:00:00,72762.01,72832.0,72672.56,72745.38,321.42327
2026-04-11 08:00:00,72745.38,72799.57,72638.44,72664.17,263.67236
2026-04-11 09:00:00,72664.16,72908.0,72617.75,72907.11,306.96352
2026-04-11 10:00:00,72907.12,72915.95,72760.9,72843.71,224.83128
2026-04-11 11:00:00,72843.7,72912.0,72826.37,72907.05,109.63598
2026-04-11 12:00:00,72907.05,72982.4,72814.97,72940.49,180.21756
2026-04-11 13:00:00,72940.5,72940.5,72513.09,72658.07,493.97275
2026-04-11 14:00:00,72658.07,72770.91,72609.27,72704.67,212.83973
2026-04-11 15:00:00,72704.66,72896.03,72678.0,72858.17,246.74388
2026-04-11 16:00:00,72858.18,73204.74,72812.94,73034.33,656.04744
2026-04-11 17:00:00,73034.34,73169.04,72942.06,73095.97,269.56328
2026-04-11 18:00:00,73095.97,73726.13,73032.61,73547.89,856.65701
2026-04-11 19:00:00,73547.9,73790.0,73472.38,73687.15,595.037
2026-04-11 20:00:00,73687.16,73689.97,73226.28,73290.43,395.49217
2026-04-11 21:00:00,73290.43,73548.08,73200.48,73427.04,366.94025
2026-04-11 22:00:00,73427.04,73574.0,73234.25,73376.01,431.15797
2026-04-11 23:00:00,73376.01,73376.01,72907.4,73043.16,391.57799
2026-04-12 00:00:00,73043.16,73117.32,72873.25,73079.96,390.45862
2026-04-12 01:00:00,73079.96,73137.24,71310.0,71643.69,2072.10202
2026-04-12 02:00:00,71643.69,71982.46,71352.47,71761.35,839.35622
2026-04-12 03:00:00,71761.35,71861.33,71593.18,71593.19,790.20901
2026-04-12 04:00:00,71593.18,71685.31,71444.68,71466.53,611.50691
2026-04-12 05:00:00,71466.53,71781.0,71417.22,71710.2,667.76838
2026-04-12 06:00:00,71710.19,71753.33,71633.77,71668.01,377.10612
2026-04-12 07:00:00,71668.01,71747.31,71588.57,71665.0,313.33908
2026-04-12 08:00:00,71664.99,71805.85,71595.0,71629.21,922.36362
2026-04-12 09:00:00,71629.21,71633.01,71488.45,71531.94,372.12981
2026-04-12 10:00:00,71531.95,71682.72,71357.76,71452.89,274.78665
2026-04-12 11:00:00,71452.89,71556.12,71412.57,71468.55,211.53603
2026-04-12 12:00:00,71468.54,71500.0,71077.44,71084.01,608.12473
2026-04-12 13:00:00,71084.01,71146.03,70866.82,70889.42,708.82478
2026-04-12 14:00:00,70889.42,71092.78,70700.0,70748.34,541.94034
2026-04-12 15:00:00,70748.34,70932.0,70604.07,70892.03,502.43194
2026-04-12 16:00:00,70892.04,70959.51,70821.05,70936.27,259.94883
2026-04-12 17:00:00,70936.27,71202.0,70900.0,71140.51,322.7326
2026-04-12 18:00:00,71140.51,71214.08,71056.2,71137.64,176.22609
2026-04-12 19:00:00,71137.65,71222.58,71078.76,71084.18,233.07874
2026-04-12 20:00:00,71084.18,71440.0,70956.83,71335.43,622.27061
2026-04-12 21:00:00,71335.43,71452.0,71163.01,71364.02,234.93742
2026-04-12 22:00:00,71364.03,71367.85,70505.88,70912.73,908.94869
2026-04-12 23:00:00,70912.73,70912.73,70571.66,70740.98,510.34077
2026-04-13 00:00:00,70741.56,71262.63,70615.3,71172.62,546.73984
2026-04-13 01:00:00,71172.63,71227.28,71027.26,71197.64,720.27854
2026-04-13 02:00:00,71197.64,71271.78,70986.71,71073.14,270.71272
2026-04-13 03:00:00,71073.14,71155.42,70917.27,70976.0,348.9161
2026-04-13 04:00:00,70975.99,71144.0,70854.29,70890.3,584.47308
2026-04-13 05:00:00,70890.3,70920.0,70672.72,70878.82,533.46945
2026-04-13 06:00:00,70878.82,71106.54,70878.82,71017.66,697.01918
2026-04-13 07:00:00,71017.66,71067.91,70685.25,70813.88,859.13978
2026-04-13 08:00:00,70813.88,70861.01,70566.99,70680.7,334.12518
2026-04-13 09:00:00,70680.7,70910.68,70678.0,70792.88,250.58431
2026-04-13 10:00:00,70792.89,70846.9,70688.28,70755.88,177.99631
2026-04-13 11:00:00,70755.89,70997.12,70736.29,70929.68,260.33899
2026-04-13 12:00:00,70929.68,71219.8,70758.5,71074.91,460.129
2026-04-13 13:00:00,71074.92,71700.82,70818.57,71662.65,1544.74455
2026-04-13 14:00:00,71662.65,72401.0,71375.24,72400.15,2098.23774
2026-04-13 15:00:00,72400.15,72464.28,71652.65,71866.59,1342.3378
2026-04-13 16:00:00,71866.59,72437.25,71679.8,72202.36,1514.19404
2026-04-13 17:00:00,72202.37,72600.0,72069.01,72148.87,1653.64723
2026-04-13 18:00:00,72148.87,72460.42,72053.78,72424.86,965.95939
2026-04-13 19:00:00,72424.86,73480.0,72298.93,73322.82,2632.95065
2026-04-13 20:00:00,73322.0,73394.37,73007.08,73149.36,1081.57049
2026-04-13 21:00:00,73149.36,73368.08,73072.85,73179.71,387.90227
2026-04-13 22:00:00,73179.71,74746.61,73172.01,74627.04,3298.60756
2026-04-13 23:00:00,74627.04,74900.0,74405.64,74417.99,1666.14205
2026-04-14 00:00:00,74418.0,74517.31,74102.39,74163.82,1276.45858
2026-04-14 01:00:00,74163.82,74431.0,73954.86,74386.02,1065.1631
2026-04-14 02:00:00,74386.03,74579.32,74283.2,74330.98,598.05117
2026-04-14 03:00:00,74330.99,74496.9,74252.35,74444.43,646.36946
2026-04-14 04:00:00,74444.44,74504.52,74351.55,74387.85,484.30563
2026-04-14 05:00:00,74387.85,74434.41,74150.6,74210.11,838.40961
2026-04-14 06:00:00,74210.12,74550.0,74210.12,74522.73,614.57152
2026-04-14 07:00:00,74522.72,74924.64,74430.92,74546.0,1456.55359
2026-04-14 08:00:00,74545.99,74910.0,74460.64,74750.0,938.29896
2026-04-14 09:00:00,74750.0,74830.93,74435.12,74500.0,565.8647
2026-04-14 10:00:00,74500.0,74617.92,74333.46,74350.01,540.18312
2026-04-14 11:00:00,74350.01,74450.63,74307.35,74376.52,653.35819
2026-04-14 12:00:00,74376.52,74485.06,74277.19,74452.0,513.51818
2026-04-14 13:00:00,74452.0,75532.94,74407.74,75525.94,3246.78739
2026-04-14 14:00:00,75525.94,76038.0,75013.61,75013.62,4357.56106
2026-04-14 15:00:00,75013.61,75441.99,74564.34,75317.07,1661.60412
2026-04-14 16:00:00,75317.06,75688.0,74527.02,74652.2,1265.45725
2026-04-14 17:00:00,74652.2,74948.78,74244.63,74748.9,985.979
2026-04-14 18:00:00,74748.89,74814.99,73795.47,74093.19,1613.97962
2026-04-14 19:00:00,74093.18,74398.43,73882.79,74223.18,1054.69346
2026-04-14 20:00:00,74223.3,74434.33,74015.53,74102.29,434.25271
2026-04-14 21:00:00,74102.28,74320.44,73951.64,74277.15,381.06364
2026-04-14 22:00:00,74277.16,74373.19,73806.09,74023.15,638.74603
2026-04-14 23:00:00,74023.16,74232.83,74001.08,74131.55,701.71447
2026-04-15 00:00:00,74131.55,74677.19,74126.32,74568.36,874.99865
2026-04-15 01:00:00,74568.37,74786.72,74500.0,74613.28,443.16738
2026-04-15 02:00:00,74613.28,74697.47,74188.0,74322.0,506.95652
2026-04-15 03:00:00,74322.01,74372.84,74173.75,74345.97,317.62112
2026-04-15 04:00:00,74345.98,74434.51,74261.47,74340.38,660.47305
2026-04-15 05:00:00,74340.38,74434.0,73864.01,74021.5,542.04465
2026-04-15 06:00:00,74021.5,74048.95,73855.49,73891.62,419.09008
2026-04-15 07:00:00,73891.62,74016.67,73514.0,73730.43,1451.80452
2026-04-15 08:00:00,73730.43,74181.9,73675.96,74110.51,532.83471
2026-04-15 09:00:00,74110.52,74176.49,73909.49,74011.69,363.2179
2026-04-15 10:00:00,74011.7,74250.0,73789.5,73864.75,548.88747
2026-04-15 11:00:00,73864.76,74256.44,73864.76,74201.78,444.7329
2026-04-15 12:00:00,74201.78,74466.1,74051.64,74273.77,567.44529
2026-04-15 13:00:00,74273.77,74434.51,73817.23,74063.92,676.35905
2026-04-15 14:00:00,74063.91,74506.84,73830.0,74151.81,757.76569
2026-04-15 15:00:00,74151.81,74299.07,73580.85,73844.08,743.29132
2026-04-15 16:00:00,73844.07,74176.0,73762.89,73941.09,547.84936
2026-04-15 17:00:00,73941.09,74242.0,73915.48,74134.95,593.44252
2026-04-15 18:00:00,74134.95,74399.75,74073.61,74390.29,407.09098
2026-04-15 19:00:00,74390.29,75281.0,74355.46,75002.6,1179.99077
2026-04-15 20:00:00,75002.6,75039.92,74512.06,74841.68,570.09892
2026-04-15 21:00:00,74841.67,74855.16,74540.23,74743.1,310.66035
2026-04-15 22:00:00,74743.1,75425.0,74740.02,74964.0,653.95001
2026-04-15 23:00:00,74964.01,74964.01,74620.95,74809.99,311.26846
2026-04-16 00:00:00,74809.99,74874.93,74451.49,74815.1,636.94865
2026-04-16 01:00:00,74815.09,74815.09,74454.09,74657.66,240.65148
2026-04-16 02:00:00,74657.67,75267.85,74601.27,74887.24,589.65615
2026-04-16 03:00:00,74887.23,75159.26,74865.5,74888.21,470.71966
2026-04-16 04:00:00,74888.21,75174.38,74728.0,74944.15,513.51186
2026-04-16 05:00:00,74944.15,75139.82,74900.0,75043.48,359.01217
2026-04-16 06:00:00,75043.47,75115.12,74853.72,75045.01,604.84284
2026-04-16 07:00:00,75045.01,75082.78,74636.0,74707.03,708.0609
2026-04-16 08:00:00,74707.02,74744.35,74500.0,74677.91,669.8621
2026-04-16 09:00:00,74677.91,74901.5,74594.01,74594.02,316.26697
2026-04-16 10:00:00,74594.02,74653.12,74277.34,74313.0,526.53069
2026-04-16 11:00:00,74312.99,74663.27,74285.0,74574.79,1174.6136
2026-04-16 12:00:00,74574.8,74872.0,74574.79,74624.0,529.55969
2026-04-16 13:00:00,74624.01,75030.39,73309.85,73788.03,1828.93731
2026-04-16 14:00:00,73788.03,74197.32,73426.94,73973.33,1331.31817
2026-04-16 15:00:00,73973.33,74878.99,73934.44,74697.19,1520.20876
2026-04-16 16:00:00,74697.2,74932.0,74063.0,74175.57,762.35705
2026-04-16 17:00:00,74175.58,74438.31,73912.23,74343.25,751.1945
2026-04-16 18:00:00,74343.25,75089.0,74240.0,75026.71,780.63438
2026-04-16 19:00:00,75026.71,75410.71,74717.97,75342.99,1203.37407
2026-04-16 20:00:00,75343.0,75534.76,75001.0,75223.47,661.71844
2026-04-16 21:00:00,75223.48,75286.51,74789.5,74934.24,451.58433
2026-04-16 22:00:00,74934.24,75117.0,74833.14,74867.92,232.35004
2026-04-16 23:00:00,74867.92,75177.76,74840.92,75154.29,224.77396
2026-04-17 00:00:00,75154.28,75154.77,74886.82,74944.98,796.37355
2026-04-17 01:00:00,74944.99,75034.49,74569.99,74750.0,407.29847
2026-04-17 02:00:00,74750.0,74802.98,74529.4,74700.0,235.53372
2026-04-17 03:00:00,74700.0,74839.31,74606.12,74615.82,721.66261
2026-04-17 04:00:00,74615.82,74871.11,74589.88,74791.39,213.9543
2026-04-17 05:00:00,74791.39,74801.13,74555.12,74637.77,241.61979
2026-04-17 06:00:00,74637.77,74950.0,74604.62,74938.52,276.57366
2026-04-17 07:00:00,74938.53,75089.51,74930.0,75074.77,607.34373
2026-04-17 08:00:00,75074.76,75881.95,74993.24,75780.38,1494.62708
2026-04-17 09:00:00,75780.38,76370.25,75518.78,75779.99,2004.70646
2026-04-17 10:00:00,75779.99,75886.01,75095.93,75278.77,1050.31882
2026-04-17 11:00:00,75278.77,75609.77,75246.65,75589.7,429.61331
2026-04-17 12:00:00,75589.7,76265.82,75531.97,76233.05,1128.91448
2026-04-17 13:00:00,76233.06,77417.61,76061.57,77340.12,5123.01639
2026-04-17 14:00:00,77340.11,78052.49,77015.39,77886.77,3617.10048
2026-04-17 15:00:00,77886.77,77999.0,77444.44,77785.02,1975.14451
2026-04-17 16:00:00,77785.03,78333.0,77705.2,77857.14,1402.18359
2026-04-17 17:00:00,77857.15,77917.77,77101.49,77520.59,1173.45635
2026-04-17 18:00:00,77520.59,77565.63,77088.23,77159.89,637.39265
2026-04-17 19:00:00,77159.88,77473.44,77000.0,77393.58,652.45495
2026-04-17 20:00:00,77393.58,77611.68,77160.12,77337.64,357.23206
2026-04-17 21:00:00,77337.64,77494.69,77278.72,77445.73,307.76412
2026-04-17 22:00:00,77445.74,77510.0,77274.56,77301.25,474.88113
2026-04-17 23:00:00,77301.25,77302.0,76911.0,77072.0,612.20073
2026-04-18 00:00:00,77072.01,77258.55,76978.17,77168.0,324.03843
2026-04-18 01:00:00,77168.22,77330.0,77115.77,77218.07,266.4299
2026-04-18 02:00:00,77218.06,77420.08,77124.63,77292.52,268.04149
2026-04-18 03:00:00,77292.53,77296.95,76962.67,77005.47,268.91717
2026-04-18 04:00:00,77005.47,77162.08,76884.1,77100.74,370.07883
2026-04-18 05:00:00,77100.73,77278.58,77100.73,77134.66,312.05483
2026-04-18 06:00:00,77134.66,77217.0,77058.4,77136.01,168.72376
2026-04-18 07:00:00,77136.01,77136.01,76890.0,76997.8,276.05173
2026-04-18 08:00:00,76997.79,77048.0,76501.0,76738.63,773.24357
2026-04-18 09:00:00,76738.62,76738.63,76409.37,76599.89,462.93265
2026-04-18 10:00:00,76599.89,76599.9,76132.32,76189.56,624.93038
2026-04-18 11:00:00,76189.55,76189.56,75763.76,76039.05,809.07399
2026-04-18 12:00:00,76039.06,76300.0,76039.05,76206.97,492.57948
2026-04-18 13:00:00,76206.98,76212.7,75797.53,76122.87,456.87331
2026-04-18 14:00:00,76122.88,76288.4,75959.68,76249.99,461.97289
2026-04-18 15:00:00,76250.0,76363.75,76003.97,76167.34,261.12334
2026-04-18 16:00:00,76167.33,76211.57,75691.03,75943.35,522.36094
2026-04-18 17:00:00,75943.34,75958.23,75778.69,75828.51,256.05723
2026-04-18 18:00:00,75828.51,75844.66,75445.16,75651.78,591.47146
2026-04-18 19:00:00,75651.78,75796.32,75574.22,75649.85,194.3187
2026-04-18 20:00:00,75649.86,75834.3,75608.44,75754.78,484.97143
2026-04-18 21:00:00,75754.77,75839.1,75599.64,75821.34,197.94348
2026-04-18 22:00:00,75821.35,75873.1,75608.89,75813.53,155.69572
2026-04-18 23:00:00,75813.53,75891.64,75685.69,75691.76,141.95985
2026-04-19 00:00:00,75691.76,75847.42,75551.73,75693.01,297.06433
2026-04-19 01:00:00,75693.0,75798.47,75457.11,75621.95,321.53516
2026-04-19 02:00:00,75621.96,75722.21,75407.84,75496.0,212.48934
2026-04-19 03:00:00,75496.01,75637.44,75357.0,75515.77,175.28804
2026-04-19 04:00:00,75515.76,75782.63,75424.4,75664.62,294.60425
2026-04-19 05:00:00,75664.62,75687.04,75516.39,75545.6,174.63786
2026-04-19 06:00:00,75545.6,75545.6,75280.92,75400.09,385.31594
2026-04-19 07:00:00,75400.09,75400.09,74867.72,75252.34,771.61495
2026-04-19 08:00:00,75252.33,75299.99,75071.58,75257.6,333.58261
2026-04-19 09:00:00,75257.59,75265.0,74921.74,75015.0,313.21615
2026-04-19 10:00:00,75015.0,75243.02,74933.87,75222.45,323.18472
2026-04-19 11:00:00,75222.46,75641.99,75216.96,75604.11,418.71675
2026-04-19 12:00:00,75604.11,75700.0,75432.07,75571.6,439.48255
2026-04-19 13:00:00,75571.61,76240.66,75552.44,75921.75,760.39543
2026-04-19 14:00:00,75921.75,76147.01,75674.55,76024.01,621.24056
2026-04-19 15:00:00,76024.02,76155.3,75401.44,75846.63,1097.76631
2026-04-19 16:00:00,75846.63,75853.26,75311.11,75382.86,403.71917
2026-04-19 17:00:00,75382.87,75382.87,74638.31,74791.26,795.68148
2026-04-19 18:00:00,74791.27,74908.62,74608.0,74770.11,531.16281
2026-04-19 19:00:00,74770.11,75071.61,74770.11,74965.47,306.83274
2026-04-19 20:00:00,74965.46,74965.47,74427.53,74630.0,452.71123
2026-04-19 21:00:00,74630.01,74810.0,74368.6,74425.15,383.54881
2026-04-19 22:00:00,74425.16,74425.16,73762.9,74047.34,1140.3898
2026-04-19 23:00:00,74047.34,74054.22,73790.0,73801.79,415.64133
2026-04-20 00:00:00,73801.8,74360.43,73724.31,74280.01,787.93368
2026-04-20 01:00:00,74280.01,74746.93,74214.67,74595.13,689.61016
2026-04-20 02:00:00,74595.12,74627.99,74304.84,74410.01,739.68976
2026-04-20 03:00:00,74410.01,74640.65,74359.04,74634.0,281.2031
2026-04-20 04:00:00,74634.01,74637.43,74435.19,74567.64,333.76794
2026-04-20 05:00:00,74567.63,74567.63,74095.18,74264.15,529.73957
2026-04-20 06:00:00,74264.16,74894.11,74250.0,74786.59,441.3007
2026-04-20 07:00:00,74786.59,75572.0,74670.86,74837.17,1175.74482
2026-04-20 08:00:00,74837.18,74998.83,74619.41,74728.91,538.52852
2026-04-20 09:00:00,74728.92,75233.0,74706.87,75062.77,502.56404
2026-04-20 10:00:00,75062.77,75404.63,75003.63,75027.26,321.321
2026-04-20 11:00:00,75027.26,75287.88,74957.51,75192.71,284.12016
2026-04-20 12:00:00,75192.72,75650.0,75043.86,75289.9,698.85484
2026-04-20 13:00:00,75289.91,75434.41,74859.11,75269.38,774.09093
2026-04-20 14:00:00,75269.37,75766.74,74921.42,75034.79,1047.20928
2026-04-20 15:00:00,75034.79,75772.72,74702.0,75716.77,1196.9526
2026-04-20 16:00:00,75716.78,75723.99,75299.26,75338.74,630.71705
2026-04-20 17:00:00,75338.75,75991.47,75289.92,75898.14,642.61045
2026-04-20 18:00:00,75898.14,76453.19,75898.14,76423.69,1544.76303
2026-04-20 19:00:00,76423.69,76486.67,76154.49,76296.96,1368.12243
2026-04-20 20:00:00,76296.97,76558.62,76113.07,76276.17,1418.8575
2026-04-20 21:00:00,76276.18,76357.2,75784.05,75954.71,523.28232
2026-04-20 22:00:00,75954.72,76143.71,75904.39,75974.24,220.6417
2026-04-20 23:00:00,75974.24,75974.24,75617.6,75840.97,301.78476
2026-04-21 00:00:00,75840.97,76099.19,75700.0,76092.45,428.95831
2026-04-21 01:00:00,76092.46,76263.4,75866.01,75927.59,391.13593
2026-04-21 02:00:00,75927.58,75932.7,75580.0,75581.33,536.09341
2026-04-21 03:00:00,75581.33,75721.12,75474.77,75710.3,256.2515
2026-04-21 04:00:00,75710.31,75823.49,75600.0,75813.81,259.64273
2026-04-21 05:00:00,75813.8,75981.1,75782.75,75802.0,321.53858
2026-04-21 06:00:00,75802.0,76129.95,75703.85,75974.11,408.87339
2026-04-21 07:00:00,75974.12,76300.0,75814.26,76084.34,1236.72448
2026-04-21 08:00:00,76084.34,76927.57,76063.98,76507.21,915.23783
2026-04-21 09:00:00,76507.21,76587.82,76155.0,76362.77,582.67237
2026-04-21 10:00:00,76362.78,76866.55,76349.59,76746.41,536.34243
2026-04-21 11:00:00,76746.41,76750.68,76342.0,76452.94,624.94284
2026-04-21 12:00:00,76452.94,76528.11,75709.03,76009.46,1039.78515
2026-04-21 13:00:00,76009.46,76179.75,75736.33,75899.98,686.08493
2026-04-21 14:00:00,75899.98,76595.3,75625.28,75675.05,949.21411
2026-04-21 15:00:00,75675.04,75979.78,75430.62,75834.65,923.86151
2026-04-21 16:00:00,75834.66,76190.72,75760.0,75781.18,496.33064
2026-04-21 17:00:00,75781.19,75912.98,75052.64,75545.62,995.0846
2026-04-21 18:00:00,75545.62,75668.24,75310.88,75610.21,456.47055
2026-04-21 19:00:00,75610.21,75919.5,74821.57,75023.43,954.2676
2026-04-21 20:00:00,75023.43,75859.56,74967.58,75698.51,797.25703
2026-04-21 21:00:00,75698.51,75777.38,75431.62,75549.99,249.37655
2026-04-21 22:00:00,75549.99,75650.04,75302.01,75650.04,389.29388
2026-04-21 23:00:00,75650.03,76425.37,75622.0,76336.15,477.13097
2026-04-22 00:00:00,76336.14,76500.0,76220.4,76370.45,496.92701
2026-04-22 01:00:00,76370.46,76416.24,76132.95,76297.99,351.48706
2026-04-22 02:00:00,76297.99,77645.35,76223.9,77604.71,1622.85639
2026-04-22 03:00:00,77604.7,77733.11,77397.88,77521.48,956.6528
2026-04-22 04:00:00,77521.47,77700.0,77364.25,77523.0,547.1578
2026-04-22 05:00:00,77523.01,78452.18,77450.0,77994.93,2386.48879
2026-04-22 06:00:00,77994.92,78042.84,77900.0,78010.72,576.88586
2026-04-22 07:00:00,78010.73,78111.0,77825.0,78012.79,880.5264
2026-04-22 08:00:00,78012.78,78219.41,77941.59,78010.92,987.44812
2026-04-22 09:00:00,78010.92,78184.7,77956.76,78001.95,415.39605
2026-04-22 10:00:00,78001.96,78180.0,77951.17,78157.41,352.72131
2026-04-22 11:00:00,78157.41,78399.0,78102.0,78300.0,560.88264
2026-04-22 12:00:00,78300.0,78508.18,78114.04,78236.05,952.94008
2026-04-22 13:00:00,78236.05,78850.0,78162.64,78840.94,1253.18724
2026-04-22 14:00:00,78840.94,79174.68,78577.86,79045.75,1847.69509
2026-04-22 15:00:00,79045.75,79400.0,78837.66,79272.9,1412.004
2026-04-22 16:00:00,79272.91,79472.82,78632.37,78743.59,1010.97362
2026-04-22 17:00:00,78743.6,79034.73,78705.71,78900.0,502.31388
2026-04-22 18:00:00,78900.01,79163.66,78828.76,79022.39,322.94022
2026-04-22 19:00:00,79022.4,79067.6,78706.81,78846.62,557.30668
2026-04-22 20:00:00,78846.62,78915.84,78410.0,78436.68,436.66543
2026-04-22 21:00:00,78436.69,78821.86,78425.0,78762.69,299.34545
2026-04-22 22:00:00,78762.68,78824.0,78456.15,78607.95,294.6414
2026-04-22 23:00:00,78607.95,78607.95,78155.83,78178.23,712.06893
2026-04-23 00:00:00,78178.22,78574.44,77582.17,78424.29,1778.58027
2026-04-23 01:00:00,78424.3,78472.95,78057.5,78359.23,586.8685
2026-04-23 02:00:00,78359.71,78359.72,77761.2,77939.92,508.32327
2026-04-23 03:00:00,77939.91,78025.99,77453.43,77746.46,609.2036
2026-04-23 04:00:00,77746.47,77949.09,77675.8,77920.09,305.0499
2026-04-23 05:00:00,77920.09,78110.01,77750.0,78033.87,680.89298
2026-04-23 06:00:00,78034.0,78339.35,78034.0,78211.43,433.12959
2026-04-23 07:00:00,78211.43,78248.39,77981.88,78048.62,292.35484
2026-04-23 08:00:00,78048.61,78175.52,77714.86,77858.35,1135.26875
2026-04-23 09:00:00,77858.34,77860.8,77440.85,77655.34,772.05261
2026-04-23 10:00:00,77655.35,77709.16,77174.01,77403.63,1129.48909
2026-04-23 11:00:00,77403.63,77757.31,77365.57,77704.62,525.42671
2026-04-23 12:00:00,77704.61,77870.54,77491.18,77870.53,636.21566
2026-04-23 13:00:00,77870.54,77904.37,77379.92,77532.23,592.70115
2026-04-23 14:00:00,77532.23,78201.53,77414.0,78180.77,926.52082
2026-04-23 15:00:00,78180.78,78662.5,77983.25,78376.76,1008.45262
2026-04-23 16:00:00,78376.77,78509.82,78030.0,78103.72,661.93618
2026-04-23 17:00:00,78103.72,78184.85,76960.0,77769.21,1724.53866
2026-04-23 18:00:00,77769.2,78146.75,77678.65,77678.65,731.06838
2026-04-23 19:00:00,77678.65,77886.88,77592.92,77727.26,830.20485
2026-04-23 20:00:00,77727.25,78050.0,77637.5,77886.97,391.74493
2026-04-23 21:00:00,77886.97,78070.0,77800.0,77864.83,211.37751
2026-04-23 22:00:00,77864.84,78331.0,77864.83,78235.3,271.3302
2026-04-23 23:00:00,78235.29,78298.01,78030.0,78257.48,228.06394
2026-04-24 00:00:00,78257.48,78490.83,78172.01,78417.22,451.37457
2026-04-24 01:00:00,78417.22,78450.0,77952.16,78429.73,533.84795
2026-04-24 02:00:00,78429.73,78581.93,78067.17,78125.65,425.56297
2026-04-24 03:00:00,78125.65,78178.4,77555.0,77737.85,639.95986
2026-04-24 04:00:00,77737.84,77854.57,77482.49,77670.0,605.14416
2026-04-24 05:00:00,77670.01,78057.65,77457.0,77953.48,423.6718
2026-04-24 06:00:00,77953.48,77979.54,77761.2,77789.75,280.75336
2026-04-24 07:00:00,77789.75,77855.67,77543.52,77644.6,696.90666
2026-04-24 08:00:00,77644.59,78000.0,77550.73,77785.71,731.67499
2026-04-24 09:00:00,77785.7,77804.23,77402.01,77527.69,621.09775
2026-04-24 10:00:00,77527.7,77784.0,77444.95,77752.36,379.99202
2026-04-24 11:00:00,77752.37,78372.58,77752.37,78240.26,1186.36064
2026-04-24 12:00:00,78240.27,78345.15,78016.51,78275.66,579.40035
2026-04-24 13:00:00,78275.65,78479.37,77913.27,78093.79,852.96848
2026-04-24 14:00:00,78093.8,78093.8,77681.74,78037.64,755.72516
2026-04-24 15:00:00,78037.65,78233.18,77577.22,78038.62,662.02033
2026-04-24 16:00:00,78038.63,78060.29,77586.86,77777.28,525.06319
2026-04-24 17:00:00,77776.76,77829.17,77489.6,77681.71,537.36482
2026-04-24 18:00:00,77681.72,77717.08,77363.63,77618.24,321.31558
2026-04-24 19:00:00,77618.25,77748.66,77532.46,77628.85,250.57895
2026-04-24 20:00:00,77628.84,77757.14,77458.0,77718.31,376.29595
2026-04-24 21:00:00,77718.31,77756.15,77536.48,77536.48,322.69633
2026-04-24 22:00:00,77536.49,77616.78,77264.08,77328.91,278.27896
2026-04-24 23:00:00,77328.92,77456.87,77328.92,77437.13,237.08832
2026-04-25 00:00:00,77437.13,77502.99,77309.92,77456.88,429.63681
2026-04-25 01:00:00,77456.88,77620.52,77440.8,77541.63,200.07888
2026-04-25 02:00:00,77541.63,77644.04,77504.43,77607.8,171.0703
2026-04-25 03:00:00,77607.8,77711.87,77550.27,77679.07,142.22205
2026-04-25 04:00:00,77679.08,77691.23,77596.37,77619.05,275.21191
2026-04-25 05:00:00,77619.05,77619.05,77485.51,77510.28,174.55862
2026-04-25 06:00:00,77510.27,77582.28,77489.35,77503.63,269.54814
2026-04-25 07:00:00,77503.63,77566.26,77450.0,77501.19,174.69907
2026-04-25 08:00:00,77501.19,77654.41,77491.36,77643.37,116.50084
2026-04-25 09:00:00,77643.38,77779.65,77587.1,77714.55,144.65626
2026-04-25 10:00:00,77714.56,77885.35,77714.55,77787.77,306.44644
2026-04-25 11:00:00,77787.76,77787.77,77607.03,77682.3,185.59351
2026-04-25 12:00:00,77682.29,77717.95,77550.61,77557.14,161.82067
2026-04-25 13:00:00,77557.14,77710.91,77557.14,77691.69,161.65796
2026-04-25 14:00:00,77691.7,77752.54,77638.0,77656.75,202.75966
2026-04-25 15:00:00,77656.74,77722.7,77299.89,77330.26,480.35839
2026-04-25 16:00:00,77330.25,77454.31,77140.23,77397.27,471.60364
2026-04-25 17:00:00,77397.27,77407.03,77210.96,77245.77,151.09691
2026-04-25 18:00:00,77245.78,77389.01,77216.29,77313.0,331.13304
2026-04-25 19:00:00,77313.0,77343.81,77193.79,77330.01,293.84127
2026-04-25 20:00:00,77330.0,77481.7,77311.05,77479.13,85.63447
2026-04-25 21:00:00,77479.14,77530.0,77415.2,77525.84,150.55151
2026-04-25 22:00:00,77525.83,77634.77,77498.81,77557.01,242.12513
2026-04-25 23:00:00,77557.01,77650.0,77530.0,77625.0,362.30872
2026-04-26 00:00:00,77625.0,77642.43,77445.94,77502.4,307.91239
2026-04-26 01:00:00,77502.39,77572.81,77451.16,77461.16,130.56583
2026-04-26 02:00:00,77461.16,77590.97,77452.07,77512.67,85.92459
2026-04-26 03:00:00,77512.67,77541.96,77326.51,77400.21,146.77411
2026-04-26 04:00:00,77400.21,77814.43,77383.46,77774.29,227.07196
2026-04-26 05:00:00,77774.29,78200.0,77719.77,77983.31,797.06637
2026-04-26 06:00:00,77983.31,78045.0,77899.45,77999.04,206.01822
2026-04-26 07:00:00,77999.04,78121.45,77968.36,78102.53,175.6113
2026-04-26 08:00:00,78102.53,78210.0,78019.65,78032.59,265.96473
2026-04-26 09:00:00,78032.59,78058.45,77926.59,77999.99,168.80014
2026-04-26 10:00:00,78000.0,78050.19,77954.0,78002.43,153.3474
2026-04-26 11:00:00,78002.43,78149.99,78002.42,78101.44,133.58626
2026-04-26 12:00:00,78101.43,78101.5,77770.0,77833.08,296.93614
2026-04-26 13:00:00,77833.08,77996.69,77797.13,77977.79,254.46962
2026-04-26 14:00:00,77977.79,78173.15,77871.85,78095.66,401.66239
2026-04-26 15:00:00,78095.65,78121.92,77988.89,78049.0,177.4742
2026-04-26 16:00:00,78049.0,78086.47,77919.42,77919.43,198.96678
2026-04-26 17:00:00,77919.43,78050.0,77850.0,78018.57,373.25532
2026-04-26 18:00:00,78018.57,78346.89,77988.11,78283.96,421.27794
2026-04-26 19:00:00,78283.97,78500.0,78013.76,78221.16,511.56
2026-04-26 20:00:00,78221.17,78377.77,78158.04,78194.22,172.13709
2026-04-26 21:00:00,78194.21,78961.0,77843.75,78417.41,977.34524
2026-04-26 22:00:00,78417.41,78850.3,77953.26,78313.52,710.63176
2026-04-26 23:00:00,78313.52,78901.63,78041.05,78657.55,669.20184
2026-04-27 00:00:00,78657.55,79392.4,78400.03,79308.6,1271.22649
2026-04-27 01:00:00,79309.0,79485.66,78730.71,79283.66,993.09217
2026-04-27 02:00:00,79283.65,79304.0,79030.91,79130.01,381.22923
2026-04-27 03:00:00,79130.01,79316.5,79077.81,79105.49,397.44839
2026-04-27 04:00:00,79105.5,79160.0,78872.42,78924.22,417.67922
2026-04-27 05:00:00,78924.21,78938.0,77562.63,77785.54,1805.78745
2026-04-27 06:00:00,77785.55,77871.9,77465.05,77700.12,641.73182
2026-04-27 07:00:00,77700.12,77734.79,77562.08,77606.6,743.19766
2026-04-27 08:00:00,77606.59,77816.18,77553.23,77804.34,465.54163
2026-04-27 09:00:00,77804.34,77980.0,77700.0,77900.01,578.50773
2026-04-27 10:00:00,77900.01,77935.66,77792.46,77850.01,311.10764
2026-04-27 11:00:00,77850.01,77885.46,77740.39,77844.26,252.77882
2026-04-27 12:00:00,77844.25,77867.33,77620.0,77667.36,415.46743
2026-04-27 13:00:00,77667.36,77966.8,77571.79,77746.74,762.7167
2026-04-27 14:00:00,77746.74,78265.34,77680.0,77815.25,744.42829
2026-04-27 15:00:00,77815.26,77827.17,76564.33,76793.09,1882.17067
2026-04-27 16:00:00,76793.1,76868.01,76546.0,76618.59,809.46498
2026-04-27 17:00:00,76618.59,76990.43,76618.59,76743.24,874.80558
2026-04-27 18:00:00,76743.23,76890.99,76668.52,76834.06,361.97331
2026-04-27 19:00:00,76834.05,76894.7,76459.64,76878.07,598.68003
2026-04-27 20:00:00,76878.23,77067.8,76844.16,76960.43,310.80766
2026-04-27 21:00:00,76960.43,76981.53,76786.8,76786.81,223.94467
2026-04-27 22:00:00,76786.81,77082.78,76763.71,77066.42,364.86359
2026-04-27 23:00:00,77066.42,77450.0,77018.56,77371.32,438.27302
2026-04-28 00:00:00,77371.32,77478.0,77210.92,77379.62,327.26244
2026-04-28 01:00:00,77379.62,77394.1,77038.1,77084.68,404.77602
2026-04-28 02:00:00,77084.69,77227.03,76672.56,76890.93,437.7548
2026-04-28 03:00:00,76890.92,76890.92,76672.0,76815.18,278.47081
2026-04-28 04:00:00,76815.18,76950.0,76701.35,76888.08,274.86374
2026-04-28 05:00:00,76888.08,77154.0,76811.01,76885.98,510.80129
2026-04-28 06:00:00,76885.97,77027.91,76588.0,76720.0,465.05641
2026-04-28 07:00:00,76720.01,76922.22,76424.9,76879.28,1631.99051
2026-04-28 08:00:00,76879.28,77013.63,76741.12,76858.59,1043.07562
2026-04-28 09:00:00,76858.59,76863.54,76495.91,76598.0,361.69239
2026-04-28 10:00:00,76597.99,76692.19,76484.7,76618.35,418.24563
2026-04-28 11:00:00,76618.35,76649.86,76130.1,76229.0,1019.71842
2026-04-28 12:00:00,76228.99,76421.94,76168.84,76372.05,652.01316
2026-04-28 13:00:00,76372.04,76411.72,75924.98,76189.84,1288.525
2026-04-28 14:00:00,76189.85,76199.99,75666.6,75949.99,1264.2758
2026-04-28 15:00:00,75950.0,76085.42,75836.88,76066.38,571.95819
2026-04-28 16:00:00,76066.37,76218.06,75881.28,76125.04,447.54534
2026-04-28 17:00:00,76125.04,76262.63,75959.05,76187.3,337.12149
2026-04-28 18:00:00,76187.3,76280.91,76137.86,76242.18,337.48355
2026-04-28 19:00:00,76242.17,76380.83,76066.35,76330.97,259.65416
2026-04-28 20:00:00,76330.97,76480.0,76323.71,76463.95,259.71578
2026-04-28 21:00:00,76463.95,76481.3,76267.61,76357.15,281.17357
2026-04-28 22:00:00,76357.15,76446.26,76218.0,76242.17,157.60986
2026-04-28 23:00:00,76242.17,76370.0,76197.02,76342.77,179.93985
2026-04-29 00:00:00,76342.78,76557.97,76276.0,76512.0,636.88517
2026-04-29 01:00:00,76511.99,76668.02,76187.75,76571.0,371.48818
2026-04-29 02:00:00,76571.0,76666.82,76402.72,76531.29,315.29662
2026-04-29 03:00:00,76531.29,77127.62,76519.94,76994.78,568.25927
2026-04-29 04:00:00,76994.77,77455.71,76880.0,77269.76,655.24397
2026-04-29 05:00:00,77269.76,77329.31,77198.07,77288.38,412.95649
2026-04-29 06:00:00,77288.39,77337.57,76907.07,77031.06,974.38933
2026-04-29 07:00:00,77031.07,77182.91,77031.06,77053.64,931.98531
2026-04-29 08:00:00,77053.65,77148.79,76972.32,77046.32,539.09721
2026-04-29 09:00:00,77046.31,77800.0,76972.32,77642.0,835.54071
2026-04-29 10:00:00,77642.0,77904.93,77559.19,77619.61,790.81622
2026-04-29 11:00:00,77619.62,77694.61,77485.81,77590.03,531.7514
2026-04-29 12:00:00,77590.04,77596.39,76850.0,77143.68,1776.35149
2026-04-29 13:00:00,77143.68,77240.0,76425.62,76783.43,1000.6949
2026-04-29 14:00:00,76783.42,76927.69,76489.99,76570.0,1353.72071
2026-04-29 15:00:00,76570.0,76634.61,75705.32,75924.25,1132.75734
2026-04-29 16:00:00,75924.24,76125.47,75696.13,75803.54,1021.10079
2026-04-29 17:00:00,75803.55,76184.01,75803.55,76184.01,549.93434
2026-04-29 18:00:00,76184.0,76274.8,74937.52,75513.91,1926.88309
2026-04-29 19:00:00,75513.92,75591.83,75302.31,75563.86,464.5754
2026-04-29 20:00:00,75563.87,75857.32,75497.43,75676.79,575.31173
2026-04-29 21:00:00,75676.79,76088.9,75607.7,75933.93,363.06477
2026-04-29 22:00:00,75933.94,76004.14,75818.14,75927.38,272.33397
2026-04-29 23:00:00,75927.38,75990.06,75692.33,75780.0,279.49181
2026-04-30 00:00:00,75780.0,76344.61,75656.03,76248.74,562.71461
2026-04-30 01:00:00,76248.76,76473.26,76178.73,76232.8,331.53653
2026-04-30 02:00:00,76232.81,76351.04,75494.7,75704.74,537.06765
2026-04-30 03:00:00,75704.74,75994.26,75659.85,75928.1,182.12647
2026-04-30 04:00:00,75928.09,75963.92,75414.57,75497.0,426.96926
2026-04-30 05:00:00,75497.01,75750.0,75323.65,75600.09,491.70915
2026-04-30 06:00:00,75600.09,75867.9,75569.99,75753.53,372.15072
2026-04-30 07:00:00,75753.54,76179.91,75718.5,76161.67,516.75183
2026-04-30 08:00:00,76161.67,76208.92,76019.57,76058.17,350.94571
2026-04-30 09:00:00,76058.17,76339.38,76012.6,76097.19,445.01057
2026-04-30 10:00:00,76097.19,76163.52,75974.93,76028.66,365.18719
2026-04-30 11:00:00,76028.66,76244.36,75876.29,76059.43,550.88667
2026-04-30 12:00:00,76059.42,76511.22,76042.75,76308.48,1520.57994
2026-04-30 13:00:00,76308.48,76669.14,76116.2,76420.44,927.16622
2026-04-30 14:00:00,76420.45,76597.51,76093.81,76301.24,683.75312
2026-04-30 15:00:00,76301.25,76653.6,76163.16,76473.6,374.70038
2026-04-30 16:00:00,76473.6,76484.6,76228.27,76261.03,165.45041
2026-04-30 17:00:00,76261.04,76328.71,76111.0,76250.01,273.82279
2026-04-30 18:00:00,76250.0,76468.84,76204.4,76350.0,184.15567
2026-04-30 19:00:00,76350.0,76514.8,76308.33,76412.8,307.53776
2026-04-30 20:00:00,76412.8,76568.9,76318.31,76492.46,287.06721
2026-04-30 21:00:00,76492.45,76535.42,76240.78,76241.78,183.08169
2026-04-30 22:00:00,76241.77,76449.16,76206.02,76237.06,158.56535
2026-04-30 23:00:00,76237.07,76380.2,76217.96,76346.57,182.87917
2026-05-01 00:00:00,76346.58,76591.0,76320.42,76458.05,502.88844
2026-05-01 01:00:00,76458.06,76776.21,76449.5,76686.13,486.84554
2026-05-01 02:00:00,76686.12,76744.6,76533.74,76592.54,204.45438
2026-05-01 03:00:00,76592.54,77453.74,76555.06,77131.08,1056.19913
2026-05-01 04:00:00,77131.08,77206.38,76653.6,77042.44,995.75921
2026-05-01 05:00:00,77042.44,77184.96,77033.91,77165.98,283.75111
2026-05-01 06:00:00,77165.99,77179.53,76882.0,76993.48,439.15205
2026-05-01 07:00:00,76993.49,77140.36,76957.04,77130.54,633.7325
2026-05-01 08:00:00,77130.54,77500.0,77048.0,77377.47,697.73561
2026-05-01 09:00:00,77377.48,77391.99,77200.15,77268.55,355.16559
2026-05-01 10:00:00,77268.56,77433.72,77146.48,77304.34,330.99244
2026-05-01 11:00:00,77303.8,77600.0,77263.66,77463.98,584.3796
2026-05-01 12:00:00,77463.98,78170.2,77408.73,77896.01,1392.97654
2026-05-01 13:00:00,77896.01,78914.12,77896.0,78737.25,2354.33999
2026-05-01 14:00:00,78737.26,78871.8,78051.86,78358.75,1970.70152
2026-05-01 15:00:00,78358.74,78735.92,78176.06,78445.89,1013.17746
2026-05-01 16:00:00,78445.88,78683.23,78167.53,78214.36,704.68666
2026-05-01 17:00:00,78214.36,78584.61,78131.02,78552.94,489.31938
2026-05-01 18:00:00,78552.93,78623.37,78375.53,78423.9,487.76487
2026-05-01 19:00:00,78423.91,78540.0,78313.16,78360.0,512.65483
2026-05-01 20:00:00,78360.01,78422.81,77752.0,77880.18,827.52759
2026-05-01 21:00:00,77880.18,78200.0,77857.97,78199.99,485.72824
2026-05-01 22:00:00,78200.0,78411.13,78144.7,78153.38,331.97786
2026-05-01 23:00:00,78153.37,78249.6,78043.28,78231.13,173.55448
2026-05-02 00:00:00,78231.13,78393.39,78166.48,78341.75,211.29374
2026-05-02 01:00:00,78341.75,78441.31,78294.19,78355.0,400.98852
2026-05-02 02:00:00,78355.0,78513.7,78260.95,78353.93,283.69022
2026-05-02 03:00:00,78353.93,78514.82,78237.25,78400.0,300.16391
2026-05-02 04:00:00,78399.99,78448.99,78123.53,78175.5,411.85061
2026-05-02 05:00:00,78175.5,78235.25,78040.0,78174.0,526.60294
2026-05-02 06:00:00,78174.0,78363.21,78148.24,78327.8,366.5645
2026-05-02 07:00:00,78327.8,78342.18,78207.2,78220.0,170.02066
2026-05-02 08:00:00,78220.0,78356.51,78165.3,78315.37,204.83037
2026-05-02 09:00:00,78315.36,78394.0,78220.0,78293.57,257.64077
2026-05-02 10:00:00,78293.57,78311.97,78225.22,78249.3,136.41815
2026-05-02 11:00:00,78249.31,78249.31,78094.43,78143.08,269.24301
2026-05-02 12:00:00,78143.09,78262.37,78108.41,78211.24,182.77682
2026-05-02 13:00:00,78211.24,78423.85,78211.24,78367.06,227.00487
2026-05-02 14:00:00,78367.06,78484.42,78309.84,78423.98,190.15931
2026-05-02 15:00:00,78423.98,78487.68,78365.96,78487.67,126.14054
2026-05-02 16:00:00,78487.67,78596.61,78430.07,78455.02,194.42514
2026-05-02 17:00:00,78455.02,78485.53,78368.24,78398.02,213.39843
2026-05-02 18:00:00,78398.03,78493.31,78310.54,78466.62,118.15969
2026-05-02 19:00:00,78466.63,78521.68,78440.11,78486.0,182.05466
2026-05-02 20:00:00,78486.23,78491.26,78418.32,78451.38,61.92886
2026-05-02 21:00:00,78451.37,79199.48,78439.51,78719.78,734.53837
2026-05-02 22:00:00,78719.78,78872.39,78610.46,78832.98,266.49012
2026-05-02 23:00:00,78832.98,78832.98,78631.9,78686.85,114.49221
2026-05-03 00:00:00,78686.84,78754.55,78490.61,78542.32,233.96416
2026-05-03 01:00:00,78542.33,78542.33,78152.25,78240.83,391.01401
2026-05-03 02:00:00,78240.84,78309.09,78108.75,78171.85,222.42918
2026-05-03 03:00:00,78171.86,78217.59,78109.94,78203.08,200.3559
2026-05-03 04:00:00,78203.07,78236.45,78120.0,78163.19,89.71363
2026-05-03 05:00:00,78163.19,78260.75,78163.17,78249.42,98.09285
2026-05-03 06:00:00,78249.41,78337.26,78084.08,78288.3,306.94233
2026-05-03 07:00:00,78288.3,78483.67,78288.29,78363.25,299.42086
2026-05-03 08:00:00,78363.24,78505.92,78363.24,78387.86,102.01693
2026-05-03 09:00:00,78387.87,78604.67,78354.53,78529.57,293.1321
2026-05-03 10:00:00,78529.57,78534.4,78406.97,78408.01,140.79481
2026-05-03 11:00:00,78408.01,78849.22,78380.0,78656.01,412.8313
2026-05-03 12:00:00,78656.01,78878.77,78656.0,78747.09,294.28187
2026-05-03 13:00:00,78747.09,78769.63,78586.99,78670.01,196.40341
2026-05-03 14:00:00,78670.01,78786.57,78608.7,78741.0,409.96615
2026-05-03 15:00:00,78741.0,78815.19,78633.4,78668.36,237.20487
2026-05-03 16:00:00,78668.36,78784.56,78600.0,78654.0,167.53902
2026-05-03 17:00:00,78654.01,78822.83,78558.65,78725.76,357.9255
2026-05-03 18:00:00,78725.76,78763.57,78631.61,78739.67,138.18974
2026-05-03 19:00:00,78739.68,78853.32,78676.67,78760.32,252.60944
2026-05-03 20:00:00,78760.32,79268.0,78732.04,78915.99,645.7979
2026-05-03 21:00:00,78915.99,79056.59,78650.0,78831.59,357.48617
2026-05-03 22:00:00,78831.6,79447.0,78831.6,79177.29,934.95879
2026-05-03 23:00:00,79177.29,79287.82,78484.42,78568.57,642.72198
2026-05-04 00:00:00,78568.58,78572.57,78288.88,78547.14,434.86007
2026-05-04 01:00:00,78547.15,79848.84,78412.49,79769.43,1366.42153
2026-05-04 02:00:00,79769.43,80420.9,79540.05,80173.3,2278.14954
2026-05-04 03:00:00,80173.3,80458.0,79926.9,80316.31,1012.18218
2026-05-04 04:00:00,80316.3,80635.51,80233.04,80332.06,1362.02834
2026-05-04 05:00:00,80332.06,80395.96,79956.25,80027.26,746.81318
2026-05-04 06:00:00,80027.26,80048.64,79500.0,79877.9,1103.73906
2026-05-04 07:00:00,79877.91,79946.33,79672.0,79696.75,419.83178
2026-05-04 08:00:00,79696.75,79800.0,79602.32,79708.3,435.36516
2026-05-04 09:00:00,79708.3,79930.0,79647.87,79838.48,473.40316
2026-05-04 10:00:00,79838.49,79880.0,78202.0,78940.26,4380.72428
2026-05-04 11:00:00,78940.27,79124.83,78708.87,78793.67,699.54546
2026-05-04 12:00:00,78793.67,79020.0,78718.55,78857.18,426.01688
2026-05-04 13:00:00,78857.18,79124.83,78581.74,78790.0,725.07004
2026-05-04 14:00:00,78790.01,80545.17,78500.0,80216.16,2308.42012
2026-05-04 15:00:00,80216.15,80367.93,79320.28,80028.85,2458.63305
2026-05-04 16:00:00,80028.85,80395.68,79619.33,80025.03,1492.78417
2026-05-04 17:00:00,80025.03,80776.99,80021.5,80390.81,1080.11249
2026-05-04 18:00:00,80390.8,80439.18,80035.32,80114.91,663.99913
2026-05-04 19:00:00,80114.91,80138.0,79900.0,80053.31,505.59924
2026-05-04 20:00:00,80053.31,80154.12,79901.0,79936.7,459.51864
2026-05-04 21:00:00,79936.7,80383.15,79936.7,80259.17,343.30642
2026-05-04 22:00:00,80259.18,80397.19,80042.84,80067.23,272.35375
2026-05-04 23:00:00,80067.22,80067.22,79744.91,79861.01,594.08368
2026-05-05 00:00:00,79861.01,80183.33,79808.72,80170.66,425.73287
2026-05-05 01:00:00,80170.66,80385.06,80080.76,80352.0,530.02962
2026-05-05 02:00:00,80351.99,80900.0,80300.0,80554.68,768.44478
2026-05-05 03:00:00,80554.69,81083.98,80457.93,80893.08,677.93372
2026-05-05 04:00:00,80893.08,80982.59,80725.0,80902.44,528.94138
2026-05-05 05:00:00,80902.44,81323.52,80830.06,80970.0,1011.38606
2026-05-05 06:00:00,80969.99,81016.42,80800.0,80976.0,389.83367
2026-05-05 07:00:00,80976.0,81136.59,80826.0,80855.59,1044.4323
2026-05-05 08:00:00,80855.59,80895.5,80723.2,80815.24,474.4579
2026-05-05 09:00:00,80815.24,80815.24,80527.76,80586.02,865.34761
2026-05-05 10:00:00,80586.02,80831.87,80530.82,80823.61,521.10422
2026-05-05 11:00:00,80823.61,81095.48,80780.0,81014.05,623.66253
2026-05-05 12:00:00,81014.05,81329.61,80932.54,81279.41,607.82057
2026-05-05 13:00:00,81279.4,81712.32,81196.0,81330.0,1771.4169
2026-05-05 14:00:00,81330.0,81500.0,80939.87,81336.59,1282.91373
2026-05-05 15:00:00,81336.59,81689.2,81235.0,81525.19,899.04049
2026-05-05 16:00:00,81525.19,81615.33,81050.04,81285.75,707.45267
2026-05-05 17:00:00,81285.75,81458.26,81185.02,81270.6,280.80669
2026-05-05 18:00:00,81270.61,81599.0,81270.61,81515.0,427.56223
2026-05-05 19:00:00,81515.0,81680.0,81407.58,81606.35,364.63717
2026-05-05 20:00:00,81606.35,81770.0,81510.13,81646.38,724.67261
2026-05-05 21:00:00,81646.39,81791.48,81305.27,81407.11,618.58873
2026-05-05 22:00:00,81407.11,81600.0,80817.72,81111.27,921.88572
2026-05-05 23:00:00,81111.27,81222.03,80790.0,80905.52,479.07578
2026-05-06 00:00:00,80905.53,81262.28,80731.14,81030.01,876.19915
2026-05-06 01:00:00,81030.0,81534.23,80996.0,81439.34,803.82574
2026-05-06 02:00:00,81439.34,81449.04,81047.01,81363.54,621.19491
2026-05-06 03:00:00,81363.54,81760.84,81358.17,81581.69,710.52364
2026-05-06 04:00:00,81581.7,81649.99,81270.0,81331.1,575.6413
2026-05-06 05:00:00,81331.1,81360.3,81060.0,81333.0,592.1865
2026-05-06 06:00:00,81333.0,81516.9,81211.34,81476.71,524.1354
2026-05-06 07:00:00,81476.71,81611.0,81307.81,81359.82,608.74333
2026-05-06 08:00:00,81359.82,81986.0,81328.68,81945.66,1353.41416
2026-05-06 09:00:00,81945.66,82060.0,81682.7,81997.0,1096.7335
2026-05-06 10:00:00,81997.0,82390.0,81953.25,82290.04,1302.85091
2026-05-06 11:00:00,82290.03,82850.0,82261.6,82522.89,1435.93329
2026-05-06 12:00:00,82522.88,82539.33,82164.61,82220.47,820.9281
2026-05-06 13:00:00,82220.47,82220.47,81600.0,81670.89,1247.90169
2026-05-06 14:00:00,81670.9,81980.72,81136.0,81526.73,1615.07708
2026-05-06 15:00:00,81526.74,81823.0,81316.28,81704.25,824.75333
2026-05-06 16:00:00,81704.25,81907.51,81431.16,81630.94,983.55485
2026-05-06 17:00:00,81630.94,81709.32,81394.0,81452.63,417.39237
2026-05-06 18:00:00,81452.63,81559.17,81271.06,81353.14,451.84587
2026-05-06 19:00:00,81353.15,81522.41,81200.0,81464.87,517.12437
2026-05-06 20:00:00,81464.86,81700.0,81302.35,81427.52,436.46876
2026-05-06 21:00:00,81427.52,81618.77,81294.64,81539.16,310.38464
2026-05-06 22:00:00,81539.16,81540.91,81240.0,81342.39,229.58883
2026-05-06 23:00:00,81342.39,81447.3,81000.0,81447.01,442.37224
2026-05-07 00:00:00,81447.01,81490.03,80980.0,81016.96,407.52958
2026-05-07 01:00:00,81016.96,81284.67,80830.23,81167.8,565.39571
2026-05-07 02:00:00,81167.79,81180.74,80883.54,81113.34,749.95215
2026-05-07 03:00:00,81113.35,81113.35,80834.61,80834.91,345.29566
2026-05-07 04:00:00,80834.92,80989.59,80725.09,80979.19,387.82747
2026-05-07 05:00:00,80979.19,81172.27,80974.06,81088.0,355.34634
2026-05-07 06:00:00,81088.0,81443.21,80874.41,81438.61,613.68575
2026-05-07 07:00:00,81438.62,81708.32,81390.3,81518.58,681.98013
2026-05-07 08:00:00,81518.57,81590.0,81194.74,81231.24,647.38206
2026-05-07 09:00:00,81231.25,81231.25,80852.33,80929.0,659.04219
2026-05-07 10:00:00,80929.0,80997.0,80572.4,80850.75,690.56353
2026-05-07 11:00:00,80850.76,81041.15,80786.5,80866.65,367.10915
2026-05-07 12:00:00,80866.65,81180.0,80846.87,81162.01,429.19223
2026-05-07 13:00:00,81162.0,81162.01,80260.98,80503.68,1211.56578
2026-05-07 14:00:00,80503.69,80685.7,80046.0,80171.38,1538.09475
2026-05-07 15:00:00,80171.37,80271.42,79699.52,79890.63,1647.8103
2026-05-07 16:00:00,79890.0,80020.0,79646.79,79801.08,1424.92395
2026-05-07 17:00:00,79801.08,80135.17,79500.0,80094.52,919.74045
2026-05-07 18:00:00,80094.52,80269.06,80004.4,80200.59,527.27769
2026-05-07 19:00:00,80200.6,80224.0,79934.3,80146.11,443.20216
2026-05-07 20:00:00,80146.77,80371.23,79859.51,79879.99,400.51449
2026-05-07 21:00:00,79880.0,79934.92,79660.0,79735.01,401.75461
2026-05-07 22:00:00,79735.0,79990.0,79582.95,79919.01,495.14556
2026-05-07 23:00:00,79919.0,80068.03,79871.98,80006.0,244.47169
2026-05-08 00:00:00,80006.0,80142.84,79729.72,79831.99,958.06006
2026-05-08 01:00:00,79831.98,79900.11,79612.63,79740.01,539.33838
2026-05-08 02:00:00,79740.01,79761.61,79316.99,79488.46,1066.54641
2026-05-08 03:00:00,79488.47,79666.66,79181.48,79578.85,529.79179
2026-05-08 04:00:00,79578.84,79748.0,79551.26,79655.23,317.73705
2026-05-08 05:00:00,79655.22,79778.95,79600.0,79600.01,307.79364
2026-05-08 06:00:00,79600.01,79654.0,79411.0,79525.76,792.09671
2026-05-08 07:00:00,79525.77,79727.0,79248.58,79682.4,992.93778
2026-05-08 08:00:00,79682.4,79987.27,79666.05,79886.01,628.59636
2026-05-08 09:00:00,79886.0,80061.17,79794.88,79872.72,481.81051
2026-05-08 10:00:00,79872.72,80278.92,79788.01,80212.56,650.80764
2026-05-08 11:00:00,80212.55,80340.94,80127.54,80231.22,586.98252
2026-05-08 12:00:00,80231.22,80500.0,79966.14,80025.82,831.54339
2026-05-08 13:00:00,80025.81,80095.99,79549.54,79647.8,1091.58342
2026-05-08 14:00:00,79647.81,80441.79,79647.8,80150.97,1005.3745
2026-05-08 15:00:00,80150.97,80200.0,79625.0,80142.14,812.90032
2026-05-08 16:00:00,80142.13,80182.18,79741.3,79802.34,665.763
2026-05-08 17:00:00,79802.35,80261.87,79738.75,80060.0,1502.98426
2026-05-08 18:00:00,80060.0,80299.99,80059.99,80078.4,470.37331
2026-05-08 19:00:00,80078.39,80181.66,79954.54,80179.94,408.77976
2026-05-08 20:00:00,80180.0,80299.93,80089.76,80133.09,330.63666
2026-05-08 21:00:00,80133.08,80264.0,80116.32,80263.99,269.62208
2026-05-08 22:00:00,80264.0,80409.09,80238.42,80262.0,318.15524
2026-05-08 23:00:00,80262.0,80299.27,80111.02,80193.17,441.0953
2026-05-09 00:00:00,80193.18,80240.87,80129.85,80238.76,206.53644
2026-05-09 01:00:00,80238.75,80446.58,80217.46,80327.75,266.81337
2026-05-09 02:00:00,80327.75,80477.47,80327.75,80417.87,231.63268
2026-05-09 03:00:00,80417.88,80550.67,80307.76,80383.95,388.12699
2026-05-09 04:00:00,80383.96,80666.66,80373.55,80379.9,404.43634
2026-05-09 05:00:00,80379.9,80480.49,80343.0,80379.49,360.73513
2026-05-09 06:00:00,80379.5,80428.01,80201.6,80263.92,270.37474
2026-05-09 07:00:00,80263.93,80309.05,80135.0,80228.89,445.94164
2026-05-09 08:00:00,80228.88,80452.44,80220.0,80407.12,297.06841
2026-05-09 09:00:00,80407.12,80415.83,80214.0,80242.53,211.41081
2026-05-09 10:00:00,80242.54,80346.94,80166.26,80264.02,234.54075
2026-05-09 11:00:00,80264.01,80366.07,80256.95,80345.46,266.71827
2026-05-09 12:00:00,80345.47,80416.21,80274.03,80397.97,357.45715
2026-05-09 13:00:00,80397.97,80422.0,80318.7,80391.18,341.73909
2026-05-09 14:00:00,80391.18,80426.9,80254.71,80332.22,322.24573
2026-05-09 15:00:00,80332.23,80600.0,80234.0,80527.92,418.47876
2026-05-09 16:00:00,80527.92,80777.0,80487.4,80625.01,546.55445
2026-05-09 17:00:00,80625.0,80928.56,80625.0,80812.7,430.13867
2026-05-09 18:00:00,80812.69,81080.0,80787.39,80907.65,339.35386
2026-05-09 19:00:00,80907.66,80958.0,80776.99,80938.53,217.80867
2026-05-09 20:00:00,80938.53,80938.53,80744.98,80805.5,144.14004
2026-05-09 21:00:00,80805.51,80896.0,80744.98,80780.83,149.85415
2026-05-09 22:00:00,80780.83,80823.24,80670.01,80782.38,199.54802
2026-05-09 23:00:00,80782.38,80850.0,80621.88,80678.4,496.76761
2026-05-10 00:00:00,80678.41,80770.51,80610.64,80680.04,346.27712
2026-05-10 01:00:00,80680.03,80690.73,80572.77,80685.56,410.62072
2026-05-10 02:00:00,80685.55,80790.0,80611.0,80777.42,290.59888
2026-05-10 03:00:00,80777.42,80887.15,80709.59,80775.0,284.77121
2026-05-10 04:00:00,80774.99,80840.0,80722.78,80759.93,253.45188
2026-05-10 05:00:00,80759.93,80816.52,80682.0,80700.77,372.73913
2026-05-10 06:00:00,80700.76,80753.04,80658.97,80733.75,211.5502
2026-05-10 07:00:00,80733.75,80827.14,80720.1,80736.03,400.67517
2026-05-10 08:00:00,80736.03,80909.65,80715.33,80830.33,252.36808
2026-05-10 09:00:00,80830.34,80913.8,80756.53,80807.96,237.31778
2026-05-10 10:00:00,80807.95,80883.48,80691.0,80873.79,279.49023
2026-05-10 11:00:00,80873.8,80975.4,80750.0,80821.21,339.53296
2026-05-10 12:00:00,80821.21,80950.0,80784.2,80927.72,235.68491
2026-05-10 13:00:00,80927.71,81000.01,80865.44,80971.67,254.25083
2026-05-10 14:00:00,80971.66,80999.36,80816.22,80990.11,372.4586
2026-05-10 15:00:00,80990.11,81442.81,80936.0,81418.01,780.28503
2026-05-10 16:00:00,81418.01,81500.0,81200.0,81378.25,595.22707
2026-05-10 17:00:00,81378.25,81583.11,81220.0,81476.18,599.74468
2026-05-10 18:00:00,81476.18,81493.11,81231.14,81271.96,268.90805
2026-05-10 19:00:00,81271.96,81481.92,81148.0,81437.83,334.34752
2026-05-10 20:00:00,81437.83,81459.66,80279.77,80734.88,1021.73969
2026-05-10 21:00:00,80734.88,80944.44,80571.97,80720.47,691.73163
2026-05-10 22:00:00,80720.47,82171.96,80666.66,82044.49,1804.86462
2026-05-10 23:00:00,82044.49,82479.32,82044.49,82210.07,1395.68283
2026-05-11 00:00:00,82210.07,82380.0,81280.0,81471.13,1294.00066
2026-05-11 01:00:00,81471.13,81744.85,81291.23,81501.72,495.92379
2026-05-11 02:00:00,81501.73,81572.4,81117.64,81169.08,491.97068
2026-05-11 03:00:00,81169.09,81188.97,80525.0,80736.01,857.95581
2026-05-11 04:00:00,80736.0,80879.12,80639.99,80824.61,378.47076
2026-05-11 05:00:00,80824.61,80981.8,80761.73,80832.33,423.68877
2026-05-11 06:00:00,80832.34,81049.51,80762.0,80822.86,296.00491
2026-05-11 07:00:00,80822.86,80840.3,80663.11,80740.4,496.93812
2026-05-11 08:00:00,80740.4,80863.42,80621.87,80767.97,463.92135
2026-05-11 09:00:00,80767.97,80997.63,80758.3,80966.57,330.83757
2026-05-11 10:00:00,80966.58,81200.0,80940.0,80940.0,488.26383
2026-05-11 11:00:00,80940.0,81196.95,80900.0,81196.94,356.37085
2026-05-11 12:00:00,81196.95,81356.46,81029.77,81054.65,485.8963
2026-05-11 13:00:00,81054.65,81332.29,80739.63,81072.0,767.39683
2026-05-11 14:00:00,81072.01,81252.72,80462.97,80953.38,767.64104
2026-05-11 15:00:00,80953.39,81458.0,80826.02,81445.9,647.30001
2026-05-11 16:00:00,81445.89,81910.35,81344.72,81575.85,1113.46844
2026-05-11 17:00:00,81575.84,82071.77,81369.42,81941.09,565.28919
2026-05-11 18:00:00,81941.09,82137.26,81836.15,81858.96,536.09834
2026-05-11 19:00:00,81858.97,82091.11,81739.09,81961.99,458.6097
2026-05-11 20:00:00,81961.99,82078.91,81758.5,81821.02,322.40099
2026-05-11 21:00:00,81821.03,81906.35,81600.0,81821.18,268.82965
2026-05-11 22:00:00,81821.18,81969.99,81729.99,81833.92,366.43361
2026-05-11 23:00:00,81833.92,81833.92,81596.31,81745.65,278.04936
2026-05-12 00:00:00,81745.66,81788.0,81478.75,81545.2,419.66559
2026-05-12 01:00:00,81545.2,81615.67,80714.28,81199.18,866.00547
2026-05-12 02:00:00,81199.18,81332.29,81087.63,81249.93,386.77691
2026-05-12 03:00:00,81249.93,81294.42,81024.41,81058.8,187.87319
2026-05-12 04:00:00,81058.79,81303.99,81000.0,81240.01,398.28206
2026-05-12 05:00:00,81240.01,81305.24,81181.56,81224.03,329.93857
2026-05-12 06:00:00,81224.04,81300.0,81010.01,81022.44,448.36294
2026-05-12 07:00:00,81022.44,81137.27,80800.77,80865.4,603.31882
2026-05-12 08:00:00,80865.4,80964.13,80760.53,80843.31,478.61372
2026-05-12 09:00:00,80843.3,80963.35,80720.0,80837.15,506.71585
2026-05-12 10:00:00,80837.15,80848.27,80601.27,80666.37,487.71377
2026-05-12 11:00:00,80666.38,80785.38,80496.57,80784.87,500.02112
2026-05-12 12:00:00,80784.86,80999.0,80619.19,80881.26,585.87948
2026-05-12 13:00:00,80881.25,80928.26,80397.07,80466.91,795.94705
2026-05-12 14:00:00,80466.91,80888.01,80397.88,80540.0,865.59094
2026-05-12 15:00:00,80540.0,80676.78,80188.65,80336.01,958.32005
2026-05-12 16:00:00,80336.01,80435.99,79843.59,80000.01,1473.4545
2026-05-12 17:00:00,80000.01,80593.06,79951.05,80527.69,486.64257
2026-05-12 18:00:00,80527.69,80763.81,80430.0,80679.12,367.3581
2026-05-12 19:00:00,80679.11,80874.42,80679.11,80834.64,346.22158
2026-05-12 20:00:00,80835.3,80896.25,80642.85,80696.87,292.49967
2026-05-12 21:00:00,80696.87,80738.0,80497.0,80587.44,202.53849
2026-05-12 22:00:00,80587.45,80791.94,80587.45,80656.43,151.10909
2026-05-12 23:00:00,80656.44,80714.0,80439.91,80504.47,247.40723
2026-05-13 00:00:00,80504.47,80768.95,80412.15,80718.0,230.81443
2026-05-13 01:00:00,80718.0,81195.69,80683.12,81006.0,633.76198
2026-05-13 02:00:00,81005.99,81281.66,80934.69,81050.0,333.93602
2026-05-13 03:00:00,81050.0,81299.99,80976.27,81249.99,377.40594
2026-05-13 04:00:00,81249.99,81281.07,81124.87,81231.96,253.70329
2026-05-13 05:00:00,81231.96,81247.22,80999.99,81019.99,266.87053
2026-05-13 06:00:00,81020.0,81160.36,80972.94,80980.05,499.1653
2026-05-13 07:00:00,80980.06,81049.01,80889.12,81026.92,476.02435
2026-05-13 08:00:00,81026.92,81200.0,80943.63,81196.57,372.92514
2026-05-13 09:00:00,81196.57,81324.64,81137.77,81291.38,435.50222
2026-05-13 10:00:00,81291.37,81298.5,80809.01,80809.01,364.76288
2026-05-13 11:00:00,80809.01,80843.87,80494.98,80501.22,668.09274
2026-05-13 12:00:00,80501.22,80592.65,79852.0,80202.78,1194.36751
2026-05-13 13:00:00,80202.78,80345.45,79576.47,79656.01,1205.27854
2026-05-13 14:00:00,79656.01,79898.0,79481.56,79756.01,942.38578
2026-05-13 15:00:00,79756.02,79856.08,78807.22,78827.21,1731.43058
2026-05-13 16:00:00,78827.21,79222.22,78754.65,79108.39,1522.11383
2026-05-13 17:00:00,79108.39,79556.36,79100.0,79514.97,611.40519
2026-05-13 18:00:00,79514.97,79800.0,79514.97,79598.15,747.58594
2026-05-13 19:00:00,79598.15,79646.29,79400.0,79642.41,463.49581
2026-05-13 20:00:00,79642.41,79760.0,79622.7,79698.95,225.22286
2026-05-13 21:00:00,79698.95,79705.73,79340.39,79398.54,418.00056
2026-05-13 22:00:00,79398.54,79470.0,79228.0,79428.46,338.28664
2026-05-13 23:00:00,79428.46,79499.01,79233.83,79313.61,497.51837
2026-05-14 00:00:00,79313.61,79681.73,79308.0,79580.0,443.66772
2026-05-14 01:00:00,79580.0,79681.73,79409.42,79604.6,369.48629
2026-05-14 02:00:00,79604.61,79676.11,79222.22,79370.24,684.03959
2026-05-14 03:00:00,79370.24,79460.0,78922.0,79044.85,712.36112
2026-05-14 04:00:00,79044.86,79474.41,78982.06,79451.63,437.35487
2026-05-14 05:00:00,79451.62,79998.0,79359.49,79809.16,850.16622
2026-05-14 06:00:00,79809.15,79953.35,79769.12,79804.71,301.13354
2026-05-14 07:00:00,79804.72,79937.59,79702.05,79745.98,480.32483
2026-05-14 08:00:00,79745.99,79936.98,79644.44,79821.56,652.77033
2026-05-14 09:00:00,79821.55,79905.99,79569.81,79635.52,445.75367
2026-05-14 10:00:00,79635.53,79756.98,79409.42,79570.01,384.95969
2026-05-14 11:00:00,79570.01,79600.0,79234.0,79258.27,362.97846
2026-05-14 12:00:00,79258.27,79775.02,79230.31,79767.11,526.41242
2026-05-14 13:00:00,79767.1,80059.71,79670.88,79701.73,1000.54213
2026-05-14 14:00:00,79701.73,81020.0,79561.52,80964.85,1882.78042
2026-05-14 15:00:00,80964.84,81332.23,80816.08,81301.23,2292.36231
2026-05-14 16:00:00,81301.22,81904.44,81080.25,81888.4,2732.81932
2026-05-14 17:00:00,81888.4,82048.13,81271.0,81668.48,1967.47911
2026-05-14 18:00:00,81668.49,81949.15,81440.38,81581.99,1012.7972
2026-05-14 19:00:00,81582.0,81718.73,81330.12,81419.74,566.84044
2026-05-14 20:00:00,81419.75,81590.19,81166.22,81412.04,471.62836
2026-05-14 21:00:00,81412.05,81526.08,81268.38,81396.61,292.07185
2026-05-14 22:00:00,81396.61,81559.71,81335.48,81456.0,322.84736
2026-05-14 23:00:00,81456.0,81456.0,81059.93,81089.99,534.29082
2026-05-15 00:00:00,81090.0,81664.45,81068.52,81518.67,578.5498
2026-05-15 01:00:00,81518.66,81612.73,81106.2,81131.01,538.82284
2026-05-15 02:00:00,81131.0,81350.0,80750.0,81299.14,829.4016
2026-05-15 03:00:00,81299.14,81340.81,80930.82,81059.15,506.95135
2026-05-15 04:00:00,81059.15,81100.0,80709.09,80724.71,367.57246
2026-05-15 05:00:00,80724.71,80882.45,80314.0,80360.01,1029.21412
2026-05-15 06:00:00,80360.01,80644.5,80314.01,80580.0,815.53271
2026-05-15 07:00:00,80580.0,81003.37,80559.88,80814.88,878.78211
2026-05-15 08:00:00,80814.88,80822.95,80415.84,80638.0,538.63644
2026-05-15 09:00:00,80638.0,80670.51,80369.0,80489.8,471.66166
2026-05-15 10:00:00,80489.81,80776.33,80407.6,80716.23,444.96934
2026-05-15 11:00:00,80716.22,80750.56,80590.08,80628.53,250.99223
2026-05-15 12:00:00,80628.52,80635.44,80340.83,80385.11,535.00082
2026-05-15 13:00:00,80385.1,80385.11,78698.69,78758.59,3101.88518
2026-05-15 14:00:00,78758.59,79353.32,78659.0,79150.37,1965.21031
2026-05-15 15:00:00,79150.36,79369.36,79013.81,79150.27,606.4731
2026-05-15 16:00:00,79150.26,79382.3,79131.01,79294.31,514.78679
2026-05-15 17:00:00,79294.31,79504.83,79224.0,79460.0,478.80422
2026-05-15 18:00:00,79460.0,79561.94,79170.47,79284.0,544.01093
2026-05-15 19:00:00,79284.01,79290.0,79051.0,79146.5,421.75884
2026-05-15 20:00:00,79146.5,79217.07,79000.0,79123.12,224.44355
2026-05-15 21:00:00,79123.13,79200.0,78911.42,78973.5,682.32127
2026-05-15 22:00:00,78973.5,79145.44,78973.49,79107.38,347.86808
2026-05-15 23:00:00,79107.38,79161.86,79077.96,79113.21,677.62104
2026-05-16 00:00:00,79113.2,79227.77,79075.09,79111.92,314.0124
2026-05-16 01:00:00,79111.92,79186.05,79010.0,79168.0,357.20294
2026-05-16 02:00:00,79168.0,79211.77,79080.1,79155.54,208.30505
2026-05-16 03:00:00,79155.55,79187.71,79059.77,79083.18,368.66241
2026-05-16 04:00:00,79083.19,79129.71,78860.0,79035.26,321.76822
2026-05-16 05:00:00,79035.25,79039.49,78933.63,79027.37,183.05543
2026-05-16 06:00:00,79027.36,79047.94,78459.87,78648.0,632.26156
2026-05-16 07:00:00,78648.0,78651.63,78066.0,78369.77,1267.74437
2026-05-16 08:00:00,78369.78,78530.52,78334.21,78426.56,379.04319
2026-05-16 09:00:00,78426.55,78440.81,77906.1,78083.48,1104.4311
2026-05-16 10:00:00,78083.47,78101.43,77640.0,77960.0,1759.70594
2026-05-16 11:00:00,77959.99,78193.88,77959.99,78081.71,602.9198
2026-05-16 12:00:00,78080.46,78133.38,77918.62,78007.23,791.53177
2026-05-16 13:00:00,78007.24,78014.6,77833.4,78014.6,830.86287
2026-05-16 14:00:00,78014.6,78346.0,77895.2,78130.55,729.04785
2026-05-16 15:00:00,78130.55,78285.0,78078.22,78238.67,332.91477
2026-05-16 16:00:00,78238.68,78364.65,78119.72,78205.96,328.10255
2026-05-16 17:00:00,78205.96,78320.41,78199.0,78201.5,350.20669
2026-05-16 18:00:00,78201.5,78327.75,78142.99,78229.81,310.63405
2026-05-16 19:00:00,78229.82,78314.69,78204.22,78259.66,271.10252
2026-05-16 20:00:00,78259.67,78318.94,78201.42,78261.0,194.3429
2026-05-16 21:00:00,78261.0,78308.33,78206.85,78265.73,237.27188
2026-05-16 22:00:00,78265.73,78279.28,78171.02,78186.25,128.79242
2026-05-16 23:00:00,78186.25,78267.46,78125.32,78148.05,128.93924
2026-05-17 00:00:00,78148.05,78243.19,77812.0,77945.85,311.59646
2026-05-17 01:00:00,77945.85,78114.0,77721.19,77725.71,516.53667
2026-05-17 02:00:00,77725.72,77938.0,77725.71,77895.51,256.64293
2026-05-17 03:00:00,77895.5,78079.3,77888.0,78028.88,200.15322
2026-05-17 04:00:00,78028.88,78203.93,78003.35,78158.09,375.99093
2026-05-17 05:00:00,78158.08,78323.96,78102.42,78121.41,258.98839
2026-05-17 06:00:00,78121.41,78204.01,78017.0,78104.8,136.86954
2026-05-17 07:00:00,78104.79,78208.69,78053.79,78180.01,180.24659
2026-05-17 08:00:00,78180.0,78200.91,78033.01,78089.8,117.37418
2026-05-17 09:00:00,78089.8,78293.97,78073.52,78249.33,196.43485
2026-05-17 10:00:00,78249.33,78599.99,78249.03,78465.99,564.92985
2026-05-17 11:00:00,78465.99,78473.82,78289.0,78415.99,257.4445
2026-05-17 12:00:00,78415.99,78550.0,78333.8,78364.83,254.43689
2026-05-17 13:00:00,78364.83,78364.83,78173.15,78202.91,260.27625
2026-05-17 14:00:00,78202.91,78217.33,77850.0,78051.51,397.56893
2026-05-17 15:00:00,78051.51,78119.42,77920.76,78051.41,203.63392
2026-05-17 16:00:00,78051.42,78193.66,78025.23,78034.36,142.87987
2026-05-17 17:00:00,78034.37,78092.44,77856.69,78089.98,296.4389
2026-05-17 18:00:00,78089.99,78271.59,78014.33,78268.05,172.43416
2026-05-17 19:00:00,78268.04,78468.46,78209.96,78415.3,225.32283
2026-05-17 20:00:00,78415.29,78435.32,78248.8,78277.36,205.39109
2026-05-17 21:00:00,78277.36,78485.36,78243.5,78405.72,293.90051
2026-05-17 22:00:00,78405.72,78414.16,77830.0,77997.24,585.78673
2026-05-17 23:00:00,77997.24,78008.18,76735.16,77457.67,2031.42401
2026-05-18 00:00:00,77457.67,77477.99,76916.6,77209.95,1062.83033
2026-05-18 01:00:00,77209.95,77291.54,76744.95,77109.22,771.47833
2026-05-18 02:00:00,77109.21,77222.03,76707.61,76835.41,544.67309
2026-05-18 03:00:00,76835.41,77030.42,76817.14,76924.65,509.0298
2026-05-18 04:00:00,76924.66,77069.77,76772.01,77038.49,354.48166
2026-05-18 05:00:00,77038.49,77080.93,76884.33,76931.4,586.83852
2026-05-18 06:00:00,76931.4,76967.8,76583.33,76912.52,621.71728
2026-05-18 07:00:00,76912.53,77089.29,76771.53,77073.69,1139.6298
2026-05-18 08:00:00,77073.69,77181.88,76890.34,77040.42,562.21651
2026-05-18 09:00:00,77040.43,77048.14,76877.17,76933.16,365.74952
2026-05-18 10:00:00,76933.17,76957.35,76716.99,76764.74,432.20236
2026-05-18 11:00:00,76764.75,77403.48,76668.58,77285.83,692.38548
2026-05-18 12:00:00,77285.83,77800.0,77275.96,77639.98,980.76582
2026-05-18 13:00:00,77639.99,77639.99,76695.31,76937.7,1116.5633
2026-05-18 14:00:00,76937.7,76954.25,76230.02,76393.65,2158.59337
2026-05-18 15:00:00,76393.66,76485.29,76051.0,76409.46,1960.17489
2026-05-18 16:00:00,76409.46,76665.68,76218.0,76410.01,1252.9383
2026-05-18 17:00:00,76410.0,76757.21,76366.13,76706.39,450.87486
2026-05-18 18:00:00,76706.38,76706.38,76144.24,76252.5,779.57136
2026-05-18 19:00:00,76252.01,76995.0,76235.0,76928.0,812.47229
2026-05-18 20:00:00,76928.0,77182.14,76874.73,76909.92,463.85785
2026-05-18 21:00:00,76909.92,77174.23,76800.0,77103.05,491.7356
2026-05-18 22:00:00,77103.04,77222.79,76937.19,77078.22,359.68174
2026-05-18 23:00:00,77078.22,77160.79,76948.8,77001.87,275.05472
2026-05-19 00:00:00,77001.88,77414.62,76955.99,77140.87,556.43712
2026-05-19 01:00:00,77140.86,77156.2,76667.0,76667.01,769.46148
2026-05-19 02:00:00,76667.01,76997.33,76487.83,76617.47,469.02583
2026-05-19 03:00:00,76617.46,76867.23,76586.11,76787.11,211.83571
2026-05-19 04:00:00,76787.1,76943.75,76700.0,76927.25,239.72033
2026-05-19 05:00:00,76927.25,77000.0,76644.98,76911.24,392.43215
2026-05-19 06:00:00,76911.25,77108.68,76886.13,77029.4,386.11356
2026-05-19 07:00:00,77029.41,77278.57,76974.72,77233.69,490.1935
2026-05-19 08:00:00,77233.68,77317.02,76972.96,77048.71,465.92336
2026-05-19 09:00:00,77048.72,77074.05,76709.29,76818.8,385.08727
2026-05-19 10:00:00,76818.8,77103.97,76704.0,77041.87,464.38738
2026-05-19 11:00:00,77041.87,77076.53,76633.83,76714.62,430.29111
2026-05-19 12:00:00,76714.61,76982.89,76650.06,76940.21,257.11004
2026-05-19 13:00:00,76940.2,77048.72,76596.0,76872.75,906.63403
2026-05-19 14:00:00,76872.74,77023.75,76144.71,76392.43,1426.24149
2026-05-19 15:00:00,76392.43,76675.76,76337.97,76521.23,773.78391
2026-05-19 16:00:00,76521.24,76911.0,76407.72,76894.59,568.91388
2026-05-19 17:00:00,76894.59,77015.41,76759.39,76856.76,442.15826
2026-05-19 18:00:00,76856.76,76947.2,76744.8,76803.28,282.19478
2026-05-19 19:00:00,76803.28,77065.8,76765.14,76818.74,341.73224
2026-05-19 20:00:00,76818.73,77040.24,76818.73,77022.23,147.68289
2026-05-19 21:00:00,77022.22,77040.83,76973.76,76982.34,185.29058
2026-05-19 22:00:00,76982.34,76982.34,76642.95,76712.21,233.07768
2026-05-19 23:00:00,76712.22,76980.07,76670.52,76834.36,199.1312
2026-05-20 00:00:00,76834.36,76896.5,76516.74,76788.83,236.25061
2026-05-20 01:00:00,76788.83,76922.46,76536.59,76820.98,358.53384
2026-05-20 02:00:00,76820.98,76909.62,76600.0,76690.42,293.25018
2026-05-20 03:00:00,76690.42,76829.61,76604.99,76723.54,673.76637
2026-05-20 04:00:00,76723.55,76836.82,76692.0,76780.37,365.31048
2026-05-20 05:00:00,76780.37,77320.0,76780.37,77196.99,973.23466
2026-05-20 06:00:00,77196.99,77422.0,77179.93,77414.11,528.12463
2026-05-20 07:00:00,77414.1,77472.21,77241.13,77282.64,351.42212
2026-05-20 08:00:00,77282.65,77635.52,77210.33,77458.04,548.89961
2026-05-20 09:00:00,77458.05,77543.59,77365.94,77485.13,360.90275
2026-05-20 10:00:00,77485.14,77663.0,77485.14,77517.45,409.79863
2026-05-20 11:00:00,77517.46,77569.1,77328.2,77382.49,362.81092
2026-05-20 12:00:00,77382.5,77748.05,77365.52,77617.26,377.41047
2026-05-20 13:00:00,77617.26,77650.62,76968.05,77204.61,682.21238
2026-05-20 14:00:00,77204.61,77574.29,76891.61,77446.08,1202.39421
2026-05-20 15:00:00,77446.01,77853.04,77300.0,77455.46,777.75101
2026-05-20 16:00:00,77455.45,77557.0,77018.38,77338.6,407.4641
2026-05-20 17:00:00,77338.6,77713.66,77230.86,77568.95,501.34929
2026-05-20 18:00:00,77568.95,77634.52,77398.63,77415.09,414.50917
2026-05-20 19:00:00,77415.09,77709.68,77350.71,77667.49,388.96569
2026-05-20 20:00:00,77667.49,77760.0,77476.19,77720.01,357.7103
2026-05-20 21:00:00,77720.01,77766.6,77500.0,77500.01,158.00627
2026-05-20 22:00:00,77500.01,77504.69,77226.61,77504.69,367.95652
2026-05-20 23:00:00,77504.69,77559.34,77386.93,77552.23,198.22886
2026-05-21 00:00:00,77552.24,78071.42,77525.0,77967.09,547.83434
2026-05-21 01:00:00,77967.09,78173.15,77800.0,77863.85,453.71737
2026-05-21 02:00:00,77863.85,78100.0,77820.1,77955.78,820.7986
2026-05-21 03:00:00,77955.78,78098.85,77908.0,78078.72,441.60659
2026-05-21 04:00:00,78078.72,78180.01,77965.36,78035.8,365.79347
2026-05-21 05:00:00,78035.8,78147.07,77714.94,77828.0,390.37362
2026-05-21 06:00:00,77828.0,77873.15,77533.45,77622.14,317.41875
2026-05-21 07:00:00,77622.14,77901.06,77521.0,77889.01,380.5065
2026-05-21 08:00:00,77889.01,78200.0,77885.53,77924.63,493.4737
2026-05-21 09:00:00,77924.63,77977.53,77633.02,77633.02,277.92731
2026-05-21 10:00:00,77633.03,77678.01,77190.09,77198.08,783.43483
2026-05-21 11:00:00,77198.09,77372.0,77147.15,77189.1,380.03818
2026-05-21 12:00:00,77189.1,77363.32,77080.72,77278.53,382.67307
2026-05-21 13:00:00,77278.52,77358.05,76719.47,77122.68,862.17497
2026-05-21 14:00:00,77122.67,77240.82,76788.8,76984.61,697.95187
2026-05-21 15:00:00,76984.61,77402.12,76900.0,77259.46,411.10449
2026-05-21 16:00:00,77259.45,77344.01,77008.75,77207.93,404.33559
2026-05-21 17:00:00,77207.92,78098.16,77181.83,77869.38,1291.96294
2026-05-21 18:00:00,77869.38,77922.01,77230.0,77387.74,559.91554
2026-05-21 19:00:00,77387.74,77802.51,77365.97,77690.56,437.10444
2026-05-21 20:00:00,77690.56,77804.75,77647.75,77705.81,144.76199
2026-05-21 21:00:00,77705.8,77813.35,77645.4,77672.29,182.97007
2026-05-21 22:00:00,77672.3,77750.61,77555.33,77628.0,130.38276
2026-05-21 23:00:00,77628.01,77745.39,77534.43,77615.52,159.99742
2026-05-22 00:00:00,77615.52,77628.38,77369.49,77373.57,228.62269
2026-05-22 01:00:00,77373.57,77673.5,77327.28,77616.0,252.86608
2026-05-22 02:00:00,77616.0,77728.01,77593.16,77673.36,244.81122
2026-05-22 03:00:00,77673.37,77817.8,77673.36,77779.98,158.00162
2026-05-22 04:00:00,77779.98,77900.0,77637.99,77655.42,475.76681
2026-05-22 05:00:00,77655.43,77726.0,77454.56,77489.0,344.3172
2026-05-22 06:00:00,77489.0,77525.85,77370.4,77423.41,542.83384
2026-05-22 07:00:00,77423.41,77543.38,77288.77,77408.06,393.92568
2026-05-22 08:00:00,77408.07,77535.0,77216.0,77267.38,509.65577
2026-05-22 09:00:00,77267.39,77360.0,77200.0,77307.11,276.32946
2026-05-22 10:00:00,77307.12,77363.01,77261.73,77312.0,275.0182
2026-05-22 11:00:00,77311.99,77430.55,77184.45,77428.84,375.5311
2026-05-22 12:00:00,77428.83,77584.94,77395.45,77533.9,317.41573
2026-05-22 13:00:00,77533.91,77547.56,77130.99,77290.01,419.18989
2026-05-22 14:00:00,77290.0,77290.0,76751.0,76774.23,1004.6619
2026-05-22 15:00:00,76774.23,77030.64,76570.0,76790.59,872.56913
2026-05-22 16:00:00,76790.6,77006.69,76767.0,76950.68,481.05047
2026-05-22 17:00:00,76950.67,77093.72,76750.0,76750.0,322.37426
2026-05-22 18:00:00,76750.01,76898.0,76101.0,76537.47,809.74159
2026-05-22 19:00:00,76537.47,76590.68,75668.76,75860.44,1201.88912
2026-05-22 20:00:00,75860.44,76080.95,75826.0,75984.47,415.32736
2026-05-22 21:00:00,75984.47,76087.85,75926.2,75978.83,349.85112
2026-05-22 22:00:00,75978.83,75978.84,75558.28,75737.52,473.52886
2026-05-22 23:00:00,75737.53,75881.18,75359.18,75539.5,527.08224
2026-05-23 00:00:00,75539.5,75635.59,75220.0,75352.64,828.38332
2026-05-23 01:00:00,75352.64,75500.0,75350.0,75489.84,466.00374
2026-05-23 02:00:00,75489.83,75581.27,75417.56,75572.07,334.42834
2026-05-23 03:00:00,75572.07,75664.62,75563.33,75635.22,267.29386
2026-05-23 04:00:00,75635.22,75650.63,75507.01,75539.77,198.6031
2026-05-23 05:00:00,75539.77,75562.4,75469.89,75482.68,267.20559
2026-05-23 06:00:00,75482.68,75501.09,75394.54,75398.33,189.47214
2026-05-23 07:00:00,75398.33,75443.44,74289.6,74609.36,2035.70931
2026-05-23 08:00:00,74609.37,74746.67,74303.56,74684.3,963.9472
2026-05-23 09:00:00,74684.29,74752.45,74624.5,74656.91,431.5071
2026-05-23 10:00:00,74656.91,74797.01,74656.91,74705.0,625.72233
2026-05-23 11:00:00,74705.0,74873.55,74704.99,74789.99,487.9196
2026-05-23 12:00:00,74789.99,74798.41,74660.05,74753.93,570.81814
2026-05-23 13:00:00,74753.94,75262.86,74753.93,75213.9,815.89889
2026-05-23 14:00:00,75213.9,75726.3,75108.15,75537.72,922.06012
2026-05-23 15:00:00,75537.73,75676.0,75405.4,75520.0,634.72295
2026-05-23 16:00:00,75519.99,75638.62,75415.17,75444.7,411.95204
2026-05-23 17:00:00,75444.71,75522.0,75371.72,75488.18,566.20129
2026-05-23 18:00:00,75488.17,75986.24,75472.04,75845.82,429.21806
2026-05-23 19:00:00,75845.82,76012.22,75780.9,75983.45,364.9012
2026-05-23 20:00:00,75983.45,77300.0,75953.94,77287.58,1242.58285
2026-05-23 21:00:00,77286.08,77404.18,76538.04,76804.99,1147.59506
2026-05-23 22:00:00,76805.0,76885.0,76396.06,76584.45,464.30329
2026-05-23 23:00:00,76584.45,76822.0,76538.36,76752.01,420.43862
2026-05-24 00:00:00,76752.0,76930.65,76629.02,76835.16,392.54327
2026-05-24 01:00:00,76835.16,76921.45,76754.53,76890.04,225.24128
2026-05-24 02:00:00,76890.04,76968.04,76704.32,76830.0,185.87406
2026-05-24 03:00:00,76830.01,77011.62,76738.5,76750.0,248.04543
2026-05-24 04:00:00,76750.01,76858.26,76730.0,76786.5,163.64327
2026-05-24 05:00:00,76786.5,76861.78,76651.59,76822.23,202.16815
2026-05-24 06:00:00,76822.23,77065.94,76716.02,76987.58,257.8917
2026-05-24 07:00:00,76987.58,77014.24,76786.2,76799.99,193.96514
2026-05-24 08:00:00,76799.99,76861.77,76734.42,76830.69,226.94949
2026-05-24 09:00:00,76830.69,77046.67,76821.86,77020.53,369.92973
2026-05-24 10:00:00,77020.54,77543.15,76927.04,77190.74,863.69953
2026-05-24 11:00:00,77190.73,77356.62,77190.73,77320.06,285.66801
2026-05-24 12:00:00,77320.06,77325.72,77044.73,77118.73,271.94108
2026-05-24 13:00:00,77118.72,77127.54,76688.89,76802.23,474.39799
2026-05-24 14:00:00,76802.23,76840.01,76195.36,76465.16,837.87651
2026-05-24 15:00:00,76465.15,76539.38,76362.78,76371.59,398.04105
2026-05-24 16:00:00,76371.59,76734.3,76371.59,76671.7,359.46109
2026-05-24 17:00:00,76671.69,76799.99,76566.15,76693.34,249.31214
2026-05-24 18:00:00,76693.34,76788.01,76596.0,76665.73,148.14196
2026-05-24 19:00:00,76665.72,76783.51,76611.17,76773.34,125.12918
2026-05-24 20:00:00,76773.33,76796.18,76596.37,76668.4,560.38206
2026-05-24 21:00:00,76668.41,76748.12,76108.0,76151.14,497.80071
2026-05-24 22:00:00,76151.14,77012.01,76132.0,76803.99,543.11534
2026-05-24 23:00:00,76803.99,77225.97,76803.99,77064.96,316.78339
2026-05-25 00:00:00,77064.96,77288.0,77064.95,77153.01,281.30951
2026-05-25 01:00:00,77153.01,77245.67,76914.25,76945.27,574.42489
2026-05-25 02:00:00,76945.28,77485.0,76945.28,77108.77,313.96478
2026-05-25 03:00:00,77108.77,77169.88,77002.3,77026.67,198.70522
2026-05-25 04:00:00,77026.68,77450.0,76990.78,77391.07,251.77406
2026-05-25 05:00:00,77391.07,77498.0,77324.0,77407.0,306.77798
2026-05-25 06:00:00,77406.99,77650.0,77222.22,77419.87,413.85927
2026-05-25 07:00:00,77419.87,77520.0,77184.62,77401.12,376.11814
2026-05-25 08:00:00,77401.11,77469.64,77280.32,77456.94,352.6298
2026-05-25 09:00:00,77456.94,77699.97,77425.17,77604.56,369.10396
2026-05-25 10:00:00,77604.56,77681.37,77490.37,77545.65,283.53522
2026-05-25 11:00:00,77545.65,77545.65,77333.33,77357.5,209.17805
2026-05-25 12:00:00,77357.5,77440.46,77286.5,77367.98,261.28583
2026-05-25 13:00:00,77367.98,77450.0,77286.5,77341.05,199.52985
2026-05-25 14:00:00,77341.05,77773.69,77304.84,77714.0,603.07815
2026-05-25 15:00:00,77713.99,77905.52,77557.0,77628.82,499.50313
2026-05-25 16:00:00,77628.82,77807.29,77508.88,77735.69,342.64397
2026-05-25 17:00:00,77735.69,77804.48,77550.39,77564.01,278.21782
2026-05-25 18:00:00,77564.0,77658.01,77543.38,77543.39,204.7646
2026-05-25 19:00:00,77543.39,77543.39,77343.61,77441.86,295.53937
2026-05-25 20:00:00,77441.85,77500.0,77220.0,77273.06,314.11527
2026-05-25 21:00:00,77273.06,77396.08,77273.05,77367.03,183.92616
2026-05-25 22:00:00,77367.03,77449.94,77019.82,77116.21,395.72227
2026-05-25 23:00:00,77116.21,77367.44,77072.36,77322.01,162.61467
2026-05-26 00:00:00,77322.01,77345.0,76575.49,76792.71,686.17714
2026-05-26 01:00:00,76792.24,76888.01,76590.9,76756.98,342.05131
2026-05-26 02:00:00,76756.98,76810.0,76512.98,76660.0,721.43857
2026-05-26 03:00:00,76660.0,76705.71,76475.59,76664.01,396.14567
2026-05-26 04:00:00,76664.0,76817.28,76606.79,76749.5,392.59093
2026-05-26 05:00:00,76749.51,76989.23,76704.8,76930.01,556.0432
2026-05-26 06:00:00,76930.0,77059.74,76775.0,76908.01,658.30833
2026-05-26 07:00:00,76908.0,76924.55,76603.73,76730.84,436.26184
2026-05-26 08:00:00,76730.84,76852.01,76693.21,76726.37,246.06951
2026-05-26 09:00:00,76726.37,76804.0,76649.79,76672.19,350.5237
2026-05-26 10:00:00,76672.2,77621.75,76586.94,77430.0,897.13516
2026-05-26 11:00:00,77430.0,77516.93,77174.94,77183.55,403.26795
2026-05-26 12:00:00,77183.56,77232.52,76877.94,77132.5,402.68245
2026-05-26 13:00:00,77132.51,77464.01,76691.88,77231.56,659.9668
2026-05-26 14:00:00,77231.56,78080.0,76724.63,76908.01,2020.17697
2026-05-26 15:00:00,76908.01,77012.0,76272.63,76518.1,1751.25838
2026-05-26 16:00:00,76518.1,76710.01,76209.58,76558.0,2070.02098
2026-05-26 17:00:00,76558.0,76649.91,75850.0,75935.08,1190.65802
2026-05-26 18:00:00,75935.09,76273.66,75779.3,75840.55,846.30902
2026-05-26 19:00:00,75840.55,76104.49,75805.23,76052.0,581.71052
2026-05-26 20:00:00,76052.0,76180.0,75982.64,76106.86,324.41575
2026-05-26 21:00:00,76106.86,76117.31,75850.0,75890.0,275.58323
2026-05-26 22:00:00,75890.0,75998.94,75677.97,75749.02,428.12169
2026-05-26 23:00:00,75749.02,75986.45,75749.02,75930.01,316.55917
2026-05-27 00:00:00,75930.01,76089.7,75872.71,76085.01,780.41682
2026-05-27 01:00:00,76085.0,76104.02,75824.0,75877.44,573.72878
2026-05-27 02:00:00,75877.44,75890.59,75682.99,75879.0,437.25803
2026-05-27 03:00:00,75879.01,75966.91,75607.62,75683.0,612.84746
2026-05-27 04:00:00,75683.0,75706.77,75310.9,75579.01,817.05359
2026-05-27 05:00:00,75579.01,75739.36,75579.0,75697.99,490.56114
2026-05-27 06:00:00,75697.99,75900.0,75690.01,75838.65,482.86494
2026-05-27 07:00:00,75838.65,75980.0,75764.0,75977.17,433.92885
2026-05-27 08:00:00,75977.16,76071.41,75843.02,75873.24,308.77238
2026-05-27 09:00:00,75873.25,75978.01,75710.76,75912.6,294.26595
2026-05-27 10:00:00,75912.61,76043.94,75880.0,75909.82,372.61961
2026-05-27 11:00:00,75909.82,76029.24,75754.1,75769.18,316.01081
2026-05-27 12:00:00,75769.18,76174.15,75575.75,75688.0,621.24106
2026-05-27 13:00:00,75688.01,75760.0,74866.18,75073.4,2200.23684
2026-05-27 14:00:00,75073.4,75274.11,74758.33,75031.92,1567.20208
2026-05-27 15:00:00,75031.92,75502.29,74983.77,75326.01,797.5234
2026-05-27 16:00:00,75326.02,75408.01,75000.0,75304.01,632.49097
2026-05-27 17:00:00,75304.01,75344.01,74685.58,74860.42,1103.99219
2026-05-27 18:00:00,74860.42,75032.01,74663.45,75026.67,549.25309
2026-05-27 19:00:00,75026.67,75105.17,74952.36,75066.08,879.80197
2026-05-27 20:00:00,75066.09,75415.81,75056.25,75274.58,389.41476
2026-05-27 21:00:00,75274.58,75274.58,74341.76,74473.01,653.21971
2026-05-27 22:00:00,74473.01,74775.5,74260.91,74418.13,624.64107
2026-05-27 23:00:00,74418.12,74572.0,74243.99,74449.3,938.42933
2026-05-28 00:00:00,74449.31,74580.0,74366.89,74570.66,476.29695
2026-05-28 01:00:00,74570.67,74590.77,74156.0,74344.08,653.98384
2026-05-28 02:00:00,74344.07,74400.0,74127.57,74287.42,717.91596
2026-05-28 03:00:00,74287.43,74380.39,73060.59,73258.01,3879.74728
2026-05-28 04:00:00,73258.0,73260.01,72728.85,73181.95,1588.42564
2026-05-28 05:00:00,73181.95,73181.95,72908.67,72990.87,850.50171
2026-05-28 06:00:00,72990.87,73213.11,72761.11,73202.7,1248.76931
2026-05-28 07:00:00,73202.71,73512.14,73158.0,73498.0,1111.91354
2026-05-28 08:00:00,73498.0,73500.0,73193.13,73325.88,567.79073
2026-05-28 09:00:00,73325.88,73560.0,73261.6,73541.24,547.18862
2026-05-28 10:00:00,73541.25,73616.0,73349.91,73400.01,495.53335
2026-05-28 11:00:00,73400.01,73532.01,73319.36,73505.66,383.87102
2026-05-28 12:00:00,73505.65,73580.75,73245.56,73518.01,454.53291
2026-05-28 13:00:00,73518.01,73574.6,72771.64,73022.02,1277.58759
2026-05-28 14:00:00,73022.01,73573.21,72582.82,73033.06,2189.6201
2026-05-28 15:00:00,73033.06,73180.01,72700.0,72928.73,710.64433
2026-05-28 16:00:00,72928.73,73440.67,72741.4,73440.67,821.59668
2026-05-28 17:00:00,73440.66,73734.72,73316.31,73554.82,737.45631
2026-05-28 18:00:00,73554.81,73749.69,73514.57,73652.88,517.48323
2026-05-28 19:00:00,73652.87,73652.88,73381.81,73419.32,447.75042
2026-05-28 20:00:00,73419.31,73721.45,73241.48,73579.99,441.85746
2026-05-28 21:00:00,73580.0,73926.22,73560.45,73817.31,386.07817
2026-05-28 22:00:00,73817.31,73949.22,73448.55,73464.8,445.66881
2026-05-28 23:00:00,73464.8,73714.9,73464.79,73617.51,321.8063
2026-05-29 00:00:00,73617.52,73854.77,73617.51,73716.37,592.13944
2026-05-29 01:00:00,73716.37,73868.33,73463.52,73586.83,543.44041
2026-05-29 02:00:00,73586.83,73646.68,73189.11,73225.06,716.13416
2026-05-29 03:00:00,73225.07,73456.63,73225.07,73301.52,271.59006
2026-05-29 04:00:00,73301.53,73508.97,73210.21,73507.69,462.74907
2026-05-29 05:00:00,73507.68,73719.39,73500.0,73706.0,814.3098
2026-05-29 06:00:00,73706.0,73939.19,73641.05,73786.32,283.07172
2026-05-29 07:00:00,73786.32,73830.01,73373.37,73528.56,1081.6764
2026-05-29 08:00:00,73528.55,73835.58,73524.0,73653.4,690.03943
2026-05-29 09:00:00,73653.4,73902.85,73649.58,73744.96,506.90617
2026-05-29 10:00:00,73744.96,73749.53,73588.13,73634.64,583.75086
2026-05-29 11:00:00,73634.64,73700.41,73341.85,73487.98,417.09649
2026-05-29 12:00:00,73487.98,73487.98,73202.0,73295.73,419.42757
2026-05-29 13:00:00,73295.73,73346.04,72900.46,73135.7,883.40251
2026-05-29 14:00:00,73135.7,73198.17,72512.49,73096.85,1512.76179
2026-05-29 15:00:00,73096.84,74200.0,73008.98,73808.26,1809.3402
2026-05-29 16:00:00,73808.25,74124.73,73565.73,74056.5,1160.72957
2026-05-29 17:00:00,74056.49,74514.1,73925.33,73980.94,2917.46541
2026-05-29 18:00:00,73980.94,74065.29,73187.25,73374.52,1065.50146
2026-05-29 19:00:00,73374.51,73727.95,73239.36,73520.28,453.16949
2026-05-29 20:00:00,73520.29,73760.0,73514.0,73673.61,155.12213
2026-05-29 21:00:00,73673.62,73844.0,73408.8,73409.27,412.83689
2026-05-29 22:00:00,73409.27,73571.81,73379.79,73483.52,662.8477
2026-05-29 23:00:00,73483.51,73510.0,73320.0,73460.78,271.23268
2026-05-30 00:00:00,73460.78,73579.82,73408.62,73498.8,545.20652
2026-05-30 01:00:00,73498.8,73663.08,73472.8,73657.9,386.87772
2026-05-30 02:00:00,73657.9,73786.7,73613.85,73786.69,268.52358
2026-05-30 03:00:00,73786.7,73796.43,73524.01,73524.01,339.03494
2026-05-30 04:00:00,73524.01,73575.0,73216.0,73402.84,466.81865
2026-05-30 05:00:00,73402.85,73635.0,73346.85,73604.99,464.14797
2026-05-30 06:00:00,73604.99,73709.91,73530.0,73584.99,331.33867
2026-05-30 07:00:00,73584.99,73588.2,73486.0,73548.6,225.56478
2026-05-30 08:00:00,73548.6,73567.59,73500.02,73530.07,274.14087
2026-05-30 09:00:00,73530.07,73615.47,73503.07,73615.46,201.26346
2026-05-30 10:00:00,73615.46,73680.75,73592.57,73655.85,283.9706
2026-05-30 11:00:00,73655.85,73655.86,73564.62,73602.02,317.1037
2026-05-30 12:00:00,73602.01,73717.07,73594.4,73698.18,369.235
2026-05-30 13:00:00,73698.17,73837.06,73676.1,73829.31,249.39427
2026-05-30 14:00:00,73829.31,74100.0,73820.91,73929.11,565.07041
2026-05-30 15:00:00,73929.11,74042.88,73836.7,73930.14,301.39896
2026-05-30 16:00:00,73930.13,73985.84,73880.1,73934.99,193.46997
2026-05-30 17:00:00,73935.0,74047.26,73811.3,74020.07,308.74992
2026-05-30 18:00:00,74020.06,74143.76,73945.0,74043.38,188.56655
2026-05-30 19:00:00,74043.39,74072.0,73971.3,74016.65,145.42131
2026-05-30 20:00:00,74016.64,74016.65,73926.68,73979.84,104.9948
2026-05-30 21:00:00,73979.85,74054.0,73929.07,73981.99,224.4707
2026-05-30 22:00:00,73981.99,73982.0,73796.01,73883.3,391.66756
2026-05-30 23:00:00,73883.3,73995.98,73781.3,73884.38,368.97818
2026-05-31 00:00:00,73884.38,74041.72,73858.56,74038.2,241.35407
2026-05-31 01:00:00,74038.2,74275.66,74028.64,74058.01,363.47802
2026-05-31 02:00:00,74058.01,74243.94,73890.49,74090.84,304.8567
2026-05-31 03:00:00,74090.84,74226.78,74074.05,74150.64,189.87382
2026-05-31 04:00:00,74150.64,74221.33,74109.0,74178.4,194.38913
2026-05-31 05:00:00,74178.41,74207.2,74055.16,74055.98,231.70947
2026-05-31 06:00:00,74055.99,74109.39,73985.34,74054.87,141.21825
2026-05-31 07:00:00,74054.86,74054.87,73836.0,73871.24,302.07421
2026-05-31 08:00:00,73871.25,73980.0,73850.05,73937.61,348.32905
2026-05-31 09:00:00,73937.62,74024.0,73813.44,73841.79,323.04158
2026-05-31 10:00:00,73841.79,73900.0,73699.2,73900.0,400.29833
2026-05-31 11:00:00,73900.0,73972.0,73899.99,73937.79,178.9239
2026-05-31 12:00:00,73937.63,73995.88,73874.0,73920.0,222.22652
2026-05-31 13:00:00,73920.0,74023.99,73807.43,73872.8,178.44734
2026-05-31 14:00:00,73872.8,73872.8,73483.05,73602.17,681.72491
2026-05-31 15:00:00,73602.18,73775.79,73588.8,73655.21,266.93299
2026-05-31 16:00:00,73655.2,73730.0,73400.0,73526.14,319.75425
2026-05-31 17:00:00,73526.15,73734.0,73466.67,73709.44,195.46974
2026-05-31 18:00:00,73709.43,73713.34,73585.49,73603.69,214.37074
2026-05-31 19:00:00,73603.68,73649.93,73456.48,73563.42,255.80848
2026-05-31 20:00:00,73563.41,73760.0,73563.41,73739.66,381.5641
2026-05-31 21:00:00,73739.67,73924.0,73626.67,73892.52,391.01047
2026-05-31 22:00:00,73892.52,73997.56,73686.0,73944.62,284.29172
2026-05-31 23:00:00,73944.62,74198.0,73500.0,73674.39,375.30928
2026-06-01 00:00:00,73674.39,74092.0,73654.06,73885.0,366.4897
2026-06-01 01:00:00,73885.01,73916.01,73278.02,73292.92,464.54265
2026-06-01 02:00:00,73292.92,73892.52,73222.0,73790.0,506.50025
2026-06-01 03:00:00,73789.99,74019.58,73735.47,73769.06,460.44243
2026-06-01 04:00:00,73769.06,73841.37,73348.74,73536.01,335.64727
2026-06-01 05:00:00,73536.01,73541.48,73328.32,73350.0,404.19791
2026-06-01 06:00:00,73349.99,73368.0,72950.01,73135.74,740.28999
2026-06-01 07:00:00,73135.75,73203.85,72704.0,72818.0,833.64063
2026-06-01 08:00:00,72818.0,72921.38,72610.03,72902.65,751.49608
2026-06-01 09:00:00,72902.64,73095.64,72600.0,72880.0,2061.2162
2026-06-01 10:00:00,72880.0,72900.73,72592.27,72748.88,482.4874
2026-06-01 11:00:00,72748.88,72768.11,72290.0,72479.99,769.61036
2026-06-01 12:00:00,72480.0,72610.0,71902.98,72221.73,1854.73885
2026-06-01 13:00:00,72221.74,72243.52,71389.88,71711.89,3036.53496
2026-06-01 14:00:00,71711.89,71887.6,71363.43,71567.91,2060.71568
2026-06-01 15:00:00,71567.91,71677.55,71066.33,71129.62,1656.46415
2026-06-01 16:00:00,71129.62,71599.95,70686.68,71564.01,2820.57409
2026-06-01 17:00:00,71564.01,71800.73,71469.64,71646.01,999.45739
2026-06-01 18:00:00,71646.0,71687.28,71382.0,71498.64,667.35668
2026-06-01 19:00:00,71498.64,71666.0,71386.0,71595.24,432.84579
2026-06-01 20:00:00,71595.24,71690.0,71419.64,71446.0,273.2723
2026-06-01 21:00:00,71445.99,71449.98,70941.95,71038.01,573.85796
2026-06-01 22:00:00,71038.01,71460.0,70840.9,71408.0,770.63523
2026-06-01 23:00:00,71407.99,71583.29,71225.29,71408.9,598.07789
2026-06-02 00:00:00,71408.9,71408.9,71100.0,71289.23,677.70318
2026-06-02 01:00:00,71289.24,71372.0,70607.57,70652.47,1034.85247
2026-06-02 02:00:00,70652.47,70880.63,70111.0,70846.49,1320.1444
2026-06-02 03:00:00,70846.48,71041.04,70806.0,70953.69,492.94753
2026-06-02 04:00:00,70953.7,71048.0,70713.54,70810.0,489.36754
2026-06-02 05:00:00,70810.0,70847.66,70267.79,70268.96,832.11781
2026-06-02 06:00:00,70268.97,70442.0,69958.49,70106.31,1507.14949
2026-06-02 07:00:00,70106.31,70275.86,69733.0,70118.42,1388.79813
2026-06-02 08:00:00,70118.42,70172.0,69705.3,69821.99,944.6499
2026-06-02 09:00:00,69822.0,69849.0,69324.65,69426.01,1499.21853
2026-06-02 10:00:00,69426.01,69756.0,69336.98,69652.19,904.86792
2026-06-02 11:00:00,69652.18,69659.47,69397.83,69461.72,417.59402
2026-06-02 12:00:00,69461.73,69548.13,68989.61,69010.42,1382.26152
2026-06-02 13:00:00,69010.41,69180.0,68757.03,68811.91,1762.82906
2026-06-02 14:00:00,68809.93,68836.0,67617.85,68019.3,3845.79627
2026-06-02 15:00:00,68019.3,68094.6,67076.0,67304.28,2543.79469
2026-06-02 16:00:00,67304.29,68146.3,67228.45,67413.44,1789.92962
2026-06-02 17:00:00,67413.44,67837.53,67378.0,67492.34,905.8915
2026-06-02 18:00:00,67492.34,67661.7,67124.2,67341.99,926.14597
2026-06-02 19:00:00,67341.99,67498.0,66432.0,67315.14,2333.17121
2026-06-02 20:00:00,67315.14,67689.65,66911.2,67587.77,1637.61606
2026-06-02 21:00:00,67587.78,67923.24,67412.0,67566.01,765.53933
2026-06-02 22:00:00,67566.01,67566.01,66244.02,66385.2,1856.41667
2026-06-02 23:00:00,66385.2,66868.62,66193.0,66760.83,1599.39304
2026-06-03 00:00:00,66760.84,67204.15,66654.0,66938.01,1238.50805
2026-06-03 01:00:00,66938.01,67050.0,66472.65,66920.0,973.29949
2026-06-03 02:00:00,66920.0,66920.01,66586.17,66620.01,773.38787
2026-06-03 03:00:00,66620.0,66653.67,65426.34,65849.9,2891.72624
2026-06-03 04:00:00,65849.9,66623.44,65834.0,66465.98,1263.85794
2026-06-03 05:00:00,66465.99,67398.28,66465.99,67330.01,1773.95829
2026-06-03 06:00:00,67330.0,67516.0,66962.95,66983.27,1658.04956
2026-06-03 07:00:00,66983.27,67334.4,66872.01,67220.03,1003.46306
2026-06-03 08:00:00,67220.03,67264.34,66974.0,67028.0,1273.47385
2026-06-03 09:00:00,67028.01,67322.0,66656.48,67075.17,1438.06157
2026-06-03 10:00:00,67075.18,67476.69,67068.51,67294.52,639.46259
2026-06-03 11:00:00,67294.51,67366.82,67056.58,67067.37,489.69833
2026-06-03 12:00:00,67067.37,67163.82,66782.65,67078.72,856.74966
2026-06-03 13:00:00,67078.72,67244.62,66635.0,66906.01,1223.17247
2026-06-03 14:00:00,66906.0,66990.66,66643.96,66864.95,936.44379
2026-06-03 15:00:00,66864.95,66898.0,66076.0,66076.01,1521.34921
2026-06-03 16:00:00,66076.01,66373.18,65555.0,66061.83,1633.14277
2026-06-03 17:00:00,66061.83,66189.8,65704.8,65964.08,810.29365
2026-06-03 18:00:00,65964.08,66161.24,65744.01,66036.57,600.59221
2026-06-03 19:00:00,66036.56,66054.0,65251.0,65462.0,1198.70968
2026-06-03 20:00:00,65461.99,65614.74,64766.0,65007.27,1892.05101
2026-06-03 21:00:00,65007.27,65860.0,64960.87,65768.88,1254.10382
2026-06-03 22:00:00,65768.89,65841.23,64778.15,64912.98,974.52056
2026-06-03 23:00:00,64912.97,64979.99,64092.49,64142.75,1820.23083
2026-06-04 00:00:00,64142.75,64428.0,63000.0,63344.97,3512.79677
2026-06-04 01:00:00,63344.98,63500.0,62100.01,62178.1,4759.0413
2026-06-04 02:00:00,62178.1,63622.7,61383.56,63231.99,6283.29826
2026-06-04 03:00:00,63232.0,64540.3,63218.48,64363.49,2402.09774
2026-06-04 04:00:00,64363.49,64764.32,64265.73,64399.99,1421.62502
2026-06-04 05:00:00,64399.99,64400.0,63648.01,63955.47,1272.84935
2026-06-04 06:00:00,63955.48,64481.22,63892.0,64027.99,802.33437
2026-06-04 07:00:00,64027.99,64062.81,63492.89,63603.15,1503.87893
2026-06-04 08:00:00,63603.15,63904.63,63245.9,63629.99,1570.23316
2026-06-04 09:00:00,63629.99,63644.0,62703.33,63266.0,2329.3282
2026-06-04 10:00:00,63266.01,63276.0,62301.21,62420.0,3046.35677
2026-06-04 11:00:00,62420.01,62833.82,62205.0,62545.99,1649.57305
2026-06-04 12:00:00,62546.0,63966.48,62392.0,63766.82,1740.31399
2026-06-04 13:00:00,63766.82,64244.0,63068.41,64230.0,2087.69891
2026-06-04 14:00:00,64230.0,64494.92,63785.33,63958.97,1314.7717
2026-06-04 15:00:00,63958.97,64404.0,63691.7,63896.17,1043.20477
2026-06-04 16:00:00,63896.16,63920.0,63456.0,63563.51,778.5809
2026-06-04 17:00:00,63563.51,63722.0,62944.91,63540.97,1048.08269
2026-06-04 18:00:00,63540.96,64110.28,63149.76,63819.62,1198.01807
2026-06-04 19:00:00,63819.62,64163.93,63544.0,63629.38,699.04403
2026-06-04 20:00:00,63629.38,63653.2,63182.84,63638.4,753.64631
2026-06-04 21:00:00,63638.4,63876.0,63106.04,63286.21,982.36997
2026-06-04 22:00:00,63286.21,63772.0,63194.0,63735.43,816.54763
2026-06-04 23:00:00,63735.42,63918.0,63376.0,63885.99,561.48382
2026-06-05 00:00:00,63885.99,63978.0,63396.57,63426.72,799.55012
2026-06-05 01:00:00,63426.73,63566.0,63052.0,63374.67,974.10885
2026-06-05 02:00:00,63374.67,63436.0,62588.77,62617.72,1167.70132
2026-06-05 03:00:00,62617.72,62888.0,62339.0,62730.0,1221.6378
2026-06-05 04:00:00,62730.0,63646.0,62487.24,63615.23,1133.49083
2026-06-05 05:00:00,63615.22,63688.0,62278.0,62329.35,1503.31179
2026-06-05 06:00:00,62329.36,62634.53,61126.01,61946.57,5277.47749
2026-06-05 07:00:00,61946.57,63116.0,61378.38,63115.99,2819.14343
2026-06-05 08:00:00,63115.99,63120.98,62288.88,62454.64,1381.33567
2026-06-05 09:00:00,62454.64,63259.9,62442.0,62860.09,970.2531
2026-06-05 10:00:00,62860.09,62931.81,62375.0,62536.87,753.84533
2026-06-05 11:00:00,62536.87,62644.48,61964.98,61964.99,1191.72996
2026-06-05 12:00:00,61964.99,62457.86,61620.47,61959.73,1931.26312
2026-06-05 13:00:00,61959.72,62326.0,60732.35,60732.36,3644.72891
2026-06-05 14:00:00,60732.36,61227.98,60334.97,60868.97,4753.25938
2026-06-05 15:00:00,60868.98,61126.0,60000.0,60438.01,4471.76201
2026-06-05 16:00:00,60438.0,61547.24,59786.0,61394.39,5595.70288
2026-06-05 17:00:00,61394.38,61508.85,60660.0,60813.99,1735.74281
2026-06-05 18:00:00,60814.0,60950.0,59141.0,59395.99,3853.37743
2026-06-05 19:00:00,59396.0,60459.41,59130.91,60300.24,2562.76919
2026-06-05 20:00:00,60300.24,61787.01,59940.01,61620.01,2519.32621
2026-06-05 21:00:00,61620.01,62000.0,61444.2,61670.38,1754.60125
2026-06-05 22:00:00,61670.38,61966.0,61207.82,61584.49,1799.61028
2026-06-05 23:00:00,61584.49,61776.0,60518.0,61056.47,1211.55891
2026-06-06 00:00:00,61056.47,61530.05,61045.01,61273.29,769.28059
2026-06-06 01:00:00,61273.29,61380.0,60954.36,61058.95,701.07746
2026-06-06 02:00:00,61058.95,61176.0,60678.0,60951.64,778.33004
2026-06-06 03:00:00,60951.63,60966.86,60520.0,60687.04,696.39105
2026-06-06 04:00:00,60687.05,60866.0,59500.0,60101.27,2161.93035
2026-06-06 05:00:00,60101.28,61062.0,59621.22,60942.38,2141.23088
2026-06-06 06:00:00,60942.37,61276.95,60681.0,60786.96,2095.10137
2026-06-06 07:00:00,60786.96,61229.17,60733.14,61004.95,664.31126
2026-06-06 08:00:00,61004.95,61500.0,60884.0,61264.0,724.69988
2026-06-06 09:00:00,61264.0,61322.0,60875.55,60981.24,580.05282
2026-06-06 10:00:00,60981.24,60981.24,60198.0,60593.0,1404.76206
2026-06-06 11:00:00,60593.0,60968.0,60552.95,60802.91,764.0429
2026-06-06 12:00:00,60802.9,61185.26,60641.2,61030.63,669.86406
2026-06-06 13:00:00,61030.63,61100.0,60701.41,60801.2,565.41708
2026-06-06 14:00:00,60801.2,61016.0,60768.0,60791.05,409.85585
2026-06-06 15:00:00,60791.06,60929.2,60396.0,60784.0,646.3582
2026-06-06 16:00:00,60784.01,60971.24,60466.56,60774.0,524.00441
2026-06-06 17:00:00,60774.0,60844.0,60501.0,60576.2,599.85374
2026-06-06 18:00:00,60576.19,60754.74,60393.96,60637.21,975.00187
2026-06-06 19:00:00,60637.2,60786.0,60536.0,60600.01,348.13504
2026-06-06 20:00:00,60600.0,60756.0,60522.0,60711.69,328.01265
2026-06-06 21:00:00,60711.69,61000.0,60707.93,60751.21,311.33205
2026-06-06 22:00:00,60751.22,60818.0,60429.09,60543.53,374.15284
2026-06-06 23:00:00,60543.52,60942.75,60543.52,60884.62,562.39032
2026-06-07 00:00:00,60884.62,60987.99,60746.0,60782.01,680.4546
2026-06-07 01:00:00,60782.0,61664.13,60758.0,61479.75,1285.5692
2026-06-07 02:00:00,61479.75,61568.0,61184.0,61506.74,523.36778
2026-06-07 03:00:00,61506.73,61778.33,61416.1,61701.07,469.79753
2026-06-07 04:00:00,61701.06,61907.07,61482.46,61890.92,486.27163
2026-06-07 05:00:00,61890.92,62159.0,61647.0,61748.1,1139.66042
2026-06-07 06:00:00,61748.11,62272.0,61619.4,62101.0,1749.1221
2026-06-07 07:00:00,62101.01,62416.26,61983.46,62404.73,1528.1498
2026-06-07 08:00:00,62404.72,62960.0,62259.37,62855.01,2005.84536
2026-06-07 09:00:00,62855.0,62900.0,62374.63,62530.0,1248.753
2026-06-07 10:00:00,62530.0,62570.31,62298.39,62370.52,674.16526
2026-06-07 11:00:00,62370.53,62754.45,62359.44,62621.96,794.29873
2026-06-07 12:00:00,62621.97,62643.97,61577.12,61900.67,1957.0674
2026-06-07 13:00:00,61900.66,61907.64,61649.12,61700.13,1146.18923
2026-06-07 14:00:00,61700.14,62312.67,61696.98,61905.49,923.54392
2026-06-07 15:00:00,61905.49,62219.92,61674.51,62093.99,527.33835
2026-06-07 16:00:00,62093.99,62332.0,61966.0,62083.64,482.9603
2026-06-07 17:00:00,62083.64,62330.0,62046.62,62160.01,573.97699
2026-06-07 18:00:00,62160.01,62296.0,62022.0,62030.14,373.61361
2026-06-07 19:00:00,62030.15,62036.78,61184.0,61328.0,1046.65633
2026-06-07 20:00:00,61327.99,61962.47,61217.17,61878.01,569.10903
2026-06-07 21:00:00,61878.0,62017.71,61652.01,61778.41,374.19369
2026-06-07 22:00:00,61778.42,64234.68,61728.11,62865.87,4892.75492
2026-06-07 23:00:00,62865.87,63444.11,62803.42,63332.01,1159.24525
2026-06-08 00:00:00,63332.01,63863.06,63138.37,63631.42,1255.61981
2026-06-08 01:00:00,63631.43,63643.99,62720.86,63211.41,1129.10442
2026-06-08 02:00:00,63211.41,63260.0,62918.0,63129.93,502.88284
2026-06-08 03:00:00,63129.94,63458.0,62978.36,63130.12,427.85473
2026-06-08 04:00:00,63130.12,63171.1,62657.07,62684.61,553.63898
2026-06-08 05:00:00,62684.61,62825.27,62408.0,62764.0,674.10723
2026-06-08 06:00:00,62763.99,63144.0,62734.0,62988.03,629.53051
2026-06-08 07:00:00,62988.58,63350.0,62812.0,63283.99,976.9078
2026-06-08 08:00:00,63284.0,63284.0,62992.01,63132.83,490.75057
2026-06-08 09:00:00,63132.84,63577.86,63128.47,63502.0,706.93226
2026-06-08 10:00:00,63501.99,63568.19,63096.88,63172.3,982.6729
2026-06-08 11:00:00,63172.3,63873.08,63058.0,63479.61,1572.11873
2026-06-08 12:00:00,63479.62,63933.18,62718.3,63872.0,2589.09295
2026-06-08 13:00:00,63872.0,63943.56,63362.1,63758.0,1304.57724
2026-06-08 14:00:00,63758.0,64077.57,63560.68,63964.08,1937.84618
2026-06-08 15:00:00,63964.07,64200.0,63711.0,63774.48,2295.29096
2026-06-08 16:00:00,63774.48,64046.86,63472.0,63532.01,873.93622
2026-06-08 17:00:00,63532.01,63646.0,63268.01,63550.0,1044.76064
2026-06-08 18:00:00,63549.99,63690.0,63339.98,63466.83,414.77155
2026-06-08 19:00:00,63466.83,63596.0,63356.0,63372.01,379.67287
2026-06-08 20:00:00,63372.01,63485.49,63160.31,63485.49,793.95609
2026-06-08 21:00:00,63485.49,63850.0,63483.41,63728.96,413.19539
2026-06-08 22:00:00,63728.96,63728.96,63210.0,63440.01,571.04903
2026-06-08 23:00:00,63440.0,63594.0,62978.66,63085.99,533.11634
2026-06-09 00:00:00,63086.0,63184.0,62423.07,62562.0,1868.43384
2026-06-09 01:00:00,62562.0,62879.1,62546.62,62764.01,752.22836
2026-06-09 02:00:00,62764.0,62874.0,62544.11,62868.0,357.79841
2026-06-09 03:00:00,62867.99,62979.94,62702.0,62875.17,780.82683
2026-06-09 04:00:00,62875.18,63424.0,62748.0,63242.36,1115.32376
2026-06-09 05:00:00,63242.36,63526.01,63120.24,63338.68,946.88593
2026-06-09 06:00:00,63338.69,63506.0,63230.0,63300.0,975.96129
2026-06-09 07:00:00,63300.0,63443.6,63012.0,63198.44,669.83742
2026-06-09 08:00:00,63198.44,63208.86,62769.52,62849.75,844.01531
2026-06-09 09:00:00,62849.75,62944.43,62590.0,62715.37,709.2584
2026-06-09 10:00:00,62715.37,62835.37,62596.0,62786.01,503.06926
2026-06-09 11:00:00,62786.0,62818.0,62498.75,62711.12,472.29218
2026-06-09 12:00:00,62711.12,62895.18,62421.24,62645.15,693.6037
2026-06-09 13:00:00,62645.14,62738.0,62140.0,62273.61,1172.01624
2026-06-09 14:00:00,62273.62,62395.01,61148.07,61541.95,2741.42922
2026-06-09 15:00:00,61541.95,61706.86,61037.0,61131.84,1576.3984
2026-06-09 16:00:00,61131.85,61484.67,60780.0,61390.51,2117.17514
2026-06-09 17:00:00,61390.51,61889.0,61390.51,61692.01,925.52892
2026-06-09 18:00:00,61692.01,61964.0,61602.0,61792.01,528.51144
2026-06-09 19:00:00,61792.0,62103.39,61722.0,62098.09,436.3094
2026-06-09 20:00:00,62098.09,62272.0,61954.39,62160.0,406.81988
2026-06-09 21:00:00,62159.99,62176.86,61698.0,61761.2,425.20913
2026-06-09 22:00:00,61761.21,61976.0,61666.66,61717.5,276.69194
2026-06-09 23:00:00,61717.5,61878.0,61556.0,61730.0,340.59519
2026-06-10 00:00:00,61730.0,61930.0,61440.0,61923.16,538.2675
2026-06-10 01:00:00,61923.16,61974.7,61590.0,61714.0,336.41204
2026-06-10 02:00:00,61714.0,61837.67,61235.29,61302.36,512.06602
2026-06-10 03:00:00,61302.37,61594.0,61286.0,61549.64,334.76343
2026-06-10 04:00:00,61549.64,61560.0,61182.65,61295.99,306.03442
2026-06-10 05:00:00,61296.0,61400.01,61080.0,61361.17,464.90737
2026-06-10 06:00:00,61361.17,61521.99,61145.5,61472.89,511.66925
2026-06-10 07:00:00,61472.89,61813.34,61440.0,61687.56,937.80783
2026-06-10 08:00:00,61687.56,61736.0,61168.0,61261.55,739.92297
2026-06-10 09:00:00,61261.56,61421.46,60755.0,61334.94,906.84186
2026-06-10 10:00:00,61334.95,61456.0,61151.4,61386.09,340.43647
2026-06-10 11:00:00,61386.09,61430.0,60867.19,61034.04,826.04256
2026-06-10 12:00:00,61034.04,61950.0,60960.0,61564.01,1340.16125
2026-06-10 13:00:00,61564.0,62446.0,61444.87,62146.42,1199.64944
2026-06-10 14:00:00,62146.43,62258.01,61814.79,62195.99,902.47236
2026-06-10 15:00:00,62195.99,62857.99,61852.0,62639.23,1341.51604
2026-06-10 16:00:00,62639.23,62646.0,61930.0,62219.33,748.11357
2026-06-10 17:00:00,62219.33,62360.0,61654.54,61969.99,885.28682
2026-06-10 18:00:00,61969.99,62162.9,61588.8,61882.0,641.1773
2026-06-10 19:00:00,61881.99,62062.98,61673.79,61942.44,400.79146
2026-06-10 20:00:00,61942.45,61949.21,61688.0,61805.51,307.34434
2026-06-10 21:00:00,61805.5,61805.51,61179.19,61356.18,571.34637
2026-06-10 22:00:00,61356.18,61574.0,61104.24,61381.46,578.03926
2026-06-10 23:00:00,61381.46,61604.0,61166.0,61510.99,327.64659
2026-06-11 00:00:00,61510.99,61974.7,61510.99,61812.0,597.44488
2026-06-11 01:00:00,61812.0,62378.0,61812.0,62206.01,839.43174
2026-06-11 02:00:00,62206.01,62304.0,61944.19,62148.0,429.18601
2026-06-11 03:00:00,62148.01,62848.0,62012.0,62689.48,986.08995
2026-06-11 04:00:00,62689.47,62854.0,62546.34,62726.86,589.32674
2026-06-11 05:00:00,62726.85,62726.86,62556.84,62610.0,295.46093
2026-06-11 06:00:00,62610.0,62997.53,62544.89,62772.0,1198.75098
2026-06-11 07:00:00,62772.01,62842.92,62612.01,62719.39,399.47563
2026-06-11 08:00:00,62719.39,63050.0,62719.38,62957.99,546.92925
2026-06-11 09:00:00,62958.0,62989.97,62790.0,62927.49,401.22464
2026-06-11 10:00:00,62927.49,63214.97,62789.62,63148.0,666.36315
2026-06-11 11:00:00,63148.0,63257.21,63040.01,63108.0,563.58106
2026-06-11 12:00:00,63108.01,63190.0,62500.0,63010.01,1835.01045
2026-06-11 13:00:00,63010.0,63239.43,62677.84,63077.57,1087.23984
2026-06-11 14:00:00,63077.71,63100.0,62732.6,62734.02,782.87001
2026-06-11 15:00:00,62734.02,62887.88,62518.1,62749.44,633.18968
2026-06-11 16:00:00,62749.44,62842.0,62548.79,62582.45,564.46406
2026-06-11 17:00:00,62582.45,63655.83,62348.0,63644.19,1821.97042
2026-06-11 18:00:00,63644.18,63788.0,63324.35,63461.12,793.20489
2026-06-11 19:00:00,63461.12,63933.02,63390.0,63605.68,946.18552
2026-06-11 20:00:00,63605.69,63663.4,63270.0,63393.67,556.54606
2026-06-11 21:00:00,63393.67,63599.99,63393.66,63519.99,269.29173
2026-06-11 22:00:00,63519.99,63670.0,63462.0,63500.01,226.24918
2026-06-11 23:00:00,63500.0,63700.0,63362.0,63625.99,351.45962
2026-06-12 00:00:00,63626.0,63810.01,63520.86,63648.8,1229.6005
2026-06-12 01:00:00,63648.8,63648.8,63301.53,63426.2,745.50942
2026-06-12 02:00:00,63426.21,63779.11,63426.2,63624.07,398.45121
2026-06-12 03:00:00,63624.07,63649.99,63357.7,63524.82,280.54894
2026-06-12 04:00:00,63524.81,63863.98,63426.48,63700.0,742.01132
2026-06-12 05:00:00,63700.0,63721.31,63310.0,63358.2,603.70673
2026-06-12 06:00:00,63358.2,63411.5,62829.81,62980.45,1027.41759
2026-06-12 07:00:00,62980.46,63211.74,62956.0,63100.8,852.55681
2026-06-12 08:00:00,63100.8,63615.84,63100.8,63470.81,600.81984
2026-06-12 09:00:00,63470.81,63953.84,63438.0,63752.93,524.52211
2026-06-12 10:00:00,63752.93,63852.0,63588.34,63702.01,872.53513
2026-06-12 11:00:00,63702.01,63884.49,63684.44,63766.01,380.80932
2026-06-12 12:00:00,63766.01,63775.0,63378.0,63465.51,515.59574
2026-06-12 13:00:00,63465.52,63532.59,63045.29,63229.1,851.49099
2026-06-12 14:00:00,63229.1,64000.0,63190.0,63999.99,1065.08825
2026-06-12 15:00:00,63999.99,64394.44,63551.9,63593.02,1669.96199
2026-06-12 16:00:00,63593.02,63996.0,63510.16,63982.48,776.01025
2026-06-12 17:00:00,63982.48,64111.1,63745.99,63865.44,456.29271
2026-06-12 18:00:00,63865.45,63934.34,63686.0,63694.0,561.84193
2026-06-12 19:00:00,63694.01,63830.93,63589.27,63589.27,462.65176
2026-06-12 20:00:00,63589.28,63696.41,63400.0,63449.0,328.72463
2026-06-12 21:00:00,63449.01,63624.62,63440.01,63472.0,330.50626
2026-06-12 22:00:00,63471.99,63658.0,63471.99,63502.0,711.15075
2026-06-12 23:00:00,63502.0,63580.01,63426.83,63580.01,409.24822
2026-06-13 00:00:00,63580.0,63652.11,63507.39,63600.01,578.94188
2026-06-13 01:00:00,63600.01,63840.0,63600.01,63837.89,509.63359
2026-06-13 02:00:00,63837.88,63837.89,63558.0,63646.01,450.79285
2026-06-13 03:00:00,63646.01,63720.88,63418.66,63532.0,268.55023
2026-06-13 04:00:00,63532.0,63663.91,63484.0,63512.01,144.15296
2026-06-13 05:00:00,63512.01,63596.0,63493.16,63584.03,658.62782
2026-06-13 06:00:00,63584.03,63740.0,63550.51,63735.74,299.54013
2026-06-13 07:00:00,63736.0,63883.47,63674.98,63846.0,436.97737
2026-06-13 08:00:00,63845.99,63910.0,63766.18,63806.0,227.43934
2026-06-13 09:00:00,63806.0,63867.65,63742.57,63743.12,301.95833
2026-06-13 10:00:00,63743.13,63908.48,63726.57,63843.01,188.76787
2026-06-13 11:00:00,63843.01,63984.53,63843.01,63971.28,479.05156
2026-06-13 12:00:00,63971.28,64214.0,63921.33,64133.12,878.04841
2026-06-13 13:00:00,64133.12,64245.88,64060.0,64102.69,499.73169
2026-06-13 14:00:00,64102.61,64233.73,64090.09,64220.97,206.46033
2026-06-13 15:00:00,64220.96,64350.0,64186.97,64296.15,584.92205
2026-06-13 16:00:00,64296.15,64307.52,63920.05,64029.17,720.7481
2026-06-13 17:00:00,64029.17,64120.0,63944.0,63971.19,301.75645
2026-06-13 18:00:00,63971.2,64282.19,63971.19,64161.46,278.72154
2026-06-13 19:00:00,64161.46,64333.62,64152.0,64296.59,308.7181
2026-06-13 20:00:00,64296.59,64296.6,64226.83,64278.31,179.3189
2026-06-13 21:00:00,64278.31,64762.77,64226.38,64471.04,552.39519
2026-06-13 22:00:00,64471.04,64556.0,64383.61,64456.47,316.2712
2026-06-13 23:00:00,64456.46,64596.99,64382.42,64458.01,589.21574
2026-06-14 00:00:00,64458.01,64579.03,64380.7,64565.0,595.05205
2026-06-14 01:00:00,64565.01,64710.0,64507.25,64563.0,821.19702
2026-06-14 02:00:00,64563.0,64636.0,64476.01,64490.01,260.23317
2026-06-14 03:00:00,64490.01,64545.4,64466.0,64545.3,155.67419
2026-06-14 04:00:00,64545.3,64563.48,64325.61,64339.07,253.74802
2026-06-14 05:00:00,64339.07,64411.2,64293.41,64338.0,429.46847
2026-06-14 06:00:00,64338.0,64487.8,64232.12,64286.1,839.75348
2026-06-14 07:00:00,64286.1,64445.95,64214.0,64429.39,256.82492
2026-06-14 08:00:00,64429.39,64513.82,64392.0,64456.33,192.66954
2026-06-14 09:00:00,64456.33,64617.99,64321.18,64616.0,237.3813
2026-06-14 10:00:00,64616.0,64664.0,64498.01,64521.13,184.13016
2026-06-14 11:00:00,64521.13,64641.9,64460.0,64546.0,228.11339
2026-06-14 12:00:00,64546.01,64560.66,64295.06,64327.53,334.09454
2026-06-14 13:00:00,64327.54,64398.14,64244.0,64317.99,308.61157
2026-06-14 14:00:00,64318.0,64341.43,63866.66,63983.55,781.47067
2026-06-14 15:00:00,63983.56,64153.75,63980.35,64025.07,366.74561
2026-06-14 16:00:00,64025.06,64208.92,63936.0,63942.63,256.58722
2026-06-14 17:00:00,63942.63,64019.38,63694.11,63732.64,617.57994
2026-06-14 18:00:00,63732.65,63813.3,63678.83,63813.3,258.88821
2026-06-14 19:00:00,63813.3,63861.86,63734.71,63802.0,107.594
2026-06-14 20:00:00,63801.99,64092.4,63794.09,64008.64,243.2036
2026-06-14 21:00:00,64008.64,65666.0,64007.24,65311.59,2955.01268
2026-06-14 22:00:00,65311.59,65580.0,64946.12,65426.78,1554.15469
2026-06-14 23:00:00,65426.78,65800.0,65256.21,65746.45,964.84531
2026-06-15 00:00:00,65746.45,65923.0,65480.69,65625.99,1043.52596
2026-06-15 01:00:00,65626.0,65734.87,65354.0,65525.0,855.38843
2026-06-15 02:00:00,65525.01,65775.15,65415.02,65472.01,587.73145
2026-06-15 03:00:00,65472.01,65995.0,65422.83,65927.1,767.65798
2026-06-15 04:00:00,65927.11,65927.11,65633.28,65644.01,564.25779
2026-06-15 05:00:00,65644.0,65872.0,65611.01,65858.01,477.26671
2026-06-15 06:00:00,65858.0,65967.27,65775.45,65812.01,365.24859
2026-06-15 07:00:00,65812.01,66000.0,65628.45,65674.76,574.31747
2026-06-15 08:00:00,65674.76,65800.0,65620.0,65662.01,363.0048
2026-06-15 09:00:00,65662.0,65779.5,65512.0,65596.86,344.30264
2026-06-15 10:00:00,65596.86,65973.15,65584.37,65917.37,544.78922
2026-06-15 11:00:00,65917.37,66385.12,65832.78,66233.9,1293.72734
2026-06-15 12:00:00,66233.89,66600.91,66106.0,66563.49,987.26981
2026-06-15 13:00:00,66563.48,66949.22,66412.0,66447.05,1919.26303
2026-06-15 14:00:00,66447.06,66675.83,66251.58,66591.55,940.8464
2026-06-15 15:00:00,66591.54,67292.15,66580.42,67292.14,1466.9579
2026-06-15 16:00:00,67292.15,67292.15,67088.83,67157.99,1096.95936
2026-06-15 17:00:00,67158.0,67158.0,66585.26,66851.79,1340.24388
2026-06-15 18:00:00,66851.8,66933.86,66715.61,66766.12,590.69175
2026-06-15 19:00:00,66766.13,66889.85,66348.0,66614.35,780.39583
2026-06-15 20:00:00,66615.98,66681.3,66489.86,66519.98,339.47285
2026-06-15 21:00:00,66519.99,66567.38,66314.34,66368.15,347.81382
2026-06-15 22:00:00,66368.15,66476.64,66076.56,66206.34,520.15584
2026-06-15 23:00:00,66206.34,66368.0,66116.59,66328.74,448.51217
2026-06-16 00:00:00,66328.74,66463.26,66242.0,66250.0,457.62239
2026-06-16 01:00:00,66250.0,66418.01,66248.93,66346.52,456.63949
2026-06-16 02:00:00,66346.51,66367.69,65678.14,65741.99,964.73227
2026-06-16 03:00:00,65742.0,66166.61,65650.0,66165.21,802.10485
2026-06-16 04:00:00,66165.21,66301.83,65802.0,65840.09,694.50218
2026-06-16 05:00:00,65840.1,66150.22,65840.09,66045.0,739.41945
2026-06-16 06:00:00,66044.99,66572.99,66044.99,66446.0,556.56171
2026-06-16 07:00:00,66446.01,66527.23,66300.1,66372.0,385.79165
2026-06-16 08:00:00,66372.0,66992.0,66345.06,66899.61,688.96018
2026-06-16 09:00:00,66899.61,66923.99,66474.74,66510.0,600.75927
2026-06-16 10:00:00,66510.01,66778.0,66486.38,66514.0,387.22813
2026-06-16 11:00:00,66514.01,66643.23,66368.36,66481.73,467.239
2026-06-16 12:00:00,66481.73,66818.0,66368.0,66429.83,562.31913
2026-06-16 13:00:00,66429.84,66463.13,65928.16,66052.0,1347.85119
2026-06-16 14:00:00,66052.01,66265.8,65360.92,65654.9,1491.76291
2026-06-16 15:00:00,65654.9,65999.78,65614.3,65859.76,788.81576
2026-06-16 16:00:00,65859.76,65953.97,65706.0,65758.07,338.72091
2026-06-16 17:00:00,65758.07,66011.47,65710.34,65978.79,383.38742
2026-06-16 18:00:00,65978.78,66248.69,65802.0,65847.99,522.72648
2026-06-16 19:00:00,65848.0,65848.0,65560.0,65675.88,617.37667
2026-06-16 20:00:00,65675.89,65865.92,65592.0,65854.0,261.11445
2026-06-16 21:00:00,65854.0,65938.0,65654.9,65776.97,351.42219
2026-06-16 22:00:00,65776.97,65882.0,65680.0,65780.0,228.62751
2026-06-16 23:00:00,65780.01,65834.19,65626.9,65675.01,206.37282
2026-06-17 00:00:00,65675.02,65848.0,65675.02,65700.0,332.30374
2026-06-17 01:00:00,65700.0,65956.56,65477.5,65940.0,549.42502
2026-06-17 02:00:00,65940.0,66200.0,65788.0,65904.0,974.93815
2026-06-17 03:00:00,65903.99,65904.0,65703.45,65851.99,563.57309
2026-06-17 04:00:00,65852.0,66048.19,65788.31,65892.0,473.33682
2026-06-17 05:00:00,65892.01,65978.0,65746.51,65836.3,536.04504
2026-06-17 06:00:00,65836.3,65896.45,65582.63,65624.0,378.80773
2026-06-17 07:00:00,65624.01,65710.0,65251.0,65539.5,697.28548
2026-06-17 08:00:00,65539.51,65574.0,64833.07,64926.02,992.25057
2026-06-17 09:00:00,64926.02,65076.76,64842.01,64909.44,859.97592
2026-06-17 10:00:00,64909.44,64993.97,64768.0,64798.0,597.7384
2026-06-17 11:00:00,64798.0,64868.21,64565.0,64810.01,641.24645
2026-06-17 12:00:00,64810.01,65108.0,64590.53,65040.88,557.73466
2026-06-17 13:00:00,65040.88,65369.53,64850.0,65278.0,961.56723
2026-06-17 14:00:00,65278.0,65461.38,64772.72,65101.45,799.61288
2026-06-17 15:00:00,65101.45,65855.66,64987.74,65752.0,1172.17515
2026-06-17 16:00:00,65751.99,66445.93,65722.0,65864.12,1421.90632
2026-06-17 17:00:00,65864.13,66191.98,65800.0,66104.08,377.59846
2026-06-17 18:00:00,66107.99,66107.99,64800.0,65516.0,2242.57142
2026-06-17 19:00:00,65516.0,65666.0,63998.35,64301.85,2173.5643
2026-06-17 20:00:00,64301.85,64488.96,64181.33,64434.36,504.85432
2026-06-17 21:00:00,64434.36,64452.0,64142.0,64257.77,458.08471
2026-06-17 22:00:00,64257.77,64434.84,63915.77,64300.01,492.23769
2026-06-17 23:00:00,64300.01,64529.2,64248.0,64509.4,289.82054
2026-06-18 00:00:00,64509.4,64702.0,64457.67,64468.01,396.7915
2026-06-18 01:00:00,64468.01,64806.0,64466.3,64548.74,382.95414
2026-06-18 02:00:00,64548.75,64776.66,64488.0,64689.5,323.93999
2026-06-18 03:00:00,64689.5,64689.5,64267.86,64282.82,548.57792
2026-06-18 04:00:00,64282.82,64347.09,63826.93,63883.41,831.20199
2026-06-18 05:00:00,63883.26,64020.0,63696.29,63994.0,597.91477
2026-06-18 06:00:00,63994.0,64134.33,63850.0,64083.41,767.55142
2026-06-18 07:00:00,64084.0,64510.5,64015.42,64510.44,524.85633
2026-06-18 08:00:00,64510.45,64646.75,64378.25,64399.92,714.20438
2026-06-18 09:00:00,64399.93,64478.0,64196.14,64199.53,300.31875
2026-06-18 10:00:00,64199.53,64223.79,63910.0,64078.61,445.57306
2026-06-18 11:00:00,64078.61,64196.0,63878.14,63974.4,378.00473
2026-06-18 12:00:00,63974.4,64402.01,63922.0,64378.07,417.60478
2026-06-18 13:00:00,64378.06,64445.19,63800.0,63984.0,984.80789
2026-06-18 14:00:00,63983.99,64203.66,63587.3,63816.61,998.41474
2026-06-18 15:00:00,63816.61,63825.99,62293.76,62369.44,2793.66043
2026-06-18 16:00:00,62369.43,62814.0,62349.42,62688.0,1271.71361
2026-06-18 17:00:00,62688.0,62750.0,62272.07,62606.0,1003.68212
2026-06-18 18:00:00,62606.0,62959.75,62580.01,62708.92,727.06223
2026-06-18 19:00:00,62708.93,63008.33,62636.0,62950.79,577.63764
2026-06-18 20:00:00,62950.79,63274.19,62950.79,63086.0,684.93429
2026-06-18 21:00:00,63086.0,63121.81,62870.39,62971.32,466.34172
2026-06-18 22:00:00,62971.32,62990.0,62742.0,62885.85,290.36064
2026-06-18 23:00:00,62885.84,62985.12,62756.6,62958.01,507.48754
2026-06-19 00:00:00,62958.01,63086.0,62840.0,63020.0,786.22825
2026-06-19 01:00:00,63020.0,63100.0,62852.01,63021.86,542.43308
2026-06-19 02:00:00,63021.86,63110.29,62893.71,63006.0,304.818
2026-06-19 03:00:00,63006.01,63029.64,62386.9,62773.51,835.4402
2026-06-19 04:00:00,62773.52,62916.66,62409.55,62452.01,390.96231
2026-06-19 05:00:00,62452.01,62744.92,62452.0,62739.2,361.83315
2026-06-19 06:00:00,62739.2,62914.73,62728.0,62894.08,252.94439
2026-06-19 07:00:00,62894.09,62917.32,62504.27,62629.99,636.21109
2026-06-19 08:00:00,62630.0,62782.0,62533.33,62603.99,431.84041
2026-06-19 09:00:00,62604.0,62654.0,62316.44,62390.0,921.6732
2026-06-19 10:00:00,62390.01,62587.27,62383.76,62533.25,761.99981
2026-06-19 11:00:00,62533.24,62684.0,62452.52,62626.0,1001.15104
2026-06-19 12:00:00,62626.0,62872.99,62353.0,62830.01,630.52118
2026-06-19 13:00:00,62830.01,63415.0,62666.0,63210.0,1078.35943
2026-06-19 14:00:00,63210.0,63419.27,63010.0,63203.53,665.42698
2026-06-19 15:00:00,63203.54,63283.86,63019.26,63214.01,527.206
2026-06-19 16:00:00,63214.01,63387.8,62918.98,62971.99,1021.4111
2026-06-19 17:00:00,62972.0,63263.49,62866.99,63198.01,840.75861
2026-06-19 18:00:00,63198.0,63201.95,62991.37,63110.01,341.96414
2026-06-19 19:00:00,63110.01,63140.0,62942.0,63021.6,283.46164
2026-06-19 20:00:00,63021.6,63274.0,62958.59,63250.01,217.92541
2026-06-19 21:00:00,63250.01,63275.64,63060.0,63075.98,181.69443
2026-06-19 22:00:00,63075.99,63369.48,63048.0,63315.28,541.93138
2026-06-19 23:00:00,63315.29,63666.0,63276.0,63543.91,689.22877
2026-06-20 00:00:00,63543.9,63777.0,63470.0,63530.01,640.14667
2026-06-20 01:00:00,63530.01,63616.23,63404.0,63586.28,348.64849
2026-06-20 02:00:00,63586.27,63586.27,63336.01,63340.57,358.87789
2026-06-20 03:00:00,63340.58,63510.0,63320.14,63476.79,268.88477
2026-06-20 04:00:00,63476.79,63613.59,63402.0,63583.53,228.62975
2026-06-20 05:00:00,63583.53,63907.07,63543.46,63678.07,477.24749
2026-06-20 06:00:00,63678.07,63761.99,63640.36,63744.61,191.88822
2026-06-20 07:00:00,63744.61,63800.0,63594.37,63655.21,448.4829
2026-06-20 08:00:00,63655.21,63664.39,63392.41,63417.97,547.04803
2026-06-20 09:00:00,63417.98,63787.74,63417.98,63741.16,349.02093
2026-06-20 10:00:00,63741.16,63777.5,63592.44,63674.7,270.1692
2026-06-20 11:00:00,63674.71,63798.76,63620.74,63688.0,315.13807
2026-06-20 12:00:00,63688.0,63785.76,63537.99,63655.09,292.10361
2026-06-20 13:00:00,63655.1,63655.1,63278.0,63397.78,412.69589
2026-06-20 14:00:00,63397.77,64150.0,63184.21,63949.9,1101.98952
2026-06-20 15:00:00,63949.9,64388.0,63836.0,64160.04,916.57166
2026-06-20 16:00:00,64160.04,64167.26,63902.58,64034.31,403.42996
2026-06-20 17:00:00,64034.31,64041.07,63730.21,63834.7,482.18112
2026-06-20 18:00:00,63834.7,63928.4,63788.0,63805.89,119.99479
2026-06-20 19:00:00,63805.9,63968.0,63798.0,63936.0,173.41555
2026-06-20 20:00:00,63935.99,63981.09,63853.31,63925.99,210.00109
2026-06-20 21:00:00,63926.0,64092.91,63918.29,64012.4,272.00511
2026-06-20 22:00:00,64012.39,64350.0,63978.12,64272.01,446.43904
2026-06-20 23:00:00,64272.0,64336.91,64250.02,64298.01,247.09349
2026-06-21 00:00:00,64298.01,64322.91,64237.31,64294.0,425.19081
2026-06-21 01:00:00,64294.0,64323.68,64206.17,64248.0,486.06931
2026-06-21 02:00:00,64248.0,64275.12,64216.05,64241.25,230.0633
2026-06-21 03:00:00,64241.26,64472.99,64234.0,64426.0,409.22163
2026-06-21 04:00:00,64426.0,64588.0,64269.45,64276.12,379.39058
2026-06-21 05:00:00,64276.12,64365.43,64225.6,64256.55,166.55047
2026-06-21 06:00:00,64256.56,64323.99,64200.0,64303.46,142.55901
2026-06-21 07:00:00,64303.47,64303.47,64173.08,64191.07,302.97907
2026-06-21 08:00:00,64191.06,64228.0,63900.17,64014.0,328.07237
2026-06-21 09:00:00,64014.0,64246.0,63961.28,64209.16,221.03822
2026-06-21 10:00:00,64209.16,64408.0,64204.0,64365.99,286.23088
2026-06-21 11:00:00,64366.0,64483.95,64112.01,64176.0,438.27788
2026-06-21 12:00:00,64176.0,64235.13,63952.0,64200.0,359.32606
2026-06-21 13:00:00,64200.0,64200.0,64020.01,64146.0,161.65202
2026-06-21 14:00:00,64146.0,64154.0,64004.0,64145.97,189.32902
2026-06-21 15:00:00,64145.97,64355.88,64120.0,64224.0,390.79222
2026-06-21 16:00:00,64224.0,64254.38,64046.0,64145.31,236.79134
2026-06-21 17:00:00,64145.32,64221.44,64080.0,64151.46,205.04149
2026-06-21 18:00:00,64151.47,64240.0,63933.47,64213.81,270.92869
2026-06-21 19:00:00,64213.82,64298.84,64168.73,64207.12,189.28721
2026-06-21 20:00:00,64207.13,64271.21,63700.0,63848.0,420.72845
2026-06-21 21:00:00,63848.0,63969.59,63510.0,63808.01,752.88497
2026-06-21 22:00:00,63808.0,63864.0,63575.04,63801.59,437.50041
2026-06-21 23:00:00,63801.6,63801.6,63270.0,63311.99,604.75792
2026-06-22 00:00:00,63312.0,64094.0,63312.0,63896.01,709.82748
2026-06-22 01:00:00,63896.0,64823.52,63850.8,64606.0,1331.90666
2026-06-22 02:00:00,64606.0,64663.99,64250.0,64257.99,370.38632
2026-06-22 03:00:00,64258.0,64459.44,63894.98,63974.01,796.48727
2026-06-22 04:00:00,63974.01,64116.44,63868.41,64100.02,327.45142
2026-06-22 05:00:00,64100.01,64344.17,64088.64,64247.74,1091.63692
2026-06-22 06:00:00,64247.74,64326.0,63946.0,63989.95,416.9007
2026-06-22 07:00:00,63989.96,64397.57,63968.23,64211.19,352.4108
2026-06-22 08:00:00,64211.2,64350.58,64044.0,64165.99,368.11506
2026-06-22 09:00:00,64166.0,64256.2,64052.17,64145.39,200.06309
2026-06-22 10:00:00,64145.4,64272.0,64065.18,64139.21,240.0862
2026-06-22 11:00:00,64139.21,64768.46,64097.08,64657.22,1063.60877
2026-06-22 12:00:00,64657.22,65222.45,64579.08,65149.57,1156.05989
2026-06-22 13:00:00,65149.58,65589.76,64945.53,65578.0,1368.64481
2026-06-22 14:00:00,65577.99,65622.83,64835.0,64980.39,1096.28772
2026-06-22 15:00:00,64980.39,65146.0,64757.11,64836.95,593.12998
2026-06-22 16:00:00,64836.95,64862.0,64519.0,64719.77,680.43904
2026-06-22 17:00:00,64719.77,64769.98,64388.16,64602.0,523.74444
2026-06-22 18:00:00,64602.0,64730.15,64311.0,64334.01,548.78709
2026-06-22 19:00:00,64334.01,64499.28,64276.0,64472.0,579.92511
2026-06-22 20:00:00,64472.51,64659.43,64356.95,64433.8,399.51938
2026-06-22 21:00:00,64433.8,64480.0,64134.39,64320.57,263.4342
2026-06-22 22:00:00,64320.57,64396.45,63804.59,63971.12,510.07647
2026-06-22 23:00:00,63971.13,64053.33,63877.61,64020.01,434.17969
2026-06-23 00:00:00,64020.01,64162.02,63828.93,64154.99,679.20038
2026-06-23 01:00:00,64154.99,64273.09,63893.33,64156.0,540.18098
2026-06-23 02:00:00,64156.0,64275.38,64042.01,64204.01,319.7542
2026-06-23 03:00:00,64204.01,64204.01,63968.42,64065.35,236.76285
2026-06-23 04:00:00,64065.34,64095.55,63612.62,63623.02,408.1299
2026-06-23 05:00:00,63623.03,63728.0,63342.34,63400.0,850.99416
2026-06-23 06:00:00,63400.0,63400.0,62568.9,62936.01,1620.65692
2026-06-23 07:00:00,62936.01,63095.0,62872.0,62886.03,1074.96381
2026-06-23 08:00:00,62886.04,62945.08,61938.0,62385.99,4988.90507
2026-06-23 09:00:00,62386.0,62528.13,62350.44,62386.0,613.23414
2026-06-23 10:00:00,62386.0,62586.0,62247.2,62328.01,387.47153
2026-06-23 11:00:00,62328.01,62643.99,62328.0,62507.06,456.80185
2026-06-23 12:00:00,62507.05,62558.0,62189.42,62256.6,873.94501
2026-06-23 13:00:00,62256.61,62538.72,61960.0,62475.99,1294.09387
2026-06-23 14:00:00,62476.0,62855.98,62406.25,62493.63,1302.27666
2026-06-23 15:00:00,62493.63,62507.99,62198.0,62487.79,630.16435
2026-06-23 16:00:00,62487.79,62846.0,62428.01,62558.0,728.22737
2026-06-23 17:00:00,62558.0,62693.48,62327.95,62358.02,533.28034
2026-06-23 18:00:00,62358.03,62445.21,62104.7,62241.99,492.79838
2026-06-23 19:00:00,62242.0,62480.0,62230.0,62388.49,707.45732
2026-06-23 20:00:00,62388.49,62531.27,62380.25,62470.7,373.02429
2026-06-23 21:00:00,62470.7,62658.93,62470.7,62599.77,367.76027
2026-06-23 22:00:00,62599.77,62779.82,62526.0,62590.0,430.92568
2026-06-23 23:00:00,62590.0,62799.99,62480.39,62734.57,311.98359
2026-06-24 00:00:00,62734.57,63024.4,62733.29,63014.0,799.18478
2026-06-24 01:00:00,63014.0,63119.45,62772.15,62932.19,599.06927
2026-06-24 02:00:00,62932.19,63013.12,62606.09,62630.0,593.50541
2026-06-24 03:00:00,62630.01,62830.0,62461.87,62729.78,770.64134
2026-06-24 04:00:00,62729.78,62799.62,62525.49,62744.42,650.06924
2026-06-24 05:00:00,62744.41,63073.44,62706.0,62890.0,366.0273
2026-06-24 06:00:00,62889.99,62909.98,62728.73,62780.0,219.5109
2026-06-24 07:00:00,62780.01,62844.0,62610.11,62657.99,589.75592
2026-06-24 08:00:00,62658.0,62807.46,62605.28,62800.0,475.30761
2026-06-24 09:00:00,62800.0,62800.01,62637.08,62681.7,493.71643
2026-06-24 10:00:00,62681.7,62681.7,62412.05,62445.99,530.71886
2026-06-24 11:00:00,62445.99,63239.06,62318.88,62921.19,815.18681
2026-06-24 12:00:00,62921.19,62973.2,62585.2,62618.31,517.25346
2026-06-24 13:00:00,62618.31,62628.75,61255.74,61338.01,2775.24015
2026-06-24 14:00:00,61338.0,61456.0,60888.0,61113.1,2839.40106
2026-06-24 15:00:00,61113.1,61150.13,60249.82,60250.0,3237.99155
2026-06-24 16:00:00,60250.0,60678.1,59622.0,59850.0,4274.39737
2026-06-24 17:00:00,59850.0,60057.18,59102.7,59404.0,3790.1806
2026-06-24 18:00:00,59404.0,59930.0,59310.85,59599.99,1583.51728
2026-06-24 19:00:00,59600.0,60000.0,59530.0,59958.3,1195.52715
2026-06-24 20:00:00,59958.3,61208.48,59854.0,60956.0,1821.39287
2026-06-24 21:00:00,60956.0,61144.63,60665.75,61110.0,801.00882
2026-06-24 22:00:00,61109.99,61276.0,60802.66,60873.99,523.65642
2026-06-24 23:00:00,60874.0,61112.0,60830.01,61077.99,416.02483
2026-06-25 00:00:00,61078.0,61163.16,60726.77,60832.0,766.62145
2026-06-25 01:00:00,60832.0,60988.0,60720.23,60928.0,615.84376
2026-06-25 02:00:00,60928.0,60966.0,60700.01,60799.08,580.03112
2026-06-25 03:00:00,60799.08,60910.63,60684.94,60883.65,479.47033
2026-06-25 04:00:00,60883.66,61410.0,60792.0,61357.63,536.03927
2026-06-25 05:00:00,61357.63,61807.04,61280.0,61600.01,1223.4059
2026-06-25 06:00:00,61600.02,61869.02,61600.01,61732.06,539.2877
2026-06-25 07:00:00,61732.06,61962.4,61670.0,61911.04,937.71339
2026-06-25 08:00:00,61911.03,61920.0,61684.87,61712.35,337.43778
2026-06-25 09:00:00,61712.36,61792.0,61614.32,61739.29,327.48572
2026-06-25 10:00:00,61739.29,61751.07,61257.79,61269.94,686.26895
2026-06-25 11:00:00,61269.95,61422.52,61066.0,61282.01,605.95603
2026-06-25 12:00:00,61282.0,61761.35,61080.0,61244.01,1124.99959
2026-06-25 13:00:00,61244.01,61369.18,58115.01,58290.17,6396.00513
2026-06-25 14:00:00,58291.7,60485.51,58291.7,59471.5,6002.27451
2026-06-25 15:00:00,59471.49,59655.86,58874.85,59557.99,2456.01373
2026-06-25 16:00:00,59557.99,60067.0,59157.63,59312.64,1765.10919
2026-06-25 17:00:00,59312.64,59740.9,59139.96,59676.01,1062.87634
2026-06-25 18:00:00,59676.0,59793.34,59364.0,59512.71,978.75101
2026-06-25 19:00:00,59512.71,59516.0,59168.82,59320.0,917.28893
2026-06-25 20:00:00,59319.99,59741.95,59319.99,59456.62,539.40098
2026-06-25 21:00:00,59456.62,60273.81,59452.01,60211.87,617.22274
2026-06-25 22:00:00,60211.86,60211.86,59740.0,59851.27,431.60976
2026-06-25 23:00:00,59851.27,60191.55,59739.99,59794.0,458.89363
2026-06-26 00:00:00,59794.64,59906.71,59642.77,59667.09,875.61527
2026-06-26 01:00:00,59667.09,59789.07,59228.0,59431.5,833.71293
2026-06-26 02:00:00,59431.49,59456.0,58358.77,58561.99,2633.6835
2026-06-26 03:00:00,58562.0,60131.37,58337.0,60036.01,1886.07235
2026-06-26 04:00:00,60036.0,60238.77,59836.17,59920.47,843.9784
2026-06-26 05:00:00,59920.47,60047.68,59736.0,59953.3,883.13649
2026-06-26 06:00:00,59953.3,60459.55,59702.0,60324.0,1504.97927
2026-06-26 07:00:00,60324.0,60759.99,60283.08,60532.0,2153.07079
2026-06-26 08:00:00,60532.0,60580.0,60150.56,60245.67,803.85464
2026-06-26 09:00:00,60245.9,60259.37,59583.33,59736.01,832.22202
2026-06-26 10:00:00,59736.01,59858.93,59239.78,59313.26,1050.97441
2026-06-26 11:00:00,59313.26,59588.0,59259.78,59413.24,1048.3329
2026-06-26 12:00:00,59413.24,60007.91,58969.9,59185.02,1710.35381
2026-06-26 13:00:00,59185.02,60216.14,58500.1,60175.43,2730.33879
2026-06-26 14:00:00,60175.42,60294.0,59390.0,59590.73,1745.27867
2026-06-26 15:00:00,59590.73,60500.0,59584.01,60328.32,1582.87088
2026-06-26 16:00:00,60328.18,60583.0,59970.0,60041.75,1128.46917
2026-06-26 17:00:00,60041.76,60287.9,59952.0,60023.97,546.63522
2026-06-26 18:00:00,60023.96,60158.0,59556.0,59668.01,504.21141
2026-06-26 19:00:00,59668.01,60098.0,59617.37,59751.97,708.47753
2026-06-26 20:00:00,59751.96,59994.0,59571.31,59718.0,454.05927
2026-06-26 21:00:00,59717.99,60050.0,59678.0,59918.7,287.90036
2026-06-26 22:00:00,59918.7,60080.0,59754.0,60048.0,335.92054
2026-06-26 23:00:00,60048.0,60117.64,59923.27,60097.27,319.40861
2026-06-27 00:00:00,60097.27,60197.0,59876.22,60059.07,360.77885
2026-06-27 01:00:00,60059.09,60068.0,59936.07,59945.53,245.35114
2026-06-27 02:00:00,59945.53,60378.23,59921.68,60290.01,695.38686
2026-06-27 03:00:00,60290.01,60412.0,60159.91,60305.73,438.61125
2026-06-27 04:00:00,60305.73,60482.0,60217.26,60239.99,303.30454
2026-06-27 05:00:00,60240.0,60311.0,60136.0,60236.76,444.9193
2026-06-27 06:00:00,60236.75,60500.0,60093.33,60370.62,581.81791
2026-06-27 07:00:00,60370.63,60574.0,60300.0,60548.07,825.68653
2026-06-27 08:00:00,60548.06,60548.74,60371.62,60456.0,470.55782
2026-06-27 09:00:00,60456.0,60511.99,60289.55,60414.62,307.96541
2026-06-27 10:00:00,60414.62,60487.31,60380.0,60420.28,137.8511
2026-06-27 11:00:00,60420.28,60447.8,60198.94,60363.65,275.39332
2026-06-27 12:00:00,60363.65,60430.01,60257.03,60430.0,349.0457
2026-06-27 13:00:00,60430.0,60665.74,60394.0,60588.35,434.13389
2026-06-27 14:00:00,60588.35,60728.0,60510.0,60611.5,306.64293
2026-06-27 15:00:00,60611.49,60941.17,60570.0,60840.06,606.25294
2026-06-27 16:00:00,60840.06,60855.03,60673.64,60807.99,239.6938
2026-06-27 17:00:00,60808.0,60818.76,60413.15,60524.88,548.67896
2026-06-27 18:00:00,60524.89,60576.03,60446.25,60570.86,229.00634
2026-06-27 19:00:00,60570.86,60605.41,60085.88,60175.95,414.61342
2026-06-27 20:00:00,60175.95,60306.0,60173.07,60300.0,220.12001
2026-06-27 21:00:00,60300.0,60482.18,60142.0,60203.82,280.50282
2026-06-27 22:00:00,60203.83,60256.56,59855.16,60228.95,377.17485
2026-06-27 23:00:00,60228.96,60320.0,59952.0,60029.0,493.73947
2026-06-28 00:00:00,60029.01,60190.0,60018.0,60146.0,462.24707
2026-06-28 01:00:00,60146.0,60273.38,59986.0,60222.22,267.56528
2026-06-28 02:00:00,60222.21,60339.99,60054.0,60150.45,403.64282
2026-06-28 03:00:00,60150.46,60275.0,60150.45,60197.04,255.71231
2026-06-28 04:00:00,60197.03,60231.83,60088.04,60133.0,191.50597
2026-06-28 05:00:00,60133.01,60140.0,59753.48,59989.17,345.08439
2026-06-28 06:00:00,59989.18,60030.0,59808.0,60002.82,217.95005
2026-06-28 07:00:00,60002.82,60259.68,60000.0,60219.99,361.83587
2026-06-28 08:00:00,60220.0,60545.01,60140.14,60370.0,491.6084
2026-06-28 09:00:00,60370.01,60462.0,60250.81,60258.84,222.4062
2026-06-28 10:00:00,60258.85,60292.48,60068.0,60166.71,181.18756
2026-06-28 11:00:00,60166.71,60374.05,60100.0,60342.0,225.05378
2026-06-28 12:00:00,60341.99,60457.02,60190.0,60293.51,212.9354
2026-06-28 13:00:00,60293.5,60293.51,59963.86,60071.88,369.88204
2026-06-28 14:00:00,60071.89,60250.0,60018.0,60033.0,318.13606
2026-06-28 15:00:00,60033.01,60130.0,59817.28,59890.0,467.03244
2026-06-28 16:00:00,59890.35,59943.9,59582.34,59690.62,567.70369
2026-06-28 17:00:00,59690.62,59848.0,59403.77,59586.01,519.06441
2026-06-28 18:00:00,59586.0,59700.0,59502.0,59614.46,272.01169
2026-06-28 19:00:00,59614.46,59682.0,59270.26,59481.79,301.99561
2026-06-28 20:00:00,59481.78,59765.9,59474.28,59660.0,227.14803
2026-06-28 21:00:00,59660.0,59796.66,59333.33,59445.95,531.65984
2026-06-28 22:00:00,59445.96,59906.0,58905.0,59067.01,983.67622
2026-06-28 23:00:00,59067.0,59848.0,59011.99,59577.01,510.09283
2026-06-29 00:00:00,59577.01,59700.0,59000.01,59667.01,549.31747
2026-06-29 01:00:00,59667.0,59697.0,59206.0,59440.95,647.05387
2026-06-29 02:00:00,59440.95,59812.0,58900.01,59757.46,1223.86338
2026-06-29 03:00:00,59757.47,60233.0,59757.47,60049.46,780.88525
2026-06-29 04:00:00,60049.45,60053.99,59746.0,59830.0,361.46912
2026-06-29 05:00:00,59830.01,60102.8,59392.02,60102.8,496.75535
2026-06-29 06:00:00,60102.8,60346.27,60050.67,60075.49,683.16036
2026-06-29 07:00:00,60075.5,60186.94,59936.0,60026.0,536.94262
2026-06-29 08:00:00,60026.01,60093.99,59745.46,59840.0,550.67382
2026-06-29 09:00:00,59840.01,60104.0,59778.76,60057.0,747.08903
2026-06-29 10:00:00,60057.0,60311.95,60056.99,60088.0,441.90219
2026-06-29 11:00:00,60088.0,60216.0,59796.0,59956.05,515.67042
2026-06-29 12:00:00,59956.05,60780.57,59595.09,59948.78,2600.10754
2026-06-29 13:00:00,59948.79,60340.0,59319.9,59580.0,2144.2543
2026-06-29 14:00:00,59580.0,59699.99,59011.0,59469.67,1999.07246
2026-06-29 15:00:00,59469.45,59960.0,59097.58,59824.01,1368.0568
2026-06-29 16:00:00,59824.01,60030.0,59584.48,59892.86,663.03532
2026-06-29 17:00:00,59892.87,60683.84,59892.0,60413.99,1795.75633
2026-06-29 18:00:00,60413.99,60520.0,60193.87,60295.0,525.48841
2026-06-29 19:00:00,60295.0,60557.5,60153.35,60433.49,501.01522
2026-06-29 20:00:00,60433.5,60553.06,60295.32,60296.0,312.86249
2026-06-29 21:00:00,60296.01,60585.99,60261.89,60479.72,294.76243
2026-06-29 22:00:00,60479.71,60516.0,60350.0,60352.31,211.76202
2026-06-29 23:00:00,60352.31,60379.23,60194.01,60260.21,252.18558
2026-06-30 00:00:00,60260.2,60276.54,59700.0,59838.01,709.83194
2026-06-30 01:00:00,59838.01,60048.98,59771.0,59939.94,341.19535
2026-06-30 02:00:00,59939.94,60042.54,59755.0,59948.24,424.27619
2026-06-30 03:00:00,59948.24,60031.75,59600.0,59627.48,381.85931
2026-06-30 04:00:00,59627.47,59700.0,59433.36,59492.01,774.8482
2026-06-30 05:00:00,59492.01,59656.89,59360.0,59652.13,807.92024
2026-06-30 06:00:00,59652.13,59712.88,59513.72,59592.0,708.76994
2026-06-30 07:00:00,59592.0,59632.0,59444.0,59524.01,762.40668
2026-06-30 08:00:00,59524.01,59551.03,59189.0,59311.92,879.64073
2026-06-30 09:00:00,59311.26,59420.0,59252.0,59374.96,442.65865
2026-06-30 10:00:00,59374.96,59420.0,59286.36,59334.01,300.40182
2026-06-30 11:00:00,59334.01,59413.27,59123.01,59192.7,466.77156
2026-06-30 12:00:00,59192.71,59192.71,58403.51,58412.0,2043.39825
2026-06-30 13:00:00,58411.99,58802.66,58228.33,58737.18,2504.50868
2026-06-30 14:00:00,58737.17,59276.6,58433.0,58482.81,1779.99006
2026-06-30 15:00:00,58482.81,58796.0,58201.0,58381.99,1563.15031
2026-06-30 16:00:00,58382.0,58632.0,58241.79,58497.65,1178.89718
2026-06-30 17:00:00,58497.65,58618.65,58310.72,58417.99,632.53618
2026-06-30 18:00:00,58417.99,58699.98,58351.56,58680.87,605.07781
2026-06-30 19:00:00,58680.86,58839.16,58586.01,58818.05,678.6415
2026-06-30 20:00:00,58818.0,58874.99,58648.26,58732.01,428.82351
2026-06-30 21:00:00,58732.0,58770.0,58509.99,58639.99,398.14222
2026-06-30 22:00:00,58639.99,58806.91,58513.8,58607.99,274.43078
2026-06-30 23:00:00,58607.99,58664.0,58555.0,58624.71,551.65078
2026-07-01 00:00:00,58624.71,58750.68,58310.0,58576.0,670.64661
2026-07-01 01:00:00,58575.99,59022.81,57800.19,58770.57,2987.12539
2026-07-01 02:00:00,58770.58,59171.63,58663.95,59085.0,692.74758
2026-07-01 03:00:00,59085.0,59318.0,58850.0,59197.13,715.44075
2026-07-01 04:00:00,59197.12,59457.0,59062.0,59339.99,480.11636
2026-07-01 05:00:00,59339.99,59376.48,59126.42,59154.33,432.30487
2026-07-01 06:00:00,59154.33,59156.0,58534.31,58755.8,794.13401
2026-07-01 07:00:00,58755.8,58823.9,58600.0,58768.65,479.85852
2026-07-01 08:00:00,58768.64,58984.0,58500.0,58973.99,381.93254
2026-07-01 09:00:00,58973.99,59091.99,58825.61,58944.55,417.79405
2026-07-01 10:00:00,58944.55,58948.47,58624.0,58659.98,405.70309
2026-07-01 11:00:00,58659.97,58755.9,58550.0,58622.03,396.69177
2026-07-01 12:00:00,58622.02,58676.0,58326.0,58538.01,1716.61119
2026-07-01 13:00:00,58538.0,59508.0,58536.0,59498.03,2321.79547
2026-07-01 14:00:00,59498.03,60092.0,59278.0,59542.0,3726.2091
2026-07-01 15:00:00,59541.99,60536.55,59520.51,60147.15,2322.06211
2026-07-01 16:00:00,60147.15,60267.17,59865.75,59920.0,862.80045
2026-07-01 17:00:00,59920.0,60239.84,59787.35,60190.6,480.08928
2026-07-01 18:00:00,60190.59,60298.0,60016.4,60171.16,343.31457
2026-07-01 19:00:00,60171.16,60352.93,60000.0,60028.67,548.14825
2026-07-01 20:00:00,60029.39,60198.0,59876.0,60126.0,313.10277
2026-07-01 21:00:00,60126.0,60846.95,60124.89,60815.99,1153.57611
2026-07-01 22:00:00,60815.99,61334.0,60339.0,60478.01,1877.61599
2026-07-01 23:00:00,60478.0,60478.0,59984.86,60024.0,573.62579
2026-07-02 00:00:00,60024.0,60028.0,59588.0,59761.73,857.93081
2026-07-02 01:00:00,59761.74,60324.99,59715.8,60175.92,634.42084
2026-07-02 02:00:00,60175.91,60495.24,60015.68,60423.1,520.9397
2026-07-02 03:00:00,60423.11,61121.78,60300.02,61058.0,891.65369
2026-07-02 04:00:00,61057.99,61058.0,60728.0,60787.98,793.20588
2026-07-02 05:00:00,60787.98,60877.69,60488.0,60504.54,836.16486
2026-07-02 06:00:00,60504.54,60652.74,60260.0,60274.01,838.53408
2026-07-02 07:00:00,60274.01,60315.93,60104.0,60149.99,593.99067
2026-07-02 08:00:00,60149.99,60555.06,60132.51,60511.99,573.38622
2026-07-02 09:00:00,60512.0,61437.49,60376.13,61184.0,1895.63178
2026-07-02 10:00:00,61184.0,61350.0,61051.07,61263.68,711.1086
2026-07-02 11:00:00,61263.93,61388.0,61125.58,61358.01,823.29588
2026-07-02 12:00:00,61358.0,61614.0,61147.23,61542.53,1476.64291
2026-07-02 13:00:00,61542.53,62053.0,61506.0,61939.04,2503.04906
2026-07-02 14:00:00,61939.04,62200.0,61394.49,61696.61,1834.43153
2026-07-02 15:00:00,61696.61,61850.86,61427.39,61612.93,955.089
2026-07-02 16:00:00,61612.93,61790.13,61108.99,61682.34,1526.68052
2026-07-02 17:00:00,61682.34,61962.43,61619.69,61667.39,742.84693
2026-07-02 18:00:00,61667.4,61900.29,61664.39,61761.36,457.24217
2026-07-02 19:00:00,61761.36,61763.81,61424.0,61479.6,567.93379
2026-07-02 20:00:00,61479.59,61596.0,61342.0,61584.78,435.70751
2026-07-02 21:00:00,61584.77,61653.43,61516.0,61592.26,335.09994
2026-07-02 22:00:00,61592.26,61596.62,61406.28,61465.26,313.41399
2026-07-02 23:00:00,61465.26,61606.0,61350.02,61560.0,263.74127
2026-07-03 00:00:00,61560.0,61578.0,61248.86,61308.75,803.35853
2026-07-03 01:00:00,61308.75,61733.11,61286.0,61588.0,365.29608
2026-07-03 02:00:00,61588.0,61664.62,61294.0,61440.01,718.15053
2026-07-03 03:00:00,61440.01,61575.15,61324.0,61434.0,592.37701
2026-07-03 04:00:00,61434.0,61524.01,61332.76,61448.0,597.68744
2026-07-03 05:00:00,61448.0,61808.0,61430.0,61700.49,669.42027
2026-07-03 06:00:00,61700.49,61850.0,61612.0,61710.01,821.5655
2026-07-03 07:00:00,61710.01,61864.99,61659.32,61750.47,1075.23435
2026-07-03 08:00:00,61750.47,61896.99,61554.07,61584.0,341.60269
2026-07-03 09:00:00,61583.99,61783.89,61510.01,61718.68,336.50784
2026-07-03 10:00:00,61718.69,62038.0,61663.98,61916.46,481.39402
2026-07-03 11:00:00,61916.46,62103.1,61840.0,62024.02,549.87382
2026-07-03 12:00:00,62024.01,62174.47,61871.66,61983.99,627.72129
2026-07-03 13:00:00,61984.0,62282.0,61944.0,62116.01,790.28341
2026-07-03 14:00:00,62116.0,62280.0,61700.0,62167.48,768.79968
2026-07-03 15:00:00,62167.47,62400.0,61820.0,61922.72,627.67216
2026-07-03 16:00:00,61922.71,62125.99,61911.65,62104.81,308.0973
2026-07-03 17:00:00,62104.81,62292.51,62068.78,62194.0,345.47791
2026-07-03 18:00:00,62193.99,62250.0,62118.0,62204.01,298.61687
2026-07-03 19:00:00,62204.0,62317.64,62146.0,62210.0,345.20311
2026-07-03 20:00:00,62210.0,62907.77,62186.01,62776.92,1103.81636
2026-07-03 21:00:00,62776.91,62979.86,62518.72,62732.0,530.36622
2026-07-03 22:00:00,62732.0,62748.01,62538.47,62578.0,461.77097
2026-07-03 23:00:00,62578.0,62707.67,62529.03,62583.26,488.69291
2026-07-04 00:00:00,62583.26,62946.0,62578.55,62756.29,451.82518
2026-07-04 01:00:00,62756.29,62756.29,62404.25,62468.44,740.55394
2026-07-04 02:00:00,62468.44,62576.0,62432.0,62538.96,288.40853
2026-07-04 03:00:00,62538.96,62750.0,62484.01,62627.29,272.8732
2026-07-04 04:00:00,62627.28,62749.97,62590.06,62700.0,372.06056
2026-07-04 05:00:00,62700.0,62700.01,62441.29,62471.52,289.90978
2026-07-04 06:00:00,62471.53,62559.43,62328.24,62500.01,328.21302
2026-07-04 07:00:00,62500.01,62634.24,62470.0,62576.0,488.37245
2026-07-04 08:00:00,62576.0,62674.47,62516.46,62553.78,325.39629
2026-07-04 09:00:00,62553.78,62583.99,62415.87,62494.0,256.44372
2026-07-04 10:00:00,62494.01,62545.02,62445.38,62513.0,261.05012
2026-07-04 11:00:00,62512.99,62563.84,62456.24,62482.01,236.75332
2026-07-04 12:00:00,62482.0,62696.78,62482.0,62664.01,160.12973
2026-07-04 13:00:00,62664.01,62776.92,62542.0,62588.84,234.91268
2026-07-04 14:00:00,62588.84,62738.28,62585.53,62693.99,214.12592
2026-07-04 15:00:00,62693.99,63075.46,62687.89,62943.29,746.82104
2026-07-04 16:00:00,62943.29,62968.29,62786.0,62927.29,446.2616
2026-07-04 17:00:00,62927.3,63439.62,62803.0,63280.38,752.34234
2026-07-04 18:00:00,63280.38,63346.0,63092.02,63172.78,347.58599
2026-07-04 19:00:00,63172.79,63461.99,63123.49,63294.72,328.68996
2026-07-04 20:00:00,63294.72,63392.0,63155.37,63233.78,287.12408
2026-07-04 21:00:00,63233.79,63448.0,63202.0,63297.84,239.07967
2026-07-04 22:00:00,63297.83,63310.0,63160.0,63184.99,486.87752
2026-07-04 23:00:00,63185.0,63241.33,62927.98,63144.01,584.01676
2026-07-05 00:00:00,63144.01,63144.01,62888.86,62991.29,348.66174
2026-07-05 01:00:00,62991.3,63043.15,62800.0,62887.94,447.61772
2026-07-05 02:00:00,62887.93,62926.0,62596.08,62693.56,307.64194
2026-07-05 03:00:00,62693.57,62796.39,62658.0,62769.04,211.72564
2026-07-05 04:00:00,62769.03,62952.93,62712.0,62815.99,288.42759
2026-07-05 05:00:00,62815.99,62815.99,62659.65,62740.5,312.61219
2026-07-05 06:00:00,62740.5,62819.91,62669.99,62782.18,269.63913
2026-07-05 07:00:00,62782.18,63059.99,62718.31,63020.21,393.71695
2026-07-05 08:00:00,63020.21,63104.0,62900.0,62915.0,337.45972
2026-07-05 09:00:00,62915.0,62930.16,62436.59,62622.18,562.27226
2026-07-05 10:00:00,62622.18,62756.25,62536.57,62756.12,183.32618
2026-07-05 11:00:00,62756.12,62812.0,62600.03,62658.92,268.20384
2026-07-05 12:00:00,62658.92,62772.0,62569.37,62745.01,294.54856
2026-07-05 13:00:00,62745.0,62819.66,62644.12,62792.0,337.44331
2026-07-05 14:00:00,62791.99,62818.37,62656.02,62812.25,219.35892
2026-07-05 15:00:00,62812.25,62943.59,62679.76,62740.01,243.82359
2026-07-05 16:00:00,62740.01,62772.86,62590.02,62637.48,344.55738
2026-07-05 17:00:00,62637.48,62820.0,62594.38,62624.93,275.09476
2026-07-05 18:00:00,62624.93,62880.0,62616.0,62820.33,372.13939
2026-07-05 19:00:00,62820.33,62888.14,62714.98,62768.88,297.34041
2026-07-05 20:00:00,62768.87,62836.01,62700.0,62730.61,164.5638
2026-07-05 21:00:00,62730.61,63220.0,62609.47,63092.01,428.51084
2026-07-05 22:00:00,63092.0,63964.48,63005.04,63736.0,1512.51245
2026-07-05 23:00:00,63735.99,63999.0,63577.36,63650.0,750.87927
2026-07-06 00:00:00,63650.01,63772.52,63350.0,63761.99,854.38324
2026-07-06 01:00:00,63761.98,63920.0,63550.0,63576.0,432.9767
2026-07-06 02:00:00,63576.0,63669.45,63373.13,63460.01,398.01222
2026-07-06 03:00:00,63460.01,63495.14,63136.01,63294.0,420.90012
2026-07-06 04:00:00,63294.0,63402.77,63187.98,63267.99,278.63053
2026-07-06 05:00:00,63267.99,63268.0,62950.0,63114.0,702.75025
2026-07-06 06:00:00,63113.99,63152.7,62972.0,62976.0,622.44998
2026-07-06 07:00:00,62976.0,63120.0,62890.0,63089.42,529.35201
2026-07-06 08:00:00,63089.42,63244.0,62800.13,62904.01,536.0688
2026-07-06 09:00:00,62904.01,62914.0,62630.85,62664.77,432.26087
2026-07-06 10:00:00,62664.77,63030.0,62664.76,62822.06,454.82776
2026-07-06 11:00:00,62822.07,63000.0,62483.83,62483.84,610.79996
2026-07-06 12:00:00,62483.84,62487.98,61668.2,61754.01,2426.65551
2026-07-06 13:00:00,61754.01,62034.0,61306.84,61768.21,3623.91016
2026-07-06 14:00:00,61768.2,62411.41,61712.54,62052.0,1203.78704
2026-07-06 15:00:00,62052.0,63550.0,62052.0,63545.98,2153.37389
2026-07-06 16:00:00,63545.98,63863.0,63386.01,63732.0,1748.98599
2026-07-06 17:00:00,63732.0,63976.16,63570.16,63587.38,885.44922
2026-07-06 18:00:00,63587.38,63886.0,63560.0,63696.4,345.76423
2026-07-06 19:00:00,63696.4,63887.93,63652.42,63738.52,308.11427
2026-07-06 20:00:00,63738.52,63892.65,63589.41,63828.0,314.93037
2026-07-06 21:00:00,63828.0,64700.0,63810.0,64489.98,1489.51024
2026-07-06 22:00:00,64489.97,64500.0,64151.01,64244.0,313.47871
2026-07-06 23:00:00,64244.0,64340.76,64017.78,64042.02,347.9123
2026-07-07 00:00:00,64042.93,64314.0,63997.5,64203.99,545.80462
2026-07-07 01:00:00,64203.99,64204.0,63767.04,63840.0,600.7847
2026-07-07 02:00:00,63840.0,63908.0,63288.01,63322.01,624.33941
2026-07-07 03:00:00,63322.01,63414.0,63150.0,63191.01,378.30046
2026-07-07 04:00:00,63191.01,63288.33,63064.0,63100.01,658.55856
2026-07-07 05:00:00,63100.0,63278.99,62800.0,63128.01,725.48406
2026-07-07 06:00:00,63128.0,63400.0,62984.42,63340.0,869.08707
2026-07-07 07:00:00,63340.01,63445.7,63072.1,63083.18,615.24857
2026-07-07 08:00:00,63083.19,63184.0,62984.58,63104.0,444.0167
2026-07-07 09:00:00,63104.0,63348.73,63063.28,63256.0,320.22634
2026-07-07 10:00:00,63256.01,63467.15,63228.17,63284.0,496.91971
2026-07-07 11:00:00,63284.0,63452.0,63116.02,63406.0,399.36572
2026-07-07 12:00:00,63405.99,63872.0,63396.58,63481.39,618.18499
2026-07-07 13:00:00,63481.39,63482.5,63000.0,63056.0,1055.47861
2026-07-07 14:00:00,63056.0,63634.0,62671.39,63562.05,1684.44273
2026-07-07 15:00:00,63562.05,64105.0,63376.22,63930.51,2129.05569
2026-07-07 16:00:00,63930.5,64243.75,63810.0,63983.27,825.1364
2026-07-07 17:00:00,63983.28,64232.0,63896.21,64186.0,713.19138
2026-07-07 18:00:00,64185.99,64188.0,63672.01,63679.99,804.35069
2026-07-07 19:00:00,63679.99,63894.58,63379.69,63817.99,809.87318
2026-07-07 20:00:00,63818.0,63901.75,63585.0,63697.99,461.15497
2026-07-07 21:00:00,63698.0,63866.0,63313.1,63423.94,445.13714
2026-07-07 22:00:00,63423.93,63660.0,63218.0,63551.02,344.82337
2026-07-07 23:00:00,63551.02,63708.0,63320.0,63363.99,265.24316
2026-07-08 00:00:00,63364.0,63761.99,63307.36,63612.77,656.59812
2026-07-08 01:00:00,63612.78,63649.5,62921.78,63038.01,690.76172
2026-07-08 02:00:00,63038.0,63066.0,62525.47,62979.99,1271.45366
2026-07-08 03:00:00,62979.98,63094.0,62700.18,62766.0,326.19539
2026-07-08 04:00:00,62766.0,62901.49,62676.0,62800.0,435.16461
2026-07-08 05:00:00,62800.01,62876.95,62558.0,62637.88,716.63481
2026-07-08 06:00:00,62637.88,62746.0,62477.04,62657.81,457.84929
2026-07-08 07:00:00,62657.82,62894.89,62550.0,62888.35,483.7238
2026-07-08 08:00:00,62888.34,62941.46,61855.26,62018.36,1707.6886
2026-07-08 09:00:00,62018.36,62190.01,61743.83,62057.67,2058.44174
2026-07-08 10:00:00,62057.68,62199.97,61903.45,62183.12,934.16537
2026-07-08 11:00:00,62183.11,62392.04,62055.63,62299.99,576.86496
2026-07-08 12:00:00,62300.0,62451.08,61953.58,61957.73,877.49143
2026-07-08 13:00:00,61957.74,62090.0,61632.23,61945.49,1130.9924
2026-07-08 14:00:00,61945.49,62173.56,61712.0,61889.83,1415.74086
2026-07-08 15:00:00,61889.83,61922.0,61544.56,61704.01,1055.91275
2026-07-08 16:00:00,61704.01,62164.6,61692.0,62113.03,762.49481
2026-07-08 17:00:00,62113.02,62394.32,62032.0,62104.62,518.57431
2026-07-08 18:00:00,62104.62,62351.97,62045.2,62185.32,301.10629
2026-07-08 19:00:00,62185.33,62292.19,62068.0,62277.98,295.91802
2026-07-08 20:00:00,62277.98,62306.54,62082.8,62099.61,601.65946
2026-07-08 21:00:00,62099.62,62251.22,61956.0,62187.17,844.23046
2026-07-08 22:00:00,62187.17,62350.63,62178.0,62330.4,268.9098
2026-07-08 23:00:00,62330.4,62346.6,62174.0,62290.0,231.5253
2026-07-09 00:00:00,62290.01,62309.88,62058.51,62129.99,419.84137
2026-07-09 01:00:00,62129.99,62642.0,61837.1,61916.0,891.27709
2026-07-09 02:00:00,61916.0,62121.21,61705.29,61788.8,588.18699
2026-07-09 03:00:00,61788.79,62062.99,61730.0,61974.34,608.39784
2026-07-09 04:00:00,61974.34,62456.29,61956.46,62453.74,475.51774
2026-07-09 05:00:00,62453.74,62624.61,62236.0,62589.61,907.8536
2026-07-09 06:00:00,62589.61,62980.0,62485.58,62959.96,790.33126
2026-07-09 07:00:00,62959.96,63283.26,62788.06,63000.0,902.61366
2026-07-09 08:00:00,62999.99,63100.1,62855.63,62903.65,872.78917
2026-07-09 09:00:00,62903.66,63002.0,62786.82,62953.4,549.43771
2026-07-09 10:00:00,62953.4,63056.98,62688.0,62786.04,490.23056
2026-07-09 11:00:00,62786.05,62830.0,62614.66,62786.34,613.79257
2026-07-09 12:00:00,62786.33,62952.0,62465.39,62614.02,2694.46367
2026-07-09 13:00:00,62614.01,63240.15,62523.08,63028.35,732.96491
2026-07-09 14:00:00,63028.36,63144.79,62666.66,63016.0,598.40365
2026-07-09 15:00:00,63016.0,63261.0,62811.1,62868.05,857.13379
2026-07-09 16:00:00,62868.06,62996.0,62559.59,62700.01,532.13757
2026-07-09 17:00:00,62700.01,63165.12,62668.0,63142.79,730.95491
2026-07-09 18:00:00,63142.79,63500.0,63080.0,63219.03,776.88222
2026-07-09 19:00:00,63219.03,63375.73,63118.45,63248.1,606.23375
2026-07-09 20:00:00,63248.09,63330.85,63177.36,63313.38,236.61262
2026-07-09 21:00:00,63313.38,63397.94,63208.91,63274.59,261.44616
2026-07-09 22:00:00,63274.6,63418.0,63218.77,63218.78,274.28375
2026-07-09 23:00:00,63218.78,63325.0,63060.91,63230.0,331.02016
2026-07-10 00:00:00,63230.01,63255.49,62926.01,63113.93,626.86453
2026-07-10 01:00:00,63113.92,63999.99,62962.0,63749.86,1229.10229
2026-07-10 02:00:00,63749.86,64050.23,63692.76,63961.99,1017.85326
2026-07-10 03:00:00,63961.99,64050.0,63822.8,63947.2,410.93478
2026-07-10 04:00:00,63947.2,64176.86,63857.64,64047.88,567.80609
2026-07-10 05:00:00,64047.89,64200.0,63944.05,64115.99,507.936
2026-07-10 06:00:00,64116.0,64162.0,63836.0,63854.71,352.90834
2026-07-10 07:00:00,63854.71,64011.9,63802.02,63963.0,566.0984
2026-07-10 08:00:00,63963.0,64392.0,63962.99,64246.01,945.88564
2026-07-10 09:00:00,64246.0,64480.01,64102.0,64385.09,1051.0085
2026-07-10 10:00:00,64385.09,64494.84,64274.47,64407.8,400.85807
2026-07-10 11:00:00,64407.8,64480.0,64341.83,64425.18,337.28843
2026-07-10 12:00:00,64425.18,64608.0,63999.0,64286.64,1081.95063
2026-07-10 13:00:00,64286.65,64692.83,64152.84,64484.0,826.67946
2026-07-10 14:00:00,64484.0,64516.0,63793.43,63914.87,1338.73193
2026-07-10 15:00:00,63914.88,64210.0,63898.0,64040.0,737.82713
2026-07-10 16:00:00,64039.99,64220.0,63826.57,64140.01,671.46586
2026-07-10 17:00:00,64140.0,64158.58,63821.88,63823.99,491.57909
2026-07-10 18:00:00,63824.0,64003.99,63732.66,63810.0,566.18067
2026-07-10 19:00:00,63809.99,64077.56,63780.0,63917.88,1227.53052
2026-07-10 20:00:00,63917.88,63946.36,63656.0,63841.25,1126.81538
2026-07-10 21:00:00,63841.25,64099.56,63835.05,64011.99,307.30047
2026-07-10 22:00:00,64012.0,64169.39,63981.37,64112.29,508.14182
2026-07-10 23:00:00,64112.3,64222.61,64024.0,64161.72,690.25393
2026-07-11 00:00:00,64161.72,64168.49,64028.43,64124.0,315.78502
2026-07-11 01:00:00,64123.99,64310.0,64004.01,64012.95,405.42387
2026-07-11 02:00:00,64012.95,64166.0,63984.07,64158.04,205.49018
2026-07-11 03:00:00,64158.04,64195.04,64068.0,64150.42,174.79238
2026-07-11 04:00:00,64150.42,64213.55,64080.26,64152.0,223.52551
2026-07-11 05:00:00,64152.0,64221.99,64121.07,64176.01,535.97468
2026-07-11 06:00:00,64176.0,64278.0,64124.0,64219.1,302.84507
2026-07-11 07:00:00,64219.09,64256.55,64152.0,64162.18,422.67072
2026-07-11 08:00:00,64162.18,64300.0,64153.87,64265.98,169.11443
2026-07-11 09:00:00,64265.98,64300.0,64159.7,64167.34,347.53946
2026-07-11 10:00:00,64167.35,64204.02,64129.99,64196.0,421.25234
2026-07-11 11:00:00,64196.0,64215.32,64167.99,64198.0,417.44096
2026-07-11 12:00:00,64197.99,64228.0,64130.65,64195.49,408.31399
2026-07-11 13:00:00,64195.48,64266.0,64159.99,64235.66,352.18455
2026-07-11 14:00:00,64235.67,64504.11,64235.66,64350.07,551.43161
2026-07-11 15:00:00,64350.07,64484.01,63896.18,64175.75,1185.62457
2026-07-11 16:00:00,64175.75,64273.63,64084.0,64180.01,468.52631
2026-07-11 17:00:00,64180.0,64402.0,64164.08,64315.53,272.95245
2026-07-11 18:00:00,64315.53,64395.17,64288.91,64327.99,274.24491
2026-07-11 19:00:00,64327.99,64338.0,64233.23,64286.0,202.32307
2026-07-11 20:00:00,64286.0,64463.83,64285.99,64382.45,197.23083
2026-07-11 21:00:00,64382.44,64427.56,64338.09,64355.99,116.51883
2026-07-11 22:00:00,64355.99,64424.03,64144.47,64203.08,303.31895
2026-07-11 23:00:00,64203.09,64246.0,63819.0,63819.0,877.44963
2026-07-12 00:00:00,63819.01,63909.92,63702.16,63828.47,2302.50352
2026-07-12 01:00:00,63828.48,64172.66,63812.0,64133.61,394.25068
2026-07-12 02:00:00,64133.61,64133.62,64029.51,64070.39,908.56961
2026-07-12 03:00:00,64070.4,64223.74,64035.68,64223.73,488.95119
2026-07-12 04:00:00,64223.73,64245.87,63943.68,63999.93,412.9132
2026-07-12 05:00:00,63999.94,64024.48,63900.0,63959.93,291.33944
2026-07-12 06:00:00,63959.93,63962.85,63640.83,63762.46,526.52081
2026-07-12 07:00:00,63762.47,63908.39,63740.12,63885.27,506.72582
2026-07-12 08:00:00,63885.28,64100.32,63884.2,63983.18,1349.77159
2026-07-12 09:00:00,63983.18,64062.17,63764.0,63961.61,3089.49803
2026-07-12 10:00:00,63961.6,63961.6,63843.4,63865.76,250.37178
2026-07-12 11:00:00,63865.76,64030.0,63826.01,64018.01,158.66802
2026-07-12 12:00:00,64018.0,64135.0,63970.55,64026.0,320.06272
2026-07-12 13:00:00,64026.01,64097.99,63987.4,64023.14,369.91648
2026-07-12 14:00:00,64023.13,64290.11,63958.71,64203.08,261.44826
2026-07-12 15:00:00,64203.08,64262.15,64117.97,64176.0,230.70025
2026-07-12 16:00:00,64176.0,64209.64,64042.0,64177.7,260.32939
2026-07-12 17:00:00,64177.7,64177.74,64029.12,64078.0,243.96602
2026-07-12 18:00:00,64078.0,64150.0,64018.69,64147.99,207.74726
2026-07-12 19:00:00,64148.0,64270.0,64147.3,64228.59,178.3269
2026-07-12 20:00:00,64228.59,64254.0,64178.03,64198.89,158.2404
2026-07-12 21:00:00,64198.9,64232.02,63891.84,63920.4,317.29013
2026-07-12 22:00:00,63920.4,63923.99,63668.0,63886.87,425.91972
2026-07-12 23:00:00,63886.86,63914.85,63726.62,63780.0,260.80581
2026-07-13 00:00:00,63780.0,64425.0,63568.0,64072.01,1134.90308
2026-07-13 01:00:00,64072.0,64072.01,63376.53,63412.01,1113.66129
2026-07-13 02:00:00,63412.01,63541.94,63237.26,63375.99,621.99474
2026-07-13 03:00:00,63376.0,63382.95,62741.04,62806.41,1068.82271
2026-07-13 04:00:00,62806.41,62911.94,62620.13,62672.0,670.25607
2026-07-13 05:00:00,62672.0,62905.68,62500.76,62799.0,816.14848
2026-07-13 06:00:00,62799.01,62880.0,62710.45,62797.55,385.11506
2026-07-13 07:00:00,62797.55,63070.01,62753.69,62985.52,1476.1879
2026-07-13 08:00:00,62985.53,63302.88,62935.92,63206.97,1893.03927
2026-07-13 09:00:00,63206.98,63210.0,63086.12,63100.02,663.43575
2026-07-13 10:00:00,63100.02,63157.85,62862.28,62867.89,788.29364
2026-07-13 11:00:00,62867.9,63135.55,62867.9,62901.99,458.30123
2026-07-13 12:00:00,62901.99,62990.04,62570.0,62625.15,689.69237
2026-07-13 13:00:00,62625.15,62766.37,62164.0,62318.0,2175.34811
2026-07-13 14:00:00,62318.01,62794.97,62101.0,62791.85,1780.86024
2026-07-13 15:00:00,62791.85,62983.83,62559.58,62618.01,1226.00074
2026-07-13 16:00:00,62618.0,62629.35,62212.0,62276.0,970.69108
2026-07-13 17:00:00,62276.01,62370.0,61900.0,61904.99,1161.78052
2026-07-13 18:00:00,61904.99,62100.0,61824.97,62020.0,662.51495
2026-07-13 19:00:00,62020.0,62292.84,61990.0,62288.23,503.43262
2026-07-13 20:00:00,62288.23,62324.74,62050.71,62210.99,294.43026
2026-07-13 21:00:00,62211.0,62216.35,61897.45,62065.06,385.18322
2026-07-13 22:00:00,62065.05,62224.0,61911.31,61924.0,386.45256
2026-07-13 23:00:00,61924.0,62347.46,61882.88,62334.52,355.95615
2026-07-14 00:00:00,62334.52,62666.66,62272.2,62549.54,827.98236
2026-07-14 01:00:00,62549.55,62640.0,62460.03,62540.42,471.32047
2026-07-14 02:00:00,62540.41,62645.0,62329.98,62544.0,510.10327
2026-07-14 03:00:00,62544.0,62604.0,62314.0,62572.89,439.89615
2026-07-14 04:00:00,62572.88,62768.95,62539.71,62745.23,314.71779
2026-07-14 05:00:00,62745.24,62872.0,62697.69,62737.0,625.4247
2026-07-14 06:00:00,62737.0,62772.48,62566.01,62624.05,742.03175
2026-07-14 07:00:00,62624.06,62655.99,62516.93,62560.92,406.16223
2026-07-14 08:00:00,62560.92,62807.94,62500.0,62713.85,377.86259
2026-07-14 09:00:00,62713.85,62742.0,62534.29,62629.55,614.55321
2026-07-14 10:00:00,62629.56,62908.8,62609.47,62800.0,437.22084
2026-07-14 11:00:00,62800.01,62923.06,62713.6,62844.99,302.90008
2026-07-14 12:00:00,62844.99,63989.54,62780.84,63960.0,3109.78866
2026-07-14 13:00:00,63959.99,64181.99,63699.03,63840.01,1522.71413
2026-07-14 14:00:00,63840.01,64346.49,63580.99,64305.02,1089.85313
2026-07-14 15:00:00,64305.01,64966.43,64194.64,64743.99,3074.26518
2026-07-14 16:00:00,64744.0,64896.86,64606.0,64730.0,1264.07966
2026-07-14 17:00:00,64730.01,64730.01,64231.77,64621.43,1156.00933
2026-07-14 18:00:00,64621.43,64648.88,64477.23,64571.98,502.24971
2026-07-14 19:00:00,64571.99,64704.0,64487.38,64569.59,367.96179
2026-07-14 20:00:00,64569.59,64599.0,64419.99,64572.02,281.25074
2026-07-14 21:00:00,64572.02,64893.92,64526.0,64676.9,427.49727
2026-07-14 22:00:00,64676.89,65100.0,64516.0,64860.89,1268.06322
2026-07-14 23:00:00,64860.89,65048.0,64782.0,65043.98,418.50558
2026-07-15 00:00:00,65043.99,65065.01,64765.12,64824.58,352.45343
2026-07-15 01:00:00,64824.57,64853.08,64644.48,64674.35,610.20031
2026-07-15 02:00:00,64674.35,64755.99,64488.0,64490.87,350.99185
2026-07-15 03:00:00,64490.87,64840.0,64490.86,64792.01,379.79444
2026-07-15 04:00:00,64792.0,64885.99,64714.0,64746.01,289.24746
2026-07-15 05:00:00,64746.01,64964.96,64602.5,64944.06,686.5094
2026-07-15 06:00:00,64944.06,65277.37,64814.0,64814.0,974.06143
2026-07-15 07:00:00,64814.01,64876.0,64485.0,64549.34,1209.74716
2026-07-15 08:00:00,64549.33,64797.02,64549.33,64768.01,958.47053
2026-07-15 09:00:00,64768.0,64917.94,64653.18,64671.83,542.47841
2026-07-15 10:00:00,64671.84,64855.56,64614.0,64663.0,316.30209
2026-07-15 11:00:00,64663.0,64767.37,64616.11,64732.15,500.13863
2026-07-15 12:00:00,64732.15,65249.9,64606.0,65164.0,1837.40143
2026-07-15 13:00:00,65164.0,65577.0,64888.0,65117.99,1942.12357
2026-07-15 14:00:00,65118.0,65517.05,65070.0,65399.81,1187.13269
2026-07-15 15:00:00,65399.8,65600.0,65261.71,65427.61,1153.25811
2026-07-15 16:00:00,65427.6,65470.0,64784.83,65120.79,1423.19665
2026-07-15 17:00:00,65120.8,65194.72,64972.95,65056.1,1119.69712
2026-07-15 18:00:00,65056.1,65143.57,64847.42,64860.0,1076.85531
2026-07-15 19:00:00,64860.0,65000.0,64738.49,64977.34,377.96921
2026-07-15 20:00:00,64977.34,65055.39,64899.0,64968.01,239.51973
2026-07-15 21:00:00,64968.02,65018.74,64789.89,64834.31,289.23644
2026-07-15 22:00:00,64834.31,64982.47,64772.0,64866.93,275.16571
2026-07-15 23:00:00,64866.93,64938.0,64691.89,64756.28,309.9463
2026-07-16 00:00:00,64756.28,64845.5,64500.0,64584.07,762.20624
2026-07-16 01:00:00,64584.07,64830.0,64392.01,64730.01,462.87658
2026-07-16 02:00:00,64730.0,64735.09,64574.02,64642.01,327.49099
2026-07-16 03:00:00,64642.0,64745.55,64555.0,64619.95,221.04888
2026-07-16 04:00:00,64619.96,64692.0,64544.04,64650.05,615.61718
2026-07-16 05:00:00,64650.05,64997.52,64592.67,64917.99,618.6053
2026-07-16 06:00:00,64917.99,64978.0,64630.01,64777.32,355.62558
2026-07-16 07:00:00,64777.33,64777.33,64086.12,64238.0,1138.76345
2026-07-16 08:00:00,64238.0,64380.0,63888.0,64126.85,3967.6065
2026-07-16 09:00:00,64126.86,64186.83,64019.02,64090.0,3387.73889
2026-07-16 10:00:00,64090.0,64269.42,64077.75,64221.34,351.18175
2026-07-16 11:00:00,64221.34,64269.42,64101.0,64256.53,377.01841
2026-07-16 12:00:00,64256.52,64256.52,63838.28,63966.01,728.30687
2026-07-16 13:00:00,63966.01,64480.0,63961.14,64376.0,827.04997
2026-07-16 14:00:00,64375.99,64863.07,64332.57,64543.51,993.97642
2026-07-16 15:00:00,64543.51,64896.0,64320.0,64704.73,620.57363
2026-07-16 16:00:00,64704.73,64712.0,64333.33,64484.0,523.57946
2026-07-16 17:00:00,64484.01,64484.01,63984.09,64069.03,616.12218
2026-07-16 18:00:00,64069.04,64330.0,64052.14,64246.01,275.58322
2026-07-16 19:00:00,64246.01,64301.99,64152.0,64271.84,368.59969
2026-07-16 20:00:00,64271.85,64276.0,64108.0,64114.27,169.71905
2026-07-16 21:00:00,64114.25,64253.25,64101.18,64161.99,188.0978
2026-07-16 22:00:00,64162.0,64240.12,63950.01,63968.0,351.60652
2026-07-16 23:00:00,63968.01,64010.58,63748.74,63830.2,515.53223
2026-07-17 00:00:00,63830.2,63912.0,63612.62,63886.0,435.36884
2026-07-17 01:00:00,63886.0,64067.69,63476.0,63546.24,735.77497
2026-07-17 02:00:00,63546.25,63657.99,63380.28,63482.0,818.39465
2026-07-17 03:00:00,63482.0,63720.0,63482.0,63570.0,676.04775
2026-07-17 04:00:00,63570.0,63576.0,63320.0,63486.01,490.83509
2026-07-17 05:00:00,63486.01,63486.01,62804.3,62839.76,1190.44758
2026-07-17 06:00:00,62839.77,62998.52,62710.0,62948.0,1200.24888
2026-07-17 07:00:00,62948.0,62983.99,62800.0,62828.11,1288.47496
2026-07-17 08:00:00,62828.11,62939.04,62666.0,62888.0,838.1557
2026-07-17 09:00:00,62888.01,63069.06,62852.89,62989.46,603.45822
2026-07-17 10:00:00,62989.47,63201.91,62989.47,63179.92,534.56662
2026-07-17 11:00:00,63179.91,63361.7,63063.67,63298.01,617.19974
2026-07-17 12:00:00,63298.0,63348.0,63069.09,63099.75,618.64826
2026-07-17 13:00:00,63099.75,63180.0,62537.56,63153.99,1381.50027
2026-07-17 14:00:00,63154.0,63518.0,63051.77,63174.0,1199.38162
2026-07-17 15:00:00,63174.01,63452.0,62856.16,63452.0,702.84059
2026-07-17 16:00:00,63452.0,63706.75,63312.01,63594.0,881.75053
2026-07-17 17:00:00,63594.0,64228.27,63594.0,64049.86,1210.18889
2026-07-17 18:00:00,64049.85,64387.99,63894.0,64259.73,761.86335
2026-07-17 19:00:00,64259.73,64259.73,63981.2,64160.8,578.45246
2026-07-17 20:00:00,64160.8,64192.57,63958.19,64120.0,456.18305
2026-07-17 21:00:00,64120.01,64216.61,64064.0,64110.0,284.21145
2026-07-17 22:00:00,64110.01,64147.0,63903.63,63986.0,255.88006
2026-07-17 23:00:00,63986.01,64011.08,63884.35,63931.67,430.02036
2026-07-18 00:00:00,63931.67,64012.39,63895.33,63910.04,217.92923
2026-07-18 01:00:00,63910.05,64000.0,63886.65,63952.98,200.93158
2026-07-18 02:00:00,63952.97,64032.6,63930.54,63967.61,372.4998
2026-07-18 03:00:00,63967.61,64017.85,63928.15,64017.84,578.99589
2026-07-18 04:00:00,64017.84,64017.85,63947.09,63967.99,311.74394
2026-07-18 05:00:00,63968.0,63998.0,63926.39,63967.95,153.28461
2026-07-18 06:00:00,63967.95,64005.99,63950.0,63979.67,193.68533
2026-07-18 07:00:00,63979.67,64026.03,63974.94,64002.75,290.3862
2026-07-18 08:00:00,64002.75,64019.64,63960.0,64006.01,293.43528
2026-07-18 09:00:00,64006.01,64006.01,63887.73,63987.76,286.53507
2026-07-18 10:00:00,63987.77,64026.39,63982.34,64016.43,264.0947
2026-07-18 11:00:00,64016.43,64097.22,64010.99,64069.89,259.43503
2026-07-18 12:00:00,64069.89,64274.47,64057.27,64218.0,554.94465
2026-07-18 13:00:00,64218.01,64218.01,63963.0,64106.0,300.90627
2026-07-18 14:00:00,64105.99,64195.01,64101.42,64126.0,182.82691
2026-07-18 15:00:00,64126.0,64163.99,64037.45,64123.12,202.91031
2026-07-18 16:00:00,64123.13,64314.0,64091.48,64303.47,325.76583
2026-07-18 17:00:00,64303.48,64492.0,64280.22,64480.29,572.40254
2026-07-18 18:00:00,64480.28,64669.5,64462.0,64512.41,531.00754
2026-07-18 19:00:00,64512.41,64597.9,64482.0,64552.79,294.01495
2026-07-18 20:00:00,64552.8,64739.64,64528.69,64693.01,554.55726
2026-07-18 21:00:00,64693.02,64846.83,64614.36,64731.72,365.29033
2026-07-18 22:00:00,64731.73,64865.0,64712.29,64805.05,503.12891
2026-07-18 23:00:00,64805.04,64843.3,64709.28,64834.22,220.46796
2026-07-19 00:00:00,64834.21,64906.4,64769.47,64792.08,443.04046
2026-07-19 01:00:00,64792.08,64792.09,64765.99,64765.99,211.03912
2026-07-19 02:00:00,64766.0,64967.25,64700.84,64826.01,574.09127
2026-07-19 03:00:00,64826.01,64842.92,64620.44,64706.18,416.11384
2026-07-19 04:00:00,64706.18,64795.43,64610.89,64720.17,249.31584
2026-07-19 05:00:00,64720.17,64815.65,64676.0,64724.01,206.27533
2026-07-19 06:00:00,64724.0,64759.33,64694.66,64711.69,244.79532
2026-07-19 07:00:00,64711.69,64784.0,64675.0,64711.05,401.27453
2026-07-19 08:00:00,64711.04,64743.0,64631.54,64707.49,602.66232
2026-07-19 09:00:00,64707.48,64725.74,64500.0,64509.99,392.93472
2026-07-19 10:00:00,64510.0,64700.0,64482.0,64595.0,334.64364
2026-07-19 11:00:00,64595.0,64636.28,64445.0,64467.64,208.69371
2026-07-19 12:00:00,64467.65,64467.65,64285.24,64441.15,549.2859
2026-07-19 13:00:00,64441.16,64516.33,64307.72,64483.31,325.94592
2026-07-19 14:00:00,64483.32,64663.04,64425.24,64593.07,328.9706
2026-07-19 15:00:00,64593.07,64620.0,64500.0,64585.32,260.30458
2026-07-19 16:00:00,64585.33,64644.0,64505.21,64538.72,321.63819
2026-07-19 17:00:00,64538.72,64752.0,64406.3,64547.86,402.19584
2026-07-19 18:00:00,64547.86,64554.0,64280.0,64419.99,321.71164
2026-07-19 19:00:00,64420.0,64467.82,64352.0,64462.58,115.02705
2026-07-19 20:00:00,64462.58,64560.0,64462.57,64535.99,100.52602
2026-07-19 21:00:00,64536.0,64562.55,64350.0,64415.75,221.49991
2026-07-19 22:00:00,64415.75,64900.0,64347.89,64674.67,828.28879
2026-07-19 23:00:00,64674.66,64772.0,64572.0,64722.54,319.6402
2026-07-20 00:00:00,64722.55,65107.99,64416.0,64553.84,736.05935
2026-07-20 01:00:00,64553.85,65029.4,64506.0,64628.01,401.29098
2026-07-20 02:00:00,64628.01,64964.0,64585.0,64827.2,378.92701
2026-07-20 03:00:00,64827.19,64914.93,64644.01,64869.8,340.53514
2026-07-20 04:00:00,64869.79,64869.99,64540.0,64540.01,333.38076
2026-07-20 05:00:00,64540.0,64562.0,64082.7,64128.0,978.47191
2026-07-20 06:00:00,64128.01,64220.0,63765.83,63917.98,852.13818
2026-07-20 07:00:00,63917.99,64315.96,63896.0,64280.01,998.28115
2026-07-20 08:00:00,64280.01,64356.0,63100.0,64049.99,3901.45477
2026-07-20 09:00:00,64050.0,64276.0,64012.8,64199.5,508.64903
2026-07-20 10:00:00,64199.51,64415.42,64162.0,64301.18,339.54836
2026-07-20 11:00:00,64301.18,65068.0,64273.33,65002.01,1040.02207
2026-07-20 12:00:00,65002.0,65002.83,64599.89,64640.0,1301.45682
2026-07-20 13:00:00,64640.0,64763.67,64208.0,64344.01,1171.73283
2026-07-20 14:00:00,64344.01,64575.37,64077.76,64416.01,811.23879
2026-07-20 15:00:00,64416.01,65666.8,64398.15,65598.75,2563.16846
2026-07-20 16:00:00,65598.75,65637.7,65336.0,65508.5,1056.62117
2026-07-20 17:00:00,65508.5,65646.55,65342.52,65587.98,673.41436
2026-07-20 18:00:00,65587.99,65799.0,65204.0,65240.01,708.20295
2026-07-20 19:00:00,65240.01,65274.58,65041.05,65142.0,856.15121
2026-07-20 20:00:00,65142.0,65438.0,65061.92,65367.58,339.09983
2026-07-20 21:00:00,65367.57,65445.27,65272.32,65286.02,264.99229
2026-07-20 22:00:00,65286.02,65286.02,65092.66,65141.99,333.37114
2026-07-20 23:00:00,65142.0,65272.21,65128.17,65255.51,435.27846
2026-07-21 00:00:00,65255.51,65585.0,65148.75,65568.01,685.78688
2026-07-21 01:00:00,65568.0,65658.78,65232.65,65235.55,421.8846
2026-07-21 02:00:00,65235.56,65500.0,65176.2,65414.01,382.21075
2026-07-21 03:00:00,65414.01,65593.11,65411.74,65566.78,795.51369
2026-07-21 04:00:00,65566.77,65742.58,65471.69,65522.01,600.76388
2026-07-21 05:00:00,65522.0,65933.24,65485.55,65751.56,864.8195
2026-07-21 06:00:00,65751.56,65991.05,65634.0,65913.0,733.43884
2026-07-21 07:00:00,65913.0,66245.64,65866.0,66186.86,1338.71722
2026-07-21 08:00:00,66186.86,66354.0,66129.19,66226.44,1032.71252
2026-07-21 09:00:00,66226.43,66350.0,66144.0,66291.99,472.96398
2026-07-21 10:00:00,66292.0,66420.65,66176.55,66180.0,1179.04438
2026-07-21 11:00:00,66180.0,66350.0,66147.82,66345.59,752.24871
2026-07-21 12:00:00,66345.59,66640.0,66255.73,66558.82,1002.49408
2026-07-21 13:00:00,66558.81,66810.97,66315.62,66786.0,1358.43796
2026-07-21 14:00:00,66786.0,66956.15,66648.27,66842.3,1722.33044
2026-07-21 15:00:00,66842.29,66842.3,66517.52,66676.54,948.73464
2026-07-21 16:00:00,66676.53,66764.0,66462.32,66542.01,672.73654
2026-07-21 17:00:00,66542.01,66567.59,66052.63,66207.95,1024.8098
2026-07-21 18:00:00,66207.96,66358.0,66098.71,66319.95,619.31647
2026-07-21 19:00:00,66319.96,66502.8,66264.12,66444.76,623.55174
2026-07-21 20:00:00,66444.76,66496.0,66359.3,66406.57,288.41886
2026-07-21 21:00:00,66406.58,66408.26,66290.0,66385.0,330.71956
2026-07-21 22:00:00,66385.0,66388.35,66204.0,66304.02,432.0724
2026-07-21 23:00:00,66304.02,66576.0,66228.55,66556.16,334.55343
2026-07-22 00:00:00,66556.15,66739.89,66525.54,66620.97,961.25987
2026-07-22 01:00:00,66620.97,66661.79,66282.65,66433.3,801.8459
2026-07-22 02:00:00,66433.29,66532.26,66298.0,66314.12,584.2039
2026-07-22 03:00:00,66314.12,66371.27,66176.0,66210.0,535.35393
2026-07-22 04:00:00,66209.99,66424.0,66198.0,66381.05,1016.50384
2026-07-22 05:00:00,66381.05,66381.05,65944.51,65974.9,732.84767
2026-07-22 06:00:00,65974.9,66026.93,65830.94,65934.33,677.13061
2026-07-22 07:00:00,65934.34,65968.9,65701.0,65843.48,1698.20928
2026-07-22 08:00:00,65843.48,66164.57,65843.47,65987.96,1762.03259
2026-07-22 09:00:00,65987.97,66082.5,65850.0,65928.0,1983.57551
2026-07-22 10:00:00,65928.01,66116.36,65898.0,66046.02,636.27622
2026-07-22 11:00:00,66046.01,66092.59,65909.16,66013.36,789.42664
2026-07-22 12:00:00,66013.36,66013.37,65553.67,65636.01,572.31956
2026-07-22 13:00:00,65636.01,65982.28,65559.66,65951.39,762.44551
2026-07-22 14:00:00,65951.38,66204.98,65588.0,65793.98,977.66799
2026-07-22 15:00:00,65793.98,66125.0,65793.98,66047.39,689.66439
2026-07-22 16:00:00,66047.38,66384.0,65911.6,66229.01,531.34681
2026-07-22 17:00:00,66229.01,66275.29,65944.0,66024.03,332.68865
2026-07-22 18:00:00,66024.02,66075.91,65726.08,65895.46,372.67709
2026-07-22 19:00:00,65895.46,65958.56,65691.93,65923.19,284.49057
2026-07-22 20:00:00,65923.19,65986.0,65791.79,65919.68,303.33342
2026-07-22 21:00:00,65919.67,66133.98,65892.64,66072.47,345.28683
2026-07-22 22:00:00,66072.48,66080.94,65932.0,66044.17,283.8249
2026-07-22 23:00:00,66044.17,66138.24,65844.3,66114.49,440.45434
2026-07-23 00:00:00,66114.5,66313.14,66054.58,66058.19,818.52742
2026-07-23 01:00:00,66058.2,66208.0,65751.0,65830.0,911.89269
2026-07-23 02:00:00,65830.0,65843.25,65653.23,65805.34,489.67764
2026-07-23 03:00:00,65805.35,65816.0,65585.11,65662.53,518.12407
2026-07-23 04:00:00,65662.53,65738.99,65590.12,65616.48,673.83221
2026-07-23 05:00:00,65616.49,65797.93,65570.12,65691.01,258.16071
2026-07-23 06:00:00,65691.01,65821.17,65625.2,65790.0,198.22051
2026-07-23 07:00:00,65790.0,65790.0,65351.02,65442.13,625.4986
2026-07-23 08:00:00,65442.12,65665.99,65419.75,65633.0,617.22753
2026-07-23 09:00:00,65632.99,65757.99,65608.18,65638.92,505.16907
2026-07-23 10:00:00,65638.92,65792.09,65589.69,65740.0,314.19369
2026-07-23 11:00:00,65740.0,65740.01,65540.93,65555.21,260.87827
2026-07-23 12:00:00,65555.21,65589.41,64988.05,65167.04,1080.21623
2026-07-23 13:00:00,65167.05,65221.29,64863.62,64880.0,1019.68548
2026-07-23 14:00:00,64880.0,65216.24,64822.13,64909.99,1122.58373
2026-07-23 15:00:00,64910.0,65023.68,64728.0,64958.36,1087.45523
2026-07-23 16:00:00,64958.37,64961.15,64704.57,64756.84,823.97347
2026-07-23 17:00:00,64756.84,64900.0,64650.0,64681.27,610.54166
2026-07-23 18:00:00,64681.26,64948.05,64680.0,64869.12,473.57506
2026-07-23 19:00:00,64869.13,64934.75,64686.56,64846.94,525.37224
2026-07-23 20:00:00,64846.93,65217.93,64834.52,65147.5,435.69297
2026-07-23 21:00:00,65147.5,65210.35,65014.0,65169.81,348.6782
2026-07-23 22:00:00,65169.82,65227.99,65013.94,65195.43,465.02672
2026-07-23 23:00:00,65195.43,65235.43,65052.01,65098.97,514.02333
2026-07-24 00:00:00,65098.98,65113.86,64762.18,64973.99,343.41298
2026-07-24 01:00:00,64974.0,65168.0,64944.37,65086.0,666.39562
2026-07-24 02:00:00,65086.0,65187.57,64925.45,65116.99,432.3739
2026-07-24 03:00:00,65116.99,65464.35,65078.0,65456.7,382.6998
2026-07-24 04:00:00,65456.7,65469.86,65272.26,65318.0,299.6958
2026-07-24 05:00:00,65318.01,65394.0,65248.0,65325.0,372.30415
2026-07-24 06:00:00,65325.01,65519.93,65278.07,65472.0,914.26438
2026-07-24 07:00:00,65472.0,65808.59,65320.69,65499.95,1219.60281
2026-07-24 08:00:00,65499.94,65508.17,65302.18,65302.18,306.26025
2026-07-24 09:00:00,65302.18,65314.66,64952.38,65113.13,478.93491
2026-07-24 10:00:00,65113.13,65157.99,64906.85,64950.0,716.12782
2026-07-24 11:00:00,64950.01,65099.99,64857.14,65083.43,751.17375
2026-07-24 12:00:00,65083.42,65133.99,64766.0,64780.01,507.45117
2026-07-24 13:00:00,64780.0,64802.0,63920.01,64155.46,2007.68582
2026-07-24 14:00:00,64155.47,64198.3,63739.75,64055.12,1591.08926
2026-07-24 15:00:00,64055.11,64333.33,63858.0,64093.85,1939.18979
2026-07-24 16:00:00,64093.86,64200.0,63881.46,63958.0,529.35925
2026-07-24 17:00:00,63958.01,64202.91,63905.51,64180.0,525.47557
2026-07-24 18:00:00,64180.0,64290.1,64129.75,64272.0,390.98725
2026-07-24 19:00:00,64272.01,64292.44,64141.18,64225.32,579.59462
2026-07-24 20:00:00,64225.32,64288.02,64128.89,64170.23,214.82759
2026-07-24 21:00:00,64170.24,64258.73,64122.29,64155.0,651.81342
2026-07-24 22:00:00,64155.0,64216.27,64121.86,64169.01,587.59798
2026-07-24 23:00:00,64169.01,64187.4,64134.71,64139.99,412.95391
2026-07-25 00:00:00,64140.0,64179.03,64033.18,64073.61,386.54772
2026-07-25 01:00:00,64073.61,64160.0,64006.55,64068.01,493.07694
2026-07-25 02:00:00,64068.0,64099.99,64017.87,64052.0,479.58839
2026-07-25 03:00:00,64052.01,64105.61,64016.65,64085.36,469.51581
2026-07-25 04:00:00,64085.36,64205.67,64085.15,64181.46,171.38031
2026-07-25 05:00:00,64181.45,64199.76,63980.01,64024.0,245.62438
2026-07-25 06:00:00,64024.0,64063.37,63964.57,64010.0,248.54758
2026-07-25 07:00:00,64010.0,64038.52,64000.0,64003.2,408.36611
2026-07-25 08:00:00,64003.2,64010.01,63810.0,63876.06,507.52898
2026-07-25 09:00:00,63876.07,64024.72,63830.0,63999.99,1813.6121
2026-07-25 10:00:00,64000.0,64070.0,63996.0,64070.0,200.57959
2026-07-25 11:00:00,64069.99,64113.0,64047.09,64064.01,226.46632
2026-07-25 12:00:00,64064.01,64123.8,64043.0,64123.8,179.4102
2026-07-25 13:00:00,64123.8,64267.78,64106.74,64172.0,285.46591
2026-07-25 14:00:00,64172.01,64217.09,64126.0,64214.04,270.20323
2026-07-25 15:00:00,64214.05,64272.0,64169.99,64182.0,193.98029
2026-07-25 16:00:00,64182.01,64241.71,64123.0,64206.6,126.61028
2026-07-25 17:00:00,64206.61,64356.0,64194.37,64267.4,187.81706
2026-07-25 18:00:00,64267.41,64475.28,64267.41,64415.99,314.52068
2026-07-25 19:00:00,64415.99,64438.12,64388.38,64388.38,219.4973
2026-07-25 20:00:00,64388.39,64392.74,64313.0,64339.75,213.90166
2026-07-25 21:00:00,64339.75,64430.0,64263.03,64344.02,177.06463
2026-07-25 22:00:00,64344.02,64426.0,64344.01,64412.0,625.93723
2026-07-25 23:00:00,64412.01,64429.38,64363.0,64375.0,417.8076
2026-07-26 00:00:00,64375.01,64507.0,64350.0,64506.99,256.73658
2026-07-26 01:00:00,64506.99,64541.66,64456.67,64462.0,277.18148
2026-07-26 02:00:00,64462.0,64527.59,64427.59,64527.56,117.0226
2026-07-26 03:00:00,64527.57,64582.0,64488.73,64557.0,304.96319
2026-07-26 04:00:00,64557.0,64599.95,64491.73,64530.06,425.16453
2026-07-26 05:00:00,64530.06,64530.07,64403.95,64417.69,131.14508
2026-07-26 06:00:00,64417.68,64457.55,64293.81,64438.0,408.23581
2026-07-26 07:00:00,64438.01,64460.0,64341.99,64370.0,273.49735
2026-07-26 08:00:00,64370.0,64493.99,64353.0,64480.01,204.14991
2026-07-26 09:00:00,64480.02,64549.02,64478.38,64538.0,164.82486
2026-07-26 10:00:00,64538.01,64573.73,64497.62,64515.4,137.0474
2026-07-26 11:00:00,64515.39,64535.99,64495.17,64507.35,174.84399
2026-07-26 12:00:00,64507.36,64662.99,64434.0,64466.67,319.29329
2026-07-26 13:00:00,64466.68,64571.42,64414.0,64518.0,319.1541
2026-07-26 14:00:00,64517.99,64768.23,64517.99,64712.99,504.24215
2026-07-26 15:00:00,64713.0,64827.0,64673.42,64768.0,313.86895
2026-07-26 16:00:00,64768.0,64940.51,64703.23,64734.17,420.05042
2026-07-26 17:00:00,64734.17,64794.45,64668.91,64697.2,347.81315
2026-07-26 18:00:00,64697.21,64769.99,64668.91,64734.38,114.76281
2026-07-26 19:00:00,64734.39,64753.0,64671.91,64695.52,369.55718
2026-07-26 20:00:00,64695.52,64703.36,64631.57,64649.04,120.01782
2026-07-26 21:00:00,64649.04,64924.0,64649.03,64858.02,268.26505
2026-07-26 22:00:00,64858.03,65502.6,64858.03,65412.68,1331.07392
2026-07-26 23:00:00,65412.69,65577.0,65273.76,65399.99,630.14927
2026-07-27 00:00:00,65400.0,65418.81,65065.46,65131.95,465.77387
2026-07-27 01:00:00,65131.96,65225.75,64892.03,65206.21,478.78723
2026-07-27 02:00:00,65206.21,65281.64,65118.08,65172.0,475.81825
2026-07-27 03:00:00,65172.02,65367.73,65161.99,65284.0,519.18282
2026-07-27 04:00:00,65284.0,65500.0,65242.69,65282.8,331.55981
2026-07-27 05:00:00,65282.81,65493.38,65282.8,65468.38,284.79372
2026-07-27 06:00:00,65468.38,65744.6,65404.9,65416.76,867.3473
2026-07-27 07:00:00,65416.77,65447.02,65217.16,65221.99,1066.09119
2026-07-27 08:00:00,65221.99,65258.0,65128.85,65162.98,724.97518
2026-07-27 09:00:00,65162.98,65348.17,65100.0,65262.17,1478.16072
2026-07-27 10:00:00,65262.18,65432.0,65230.01,65333.35,412.29993
2026-07-27 11:00:00,65333.35,65333.36,65092.0,65100.79,287.15002
2026-07-27 12:00:00,65100.79,65255.76,64836.0,65086.0,587.73231
2026-07-27 13:00:00,65086.0,65718.0,64913.12,65217.37,1076.54142
2026-07-27 14:00:00,65217.38,65431.9,64459.82,64687.45,1132.47674
2026-07-27 15:00:00,64687.45,64776.0,64418.01,64554.01,596.28993
2026-07-27 16:00:00,64554.0,64970.93,64517.78,64898.52,473.37301
2026-07-27 17:00:00,64898.53,65090.0,64794.37,65019.81,404.49207
2026-07-27 18:00:00,65019.81,65058.32,64755.67,64878.0,323.26344
2026-07-27 19:00:00,64878.0,65078.0,64810.9,64984.0,291.82434
2026-07-27 20:00:00,64983.99,65056.0,64908.01,64960.65,197.69959
2026-07-27 21:00:00,64960.64,64960.65,64790.28,64821.25,238.07403
2026-07-27 22:00:00,64821.26,64821.26,63792.0,63792.0,1130.54656
2026-07-27 23:00:00,63792.01,63940.27,63605.56,63755.86,947.65195
2026-07-28 00:00:00,63755.86,63827.49,63469.3,63487.88,711.04544
2026-07-28 01:00:00,63487.88,63529.89,63059.39,63230.83,1245.20979
2026-07-28 02:00:00,63230.82,63305.94,63108.0,63185.59,429.21894
2026-07-28 03:00:00,63185.59,63375.39,63168.01,63343.83,728.50056
2026-07-28 04:00:00,63343.82,63361.85,63221.26,63350.95,343.17382
2026-07-28 05:00:00,63350.95,63623.5,63323.09,63451.61,390.51839
2026-07-28 06:00:00,63451.62,63660.72,63395.13,63640.63,460.72288
2026-07-28 07:00:00,63640.63,63668.71,63455.58,63505.99,985.9853
2026-07-28 08:00:00,63506.0,63546.36,63406.11,63428.08,281.48766
2026-07-28 09:00:00,63428.07,63581.33,63368.81,63393.99,315.43759
2026-07-28 10:00:00,63393.99,63555.18,63294.0,63473.47,416.0357
2026-07-28 11:00:00,63473.48,63593.0,63352.0,63450.0,405.45329
2026-07-28 12:00:00,63449.99,63570.0,63364.96,63546.65,440.98415
2026-07-28 13:00:00,63546.65,63588.0,62742.47,63104.0,1615.91422
2026-07-28 14:00:00,63104.0,63550.0,62965.38,63412.45,868.98588
2026-07-28 15:00:00,63412.45,64026.62,63269.28,63928.47,945.11572
2026-07-28 16:00:00,63928.46,64100.0,63773.65,64043.26,517.94749
2026-07-28 17:00:00,64043.27,64043.27,63504.0,63685.88,527.24876
2026-07-28 18:00:00,63685.88,63849.09,63672.26,63734.49,311.5129
2026-07-28 19:00:00,63734.49,63904.0,63675.93,63904.0,333.27009
2026-07-28 20:00:00,63904.0,64018.39,63880.0,63917.55,300.22119
2026-07-28 21:00:00,63917.55,64073.3,63892.0,63972.44,227.23863
2026-07-28 22:00:00,63972.44,64020.76,63768.47,63783.71,319.67019
2026-07-28 23:00:00,63783.72,63956.4,63562.0,63915.0,768.93138
2026-07-29 00:00:00,63915.0,64200.0,63873.54,63953.99,862.01004
2026-07-29 01:00:00,63954.0,63999.0,63690.0,63705.06,643.74129
2026-07-29 02:00:00,63705.07,64132.42,63658.0,63979.96,459.75103
2026-07-29 03:00:00,63979.96,64002.0,63710.0,63753.03,381.54189
2026-07-29 04:00:00,63753.04,63970.92,63598.0,63968.34,635.48596
2026-07-29 05:00:00,63968.34,64094.2,63890.07,64067.32,612.17163
2026-07-29 06:00:00,64067.32,64471.0,64026.64,64435.62,959.62083
2026-07-29 07:00:00,64435.63,64575.99,64402.67,64561.0,512.31101
2026-07-29 08:00:00,64561.01,64588.0,64283.83,64417.31,442.88681
2026-07-29 09:00:00,64417.31,64744.81,64386.94,64698.0,689.93306
2026-07-29 10:00:00,64698.01,64718.0,64410.24,64469.83,337.46395
2026-07-29 11:00:00,64469.84,64591.73,64422.5,64507.54,317.77588
2026-07-29 12:00:00,64507.53,64507.54,64215.93,64276.81,475.5158
2026-07-29 13:00:00,64276.82,64667.18,64139.68,64664.7,795.5697
2026-07-29 14:00:00,64664.69,64718.87,64047.71,64108.01,736.50705
2026-07-29 15:00:00,64108.01,64195.0,63886.0,63964.01,727.70384
2026-07-29 16:00:00,63964.01,64146.53,63624.15,63808.33,758.02868
2026-07-29 17:00:00,63808.33,64286.71,63709.19,64269.83,486.13508
2026-07-29 18:00:00,64269.83,64648.79,63758.0,64501.52,1896.70634
2026-07-29 19:00:00,64501.52,64600.0,63511.0,63589.46,1453.05091
2026-07-29 20:00:00,63589.46,63746.42,63378.09,63522.01,788.59239
2026-07-29 21:00:00,63522.01,63860.0,63267.34,63860.0,771.02443
2026-07-29 22:00:00,63860.0,64131.44,63859.99,63942.5,704.70887
2026-07-29 23:00:00,63942.5,64067.12,63899.0,63984.28,331.88265
2026-07-30 00:00:00,63984.29,64125.61,63603.92,63696.72,649.94769
2026-07-30 01:00:00,63696.73,64370.0,63690.0,64266.0,686.07285
2026-07-30 02:00:00,64266.01,64411.76,64159.63,64189.99,575.1734
2026-07-30 03:00:00,64190.0,64300.91,64133.99,64161.98,422.8264
2026-07-30 04:00:00,64161.98,64180.0,64008.5,64023.99,927.45873
2026-07-30 05:00:00,64024.0,64182.0,63907.85,64033.89,766.12333
2026-07-30 06:00:00,64033.9,64080.0,63957.2,64002.0,642.99866
2026-07-30 07:00:00,64001.99,64144.06,63943.29,64026.0,710.04842
2026-07-30 08:00:00,64026.0,64358.99,63980.54,64308.01,1143.21426
2026-07-30 09:00:00,64308.01,64641.37,64283.8,64567.56,2560.14823
2026-07-30 10:00:00,64567.55,64631.99,64562.0,64570.72,459.04462
2026-07-30 11:00:00,64570.72,64885.18,64542.73,64788.0,630.38864
2026-07-30 12:00:00,64788.01,65043.94,64788.0,64925.0,819.62205
2026-07-30 13:00:00,64925.0,65176.6,64689.02,65022.01,1173.19736
2026-07-30 14:00:00,65022.0,65042.0,64620.0,64683.97,1065.79722
2026-07-30 15:00:00,64683.97,64888.0,64607.31,64730.3,678.51535
2026-07-30 16:00:00,64730.29,64963.64,64729.56,64818.01,615.24584
2026-07-30 17:00:00,64818.01,64988.0,64772.0,64872.0,452.4677
2026-07-30 18:00:00,64871.99,64899.8,64688.0,64702.8,263.9882
2026-07-30 19:00:00,64702.8,64904.0,64702.79,64800.0,356.88836
2026-07-30 20:00:00,64800.0,64936.0,64752.12,64777.37,330.42092
2026-07-30 21:00:00,64777.38,64802.48,64700.34,64735.53,227.76045
2026-07-30 22:00:00,64735.53,65029.29,64668.91,64851.16,482.45748
2026-07-30 23:00:00,64851.16,65086.4,64740.0,64780.02,491.7787
2026-07-31 00:00:00,64780.03,64901.55,64690.29,64724.91,660.4309
2026-07-31 01:00:00,64724.92,65409.56,64480.44,64564.01,1217.00276
2026-07-31 02:00:00,64564.0,64614.0,64203.58,64297.79,855.65776
2026-07-31 03:00:00,64297.79,64439.81,64172.0,64370.0,548.04563
2026-07-31 04:00:00,64370.0,64438.0,64236.0,64300.0,391.13431
2026-07-31 05:00:00,64299.99,64421.68,64268.47,64363.06,529.40293
2026-07-31 06:00:00,64363.06,64496.64,64196.08,64231.97,503.77566
2026-07-31 07:00:00,64231.97,64245.57,63878.11,63950.01,3088.95651
2026-07-31 08:00:00,63950.01,63987.36,63784.67,63834.01,734.18718
2026-07-31 09:00:00,63834.01,63847.13,63638.18,63715.9,562.33026
2026-07-31 10:00:00,63715.91,63951.77,63610.0,63918.67,422.39058
2026-07-31 11:00:00,63918.68,64011.99,63792.01,63805.51,287.14604
2026-07-31 12:00:00,63805.5,63830.62,63627.66,63754.01,516.25828
2026-07-31 13:00:00,63754.01,63849.19,63241.71,63270.73,1511.53534
2026-07-31 14:00:00,63270.72,63310.0,62466.0,62682.06,3628.40429
2026-07-31 15:00:00,62682.05,62769.36,62490.24,62716.57,965.95557
2026-07-31 16:00:00,62716.57,62931.79,62709.01,62870.88,857.24803
2026-07-31 17:00:00,62870.87,63301.68,62800.0,63245.44,856.72938
2026-07-31 18:00:00,63245.44,63302.0,62966.0,63097.57,753.45664
2026-07-31 19:00:00,63097.57,63158.0,62936.29,62972.0,304.88916
2026-07-31 20:00:00,62972.0,63034.0,62928.35,62953.7,318.42027
2026-07-31 21:00:00,62953.7,63062.47,62846.0,62947.78,334.75985
2026-07-31 22:00:00,62947.77,63020.0,62870.01,62950.0,440.99494
2026-07-31 23:00:00,62950.01,63013.52,62860.64,62887.88,186.49459
2026-08-01 00:00:00,62887.88,63024.04,62887.87,62938.01,517.26897
2026-08-01 01:00:00,62938.01,62990.0,62923.47,62975.01,386.71985
2026-08-01 02:00:00,62975.0,63106.55,62975.0,63075.07,348.67082
2026-08-01 03:00:00,63075.08,63075.08,62970.65,63004.48,388.95582
2026-08-01 04:00:00,63004.47,63115.37,62993.2,63115.01,223.92941
2026-08-01 05:00:00,63115.0,63142.85,63000.85,63020.0,458.27671
2026-08-01 06:00:00,63020.0,63086.65,62992.82,63080.64,434.87477
2026-08-01 07:00:00,63080.65,63110.89,63034.0,63050.46,150.69173
2026-08-01 08:00:00,63050.45,63150.0,63050.45,63126.25,106.02817
2026-08-01 09:00:00,63126.25,63139.54,63046.33,63053.17,228.45152
2026-08-01 10:00:00,63053.17,63111.09,62986.31,63056.0,321.04349
2026-08-01 11:00:00,63055.99,63091.97,63037.72,63076.0,179.08594
2026-08-01 12:00:00,63076.0,63119.4,63076.0,63103.68,320.18632
2026-08-01 13:00:00,63103.68,63106.83,63051.0,63069.32,187.46878
2026-08-01 14:00:00,63069.31,63127.07,63069.31,63126.52,385.79335
2026-08-01 15:00:00,63126.53,63126.53,63007.05,63007.06,164.42533
2026-08-01 16:00:00,63007.06,63027.65,62874.0,62932.32,327.87182
2026-08-01 17:00:00,62932.32,62996.0,62666.0,62708.07,359.17517
2026-08-01 18:00:00,62708.06,62734.0,62275.0,62580.56,931.42897
2026-08-01 19:00:00,62580.55,62624.0,62461.17,62529.82,312.52626
2026-08-01 20:00:00,62529.81,62674.98,62482.99,62662.13,183.46966
2026-08-01 21:00:00,62662.14,62864.0,62662.13,62812.75,229.38386
2026-08-01 22:00:00,62812.76,62866.62,62794.17,62831.28,129.54917
2026-08-01 23:00:00,62831.29,62862.8,62769.97,62823.64,287.81315
2026-08-02 00:00:00,62823.65,62979.99,62806.58,62833.99,397.27424
2026-08-02 01:00:00,62834.0,63088.0,62834.0,62981.87,215.77694
2026-08-02 02:00:00,62981.87,63547.7,62958.54,63451.58,1068.41906
2026-08-02 03:00:00,63451.58,63550.0,63380.0,63461.95,388.55462
2026-08-02 04:00:00,63461.95,63612.0,63461.95,63590.0,302.37117
2026-08-02 05:00:00,63590.0,63634.0,63415.26,63453.27,261.31562
2026-08-02 06:00:00,63453.27,63498.15,63435.99,63482.49,160.39885
2026-08-02 07:00:00,63482.49,63544.51,63480.0,63506.24,412.11258
2026-08-02 08:00:00,63506.23,63530.0,63172.0,63193.99,542.79786
2026-08-02 09:00:00,63194.0,63320.0,63094.0,63273.94,277.11141
2026-08-02 10:00:00,63273.94,63273.94,63125.06,63205.03,200.2751
2026-08-02 11:00:00,63205.03,63206.0,62982.38,63031.99,373.06149
2026-08-02 12:00:00,63031.99,63231.67,63031.99,63125.49,247.99863
2026-08-02 13:00:00,63125.49,63146.89,63010.0,63126.92,262.12825
2026-08-02 14:00:00,63126.92,63186.0,63062.0,63069.37,314.22912
2026-08-02 15:00:00,63069.37,63186.0,63050.0,63109.14,191.05332
2026-08-02 16:00:00,63109.13,63273.49,63064.01,63180.36,267.96361
2026-08-02 17:00:00,63180.36,63342.0,63152.0,63300.28,318.39177
2026-08-02 18:00:00,63300.0,63610.01,63290.0,63382.01,518.81545
2026-08-02 19:00:00,63382.01,63479.85,63323.89,63456.01,247.35839
2026-08-02 20:00:00,63456.0,63501.48,63404.69,63494.52,140.51262
2026-08-02 21:00:00,63494.51,63785.0,63479.45,63578.0,457.27756
2026-08-02 22:00:00,63578.01,63796.33,63376.71,63424.58,484.1409
2026-08-02 23:00:00,63424.58,63596.0,63344.0,63570.0,337.67298
2026-08-03 00:00:00,63570.01,63596.0,63208.3,63317.6,357.32342
2026-08-03 01:00:00,63317.61,63350.0,63111.1,63212.16,372.31318
2026-08-03 02:00:00,63212.16,63286.0,63100.0,63141.4,334.18959
2026-08-03 03:00:00,63141.39,63168.44,62786.04,62870.49,516.46423
2026-08-03 04:00:00,62870.48,63001.77,62770.37,62790.0,320.41763
2026-08-03 05:00:00,62790.0,62875.02,62751.3,62827.17,546.69206
2026-08-03 06:00:00,62827.17,62872.58,62613.0,62623.6,396.31841
2026-08-03 07:00:00,62623.6,62700.0,62552.04,62621.1,1264.72827
2026-08-03 08:00:00,62621.1,62647.69,62300.0,62541.5,657.33122
2026-08-03 09:00:00,62541.5,62863.1,62520.0,62837.4,585.41075
2026-08-03 10:00:00,62837.4,62860.0,62615.11,62742.01,443.80935
2026-08-03 11:00:00,62742.01,62778.92,62540.95,62560.01,282.26451
2026-08-03 12:00:00,62560.01,62799.3,62445.26,62700.0,437.23263
2026-08-03 13:00:00,62700.01,63390.0,62562.42,63351.09,1121.39133
2026-08-03 14:00:00,63351.09,63992.71,63136.0,63967.19,2387.82383
2026-08-03 15:00:00,63967.19,63989.75,63646.59,63694.91,1368.53804
2026-08-03 16:00:00,63694.9,63939.99,63664.0,63776.46,800.0795
2026-08-03 17:00:00,63776.46,64059.75,63714.55,63906.0,628.1066
2026-08-03 18:00:00,63905.99,64000.0,63768.0,63870.87,368.04477
2026-08-03 19:00:00,63870.87,64080.0,63846.0,63869.38,545.18183
2026-08-03 20:00:00,63869.38,64023.61,63769.92,63775.43,498.9936
2026-08-03 21:00:00,63775.43,63791.98,63548.0,63590.15,427.95014
2026-08-03 22:00:00,63590.15,63680.0,63392.01,63618.0,422.48287
2026-08-03 23:00:00,63618.01,63621.35,63465.43,63520.0,460.20967
2026-08-04 00:00:00,63520.0,63585.09,63322.01,63361.99,536.23408
2026-08-04 01:00:00,63362.0,63927.99,63361.99,63847.93,808.63269
2026-08-04 02:00:00,63847.92,63972.0,63686.44,63822.44,596.20908
2026-08-04 03:00:00,63822.45,63860.0,63649.0,63800.01,343.13285
2026-08-04 04:00:00,63800.01,64243.81,63762.0,64029.0,795.09044
2026-08-04 05:00:00,64029.01,64056.0,63788.23,63818.48,306.74636
2026-08-04 06:00:00,63818.47,63859.71,63654.16,63670.0,321.82249
2026-08-04 07:00:00,63670.0,63763.63,63506.78,63685.74,779.79552
2026-08-04 08:00:00,63685.73,63748.22,63564.99,63588.94,412.14854
2026-08-04 09:00:00,63589.04,63610.0,63516.43,63603.73,356.68509
2026-08-04 10:00:00,63603.73,63842.0,63451.8,63764.0,613.8334
2026-08-04 11:00:00,63763.99,63950.0,63712.0,63926.0,457.77198
2026-08-04 12:00:00,63926.0,64062.46,63788.0,63906.41,546.54537
2026-08-04 13:00:00,63906.41,64097.74,63656.0,63683.94,1052.90355
2026-08-04 14:00:00,63683.95,64193.54,63615.38,64128.72,879.92592
2026-08-04 15:00:00,64128.73,64238.0,63814.29,64125.14,876.1178
2026-08-04 16:00:00,64125.14,64130.0,63897.22,63950.93,546.40306
2026-08-04 17:00:00,63950.94,64184.0,63892.0,63972.09,719.77508
2026-08-04 18:00:00,63972.09,64400.0,63965.73,64305.99,693.34672
2026-08-04 19:00:00,64305.99,64413.21,64193.57,64233.36,534.82384
2026-08-04 20:00:00,64233.35,64420.0,64001.68,64341.0,558.35238
2026-08-04 21:00:00,64341.0,64341.99,64175.52,64194.0,220.73608
2026-08-04 22:00:00,64193.99,64293.91,64140.0,64270.61,181.53234
2026-08-04 23:00:00,64270.62,64549.16,64081.26,64106.56,551.91443
2026-08-05 00:00:00,64106.55,64193.25,63978.44,63988.0,649.78599
2026-08-05 01:00:00,63988.0,64346.0,63950.0,64333.84,393.02738
2026-08-05 02:00:00,64333.85,64504.0,64322.59,64368.26,562.72054
2026-08-05 03:00:00,64368.27,64446.0,64046.0,64183.27,445.73851
2026-08-05 04:00:00,64183.27,64218.0,64088.01,64176.7,184.21473
2026-08-05 05:00:00,64176.69,64525.97,64163.36,64330.87,480.37923
2026-08-05 06:00:00,64330.86,64373.31,64229.34,64253.58,396.58374
2026-08-05 07:00:00,64253.59,64272.0,63995.89,64163.99,577.00898
2026-08-05 08:00:00,64164.0,64280.0,64098.0,64120.81,335.28683
2026-08-05 09:00:00,64120.81,64210.83,64102.95,64155.05,184.00109
2026-08-05 10:00:00,64155.06,64242.93,64020.0,64062.23,387.90421
2026-08-05 11:00:00,64062.23,64150.0,64044.5,64075.28,258.58817
2026-08-05 12:00:00,64075.28,64581.43,64050.0,64332.43,1037.97436
2026-08-05 13:00:00,64332.43,64412.0,63880.0,64407.99,1022.29322
2026-08-05 14:00:00,64407.99,64578.0,64300.0,64476.39,1047.50709
2026-08-05 15:00:00,64476.4,64744.0,64385.49,64388.01,986.83874
2026-08-05 16:00:00,64388.01,64760.99,64388.0,64661.99,538.9344
2026-08-05 17:00:00,64661.99,64804.0,64541.71,64770.0,480.07544
2026-08-05 18:00:00,64770.0,64844.99,64670.01,64799.1,509.17226
2026-08-05 19:00:00,64799.1,64936.18,64781.79,64840.28,466.98679
2026-08-05 20:00:00,64840.27,65025.22,64806.46,64822.89,498.389
2026-08-05 21:00:00,64822.88,64825.78,64657.69,64733.13,467.37291
2026-08-05 22:00:00,64733.13,64783.84,64629.81,64636.0,271.07045
2026-08-05 23:00:00,64636.0,64749.99,64579.15,64665.23,561.00122
2026-08-06 00:00:00,64665.24,64724.38,64572.0,64644.99,476.9934
2026-08-06 01:00:00,64644.92,64659.65,64498.0,64580.07,393.9399
2026-08-06 02:00:00,64580.08,64650.62,64439.34,64579.36,432.25507
2026-08-06 03:00:00,64579.36,64583.63,64493.2,64531.03,197.99261
2026-08-06 04:00:00,64531.03,64755.72,64496.27,64734.65,354.38235
2026-08-06 05:00:00,64734.65,64996.0,64730.26,64908.09,515.23827
2026-08-06 06:00:00,64908.1,64908.1,64745.69,64860.0,233.29381
2026-08-06 07:00:00,64860.0,64965.66,64776.0,64809.7,679.84082
2026-08-06 08:00:00,64809.7,64999.0,64760.0,64941.99,323.50568
2026-08-06 09:00:00,64942.0,64944.0,64630.0,64683.62,404.08385
2026-08-06 10:00:00,64683.62,64685.05,64581.21,64615.95,207.8831
2026-08-06 11:00:00,64615.95,64661.26,64503.54,64622.09,372.14171
2026-08-06 12:00:00,64622.08,64637.68,64381.96,64424.0,336.45805
2026-08-06 13:00:00,64424.01,64524.21,64172.0,64434.01,870.19548
2026-08-06 14:00:00,64434.01,64850.0,64362.0,64778.0,781.12724
2026-08-06 15:00:00,64778.01,64987.26,64624.29,64631.87,772.83402
2026-08-06 16:00:00,64631.88,64778.0,64592.37,64757.99,370.31723
2026-08-06 17:00:00,64758.0,64834.0,64548.81,64621.69,293.75208
2026-08-06 18:00:00,64621.68,64621.69,64378.67,64418.47,347.29306
2026-08-06 19:00:00,64418.48,64474.71,64365.0,64446.0,449.59357
2026-08-06 20:00:00,64446.01,64536.32,64439.7,64439.7,195.47529
2026-08-06 21:00:00,64439.71,64513.99,64404.74,64440.74,249.73283
2026-08-06 22:00:00,64440.74,64450.0,64330.4,64351.49,210.70667
2026-08-06 23:00:00,64351.48,64360.01,64200.0,64323.61,395.39675
2026-08-07 00:00:00,64323.61,64410.0,64230.59,64317.99,285.45231
2026-08-07 01:00:00,64318.0,64476.78,64300.0,64422.55,351.02167
2026-08-07 02:00:00,64422.54,64544.0,64252.09,64399.87,388.69448
2026-08-07 03:00:00,64399.88,64407.73,64260.0,64289.99,199.96303
2026-08-07 04:00:00,64289.99,64364.08,64166.0,64255.13,222.89749
2026-08-07 05:00:00,64255.14,64400.0,64177.62,64336.43,321.20596
2026-08-07 06:00:00,64336.42,64463.75,64283.91,64304.12,452.26837
2026-08-07 07:00:00,64304.12,64436.13,64264.0,64319.84,382.39149
2026-08-07 08:00:00,64319.84,64672.1,64304.22,64600.0,433.22408
2026-08-07 09:00:00,64600.0,64965.0,64599.99,64839.32,917.15159
2026-08-07 10:00:00,64839.32,64916.0,64802.0,64893.98,362.71626
2026-08-07 11:00:00,64893.99,65213.33,64893.64,65029.98,652.67441
2026-08-07 12:00:00,65029.98,65390.99,64986.26,65292.32,1412.7636
2026-08-07 13:00:00,65292.31,65338.0,64984.68,65009.24,1271.25225
2026-08-07 14:00:00,65009.23,65275.03,64788.0,64957.98,982.58571
2026-08-07 15:00:00,64957.98,65136.17,64894.83,64912.72,468.0279
2026-08-07 16:00:00,64912.71,65072.31,64814.0,64814.0,485.33624
2026-08-07 17:00:00,64814.01,64828.82,64525.0,64764.33,603.65716
2026-08-07 18:00:00,64764.33,64881.13,64676.0,64735.51,225.44204
2026-08-07 19:00:00,64735.52,65039.42,64735.52,64960.47,398.55222
2026-08-07 20:00:00,64960.46,65053.56,64948.0,64972.0,238.49651
2026-08-07 21:00:00,64972.0,65102.0,64928.0,64928.01,187.58406
2026-08-07 22:00:00,64928.02,64947.7,64846.0,64888.0,304.11479
2026-08-07 23:00:00,64888.0,64923.2,64869.99,64923.19,259.93041
2026-08-08 00:00:00,64923.2,64954.0,64784.19,64929.01,432.5947
2026-08-08 01:00:00,64929.01,64965.0,64908.97,64911.79,283.12303
2026-08-08 02:00:00,64911.8,64957.47,64894.49,64923.97,317.46111
2026-08-08 03:00:00,64923.98,65074.18,64918.28,65033.0,277.39242
2026-08-08 04:00:00,65033.0,65071.15,64971.18,65013.58,199.83614
2026-08-08 05:00:00,65013.58,65018.64,64976.0,64995.39,118.91329
2026-08-08 06:00:00,64995.39,65014.0,64959.81,65006.61,298.35674
2026-08-08 07:00:00,65006.61,65006.61,64951.34,64960.0,169.03379
2026-08-08 08:00:00,64959.99,65020.5,64948.56,64993.87,150.80437
2026-08-08 09:00:00,64993.88,65050.0,64992.98,64994.31,303.53576
2026-08-08 10:00:00,64994.31,65022.43,64994.31,65005.87,144.30853
2026-08-08 11:00:00,65005.88,65024.1,64957.0,64967.35,178.16146
2026-08-08 12:00:00,64967.36,65050.55,64924.0,65008.34,234.45077
2026-08-08 13:00:00,65008.33,65018.0,65000.0,65015.27,187.85749
2026-08-08 14:00:00,65015.27,65192.54,65015.27,65129.02,356.35929
2026-08-08 15:00:00,65129.01,65149.57,65061.31,65080.82,186.5848
2026-08-08 16:00:00,65080.83,65116.82,65039.0,65086.45,128.83529
2026-08-08 17:00:00,65086.46,65150.0,65075.46,65119.75,187.72596
2026-08-08 18:00:00,65119.75,65119.75,65025.54,65044.07,168.52013
2026-08-08 19:00:00,65044.08,65093.7,65017.39,65075.41,205.39734
2026-08-08 20:00:00,65075.4,65100.61,65060.0,65082.41,382.31735
2026-08-08 21:00:00,65082.42,65082.42,65000.53,65012.96,216.53129
2026-08-08 22:00:00,65012.95,65038.0,64948.17,64950.61,427.30382
2026-08-08 23:00:00,64950.62,64975.99,64936.01,64962.6,204.73811
2026-08-09 00:00:00,64962.6,64991.93,64958.17,64973.65,214.05253
2026-08-09 01:00:00,64973.65,65002.0,64838.33,64861.46,330.74593
2026-08-09 02:00:00,64861.46,64863.16,64777.92,64820.01,255.40052
2026-08-09 03:00:00,64820.01,64820.01,64730.08,64788.8,153.75776
2026-08-09 04:00:00,64788.8,64826.13,64785.0,64785.0,156.31772
2026-08-09 05:00:00,64785.01,64801.58,64777.0,64801.58,194.39306
2026-08-09 06:00:00,64801.57,64867.11,64801.57,64849.99,216.36529
2026-08-09 07:00:00,64850.0,64860.01,64826.14,64826.14,338.38864
2026-08-09 08:00:00,64826.15,64960.06,64792.1,64824.16,328.93534
2026-08-09 09:00:00,64824.17,64877.86,64809.68,64877.85,149.22124
2026-08-09 10:00:00,64877.86,64994.07,64877.85,64959.86,249.48898
2026-08-09 11:00:00,64959.87,65000.0,64950.0,64950.0,150.77221
2026-08-09 12:00:00,64950.01,64962.41,64914.73,64960.11,166.88575
2026-08-09 13:00:00,64960.12,65266.0,64960.11,65219.78,406.90586
2026-08-09 14:00:00,65219.78,65300.0,65150.95,65260.01,280.8075
2026-08-09 15:00:00,65260.01,65264.0,65214.0,65228.68,364.1864
2026-08-09 16:00:00,65228.68,65266.06,65182.36,65232.14,289.41282
2026-08-09 17:00:00,65232.15,65239.18,65198.68,65198.68,130.05099
2026-08-09 18:00:00,65198.68,65220.0,65192.0,65199.68,83.21999
2026-08-09 19:00:00,65199.69,65210.0,65179.72,65180.66,257.6312
2026-08-09 20:00:00,65180.66,65181.99,65046.25,65137.96,465.99754
2026-08-09 21:00:00,65137.96,65250.0,65115.05,65192.99,485.32235
2026-08-09 22:00:00,65192.99,65474.46,64971.41,65077.13,941.55321
2026-08-09 23:00:00,65077.13,65108.0,64842.59,64901.59,421.42323
2026-08-10 00:00:00,64901.59,65322.58,64826.78,64968.01,556.44925
2026-08-10 01:00:00,64968.21,65391.14,64900.0,65189.99,410.26148
2026-08-10 02:00:00,65190.0,65220.0,64903.54,65099.99,432.7132
2026-08-10 03:00:00,65099.99,65172.0,64904.99,64982.01,335.63049
2026-08-10 04:00:00,64982.0,65100.0,64924.0,65006.73,333.49313
2026-08-10 05:00:00,65006.74,65159.25,64979.88,65134.0,299.63603
2026-08-10 06:00:00,65134.0,65339.7,65130.01,65299.4,433.93661
2026-08-10 07:00:00,65299.4,65379.13,65196.53,65202.73,554.01187
2026-08-10 08:00:00,65202.72,65328.73,65192.0,65245.58,316.81156
2026-08-10 09:00:00,65245.59,65245.59,64958.87,64967.24,389.34609
2026-08-10 10:00:00,64967.25,65074.61,64967.24,65013.06,428.4961
2026-08-10 11:00:00,65013.07,65130.16,64977.93,65125.98,160.3373
2026-08-10 12:00:00,65125.99,65237.8,64850.0,64870.75,596.12387
2026-08-10 13:00:00,64870.74,64973.72,64518.01,64561.98,1297.24239
2026-08-10 14:00:00,64561.98,64888.32,64544.01,64625.77,650.29814
2026-08-10 15:00:00,64625.77,64711.43,64203.15,64299.99,1096.33991
2026-08-10 16:00:00,64299.99,64354.0,63830.57,63904.65,1498.06925
2026-08-10 17:00:00,63904.65,64027.12,63832.0,63953.04,1290.55418
2026-08-10 18:00:00,63953.04,64020.64,63806.27,63889.39,944.06538
2026-08-10 19:00:00,63889.39,64101.34,63888.01,64045.7,543.26284
2026-08-10 20:00:00,64045.7,64215.21,64023.06,64158.5,286.34235
2026-08-10 21:00:00,64158.49,64158.5,63987.0,63987.0,239.68387
2026-08-10 22:00:00,63987.0,64055.95,63944.0,64016.0,216.96727
2026-08-10 23:00:00,64015.99,64020.0,63920.69,63970.01,328.33621
2026-08-11 00:00:00,63970.01,64058.0,63895.64,64040.0,690.26826
2026-08-11 01:00:00,64040.01,64080.1,63958.2,64060.8,355.07512
2026-08-11 02:00:00,64060.8,64086.0,64030.0,64044.59,263.24469
2026-08-11 03:00:00,64044.6,64176.0,64044.59,64155.01,524.13513
2026-08-11 04:00:00,64155.0,64159.65,64021.02,64023.51,360.17249
2026-08-11 05:00:00,64023.51,64051.93,63964.0,64000.0,217.31247
2026-08-11 06:00:00,64000.0,64050.43,63852.0,63969.28,681.87714
2026-08-11 07:00:00,63969.29,64108.0,63911.09,64065.99,380.83043
2026-08-11 08:00:00,64066.0,64148.78,64044.72,64136.41,168.66039
2026-08-11 09:00:00,64136.41,64300.0,64121.51,64300.0,453.24003
2026-08-11 10:00:00,64300.0,64312.7,64200.0,64233.23,408.12036
2026-08-11 11:00:00,64233.23,64400.0,64233.23,64389.57,538.09782
2026-08-11 12:00:00,64389.58,64515.43,64274.57,64330.01,714.43565
2026-08-11 13:00:00,64330.0,64368.42,64050.0,64200.28,1390.7479
2026-08-11 14:00:00,64200.29,64263.83,63714.75,63770.03,985.02313
2026-08-11 15:00:00,63770.03,63868.0,63451.0,63609.87,1286.57237
2026-08-11 16:00:00,63609.86,63660.0,63459.54,63512.59,740.82749
2026-08-11 17:00:00,63512.59,63632.94,63461.88,63607.88,482.84238
2026-08-11 18:00:00,63607.87,63626.03,63251.59,63373.07,749.01907
2026-08-11 19:00:00,63373.07,63536.0,63238.0,63536.0,452.04779
2026-08-11 20:00:00,63536.0,63748.37,63536.0,63740.0,321.5572
2026-08-11 21:00:00,63740.0,63768.58,63622.0,63672.73,269.417
2026-08-11 22:00:00,63672.73,63768.0,63626.25,63668.49,253.27935
2026-08-11 23:00:00,63668.5,63668.5,63543.55,63600.0,204.82882
2026-08-12 00:00:00,63600.01,63745.53,63534.01,63742.07,247.42097
2026-08-12 01:00:00,63742.07,63855.5,63698.18,63813.8,499.92358
2026-08-12 02:00:00,63813.8,63908.01,63730.72,63749.76,612.29132
2026-08-12 03:00:00,63749.77,63845.91,63709.85,63835.59,538.85374
2026-08-12 04:00:00,63835.58,63891.42,63739.99,63769.58,568.35931
2026-08-12 05:00:00,63769.58,63869.56,63724.25,63849.94,540.4656
2026-08-12 06:00:00,63849.94,63849.94,63606.15,63711.97,563.28705
2026-08-12 07:00:00,63711.97,63838.0,63644.1,63837.99,458.43036
2026-08-12 08:00:00,63838.0,63867.2,63773.98,63794.94,303.11959
2026-08-12 09:00:00,63794.95,64130.47,63768.01,64108.81,553.52986
2026-08-12 10:00:00,64108.82,64218.0,64059.99,64143.36,996.13758
2026-08-12 11:00:00,64143.36,64249.5,64113.5,64240.04,414.30431
2026-08-12 12:00:00,64240.04,64500.0,63976.37,64119.71,1297.05947
2026-08-12 13:00:00,64119.72,64159.36,63840.0,63840.0,727.44098
2026-08-12 14:00:00,63840.0,63926.13,63362.74,63363.39,1163.88428
2026-08-12 15:00:00,63363.39,63570.01,63316.0,63441.47,771.05562
2026-08-12 16:00:00,63441.48,63578.0,63368.35,63492.12,487.79219
2026-08-12 17:00:00,63492.12,63556.0,63416.4,63471.0,292.36777
2026-08-12 18:00:00,63470.99,63522.56,63373.97,63386.59,396.92257
2026-08-12 19:00:00,63386.58,63465.13,63310.34,63421.11,381.53313
2026-08-12 20:00:00,63421.11,63600.0,63421.11,63599.99,307.26199
2026-08-12 21:00:00,63600.0,63661.24,63421.61,63469.83,267.57645
2026-08-12 22:00:00,63469.84,63536.0,63370.0,63432.28,240.00896
2026-08-12 23:00:00,63432.28,63482.89,63378.23,63479.99,998.04154
2026-08-13 00:00:00,63479.99,63717.31,63460.32,63556.92,406.77009
2026-08-13 01:00:00,63556.91,63631.67,63382.45,63456.11,317.88444
2026-08-13 02:00:00,63456.1,63582.0,63380.0,63550.01,458.1649
2026-08-13 03:00:00,63550.01,63686.4,63514.21,63646.99,401.71819
2026-08-13 04:00:00,63647.0,63778.0,63591.56,63693.74,223.42484
2026-08-13 05:00:00,63693.73,64010.0,63671.64,63878.0,500.10882
2026-08-13 06:00:00,63878.01,63942.36,63757.47,63942.35,256.03719
2026-08-13 07:00:00,63942.36,63947.09,63856.13,63865.84,533.09585
2026-08-13 08:00:00,63865.84,63915.0,63742.0,63766.8,439.81868
2026-08-13 09:00:00,63766.8,63786.49,63587.99,63782.64,337.82326
2026-08-13 10:00:00,63782.65,63818.16,63586.0,63651.19,317.79982
2026-08-13 11:00:00,63651.2,63660.76,63350.0,63484.3,355.63538
2026-08-13 12:00:00,63484.31,63710.0,63450.0,63697.76,384.47294
2026-08-13 13:00:00,63697.76,63850.0,63566.0,63724.0,561.86509
2026-08-13 14:00:00,63723.99,63999.0,63686.0,63859.45,669.38212
2026-08-13 15:00:00,63859.46,63940.08,63420.0,63420.01,505.15868
2026-08-13 16:00:00,63420.01,63568.97,62802.27,63160.13,1752.37181
2026-08-13 17:00:00,63160.13,63294.61,63074.44,63144.38,644.48394
2026-08-13 18:00:00,63144.37,63369.63,63105.44,63310.0,325.89181
2026-08-13 19:00:00,63310.0,63519.39,63310.0,63407.99,349.14796
2026-08-13 20:00:00,63408.0,63474.34,63368.0,63415.55,239.68311
2026-08-13 21:00:00,63415.56,63500.0,63390.0,63474.0,188.33344
2026-08-13 22:00:00,63474.0,63640.0,63473.99,63530.01,226.97651
2026-08-13 23:00:00,63530.01,63539.03,63400.0,63490.86,397.80966
2026-08-14 00:00:00,63490.86,63552.99,63410.0,63541.45,377.80366
2026-08-14 01:00:00,63541.45,63585.92,63458.0,63575.86,310.91391
2026-08-14 02:00:00,63575.86,63617.45,63465.38,63465.39,489.39475
2026-08-14 03:00:00,63465.39,63576.0,63301.58,63310.0,296.84163
2026-08-14 04:00:00,63310.0,63472.5,63276.0,63372.56,530.66039
2026-08-14 05:00:00,63372.56,63400.3,63286.67,63379.83,201.71573
2026-08-14 06:00:00,63379.83,63379.83,62942.0,62974.14,627.73261
2026-08-14 07:00:00,62974.14,63110.0,62920.0,62920.78,730.23378
2026-08-14 08:00:00,62920.78,62997.83,62700.0,62940.01,892.48443
2026-08-14 09:00:00,62940.01,62940.01,62744.0,62792.75,501.14919
2026-08-14 10:00:00,62792.75,62946.0,62739.98,62814.14,598.55074
2026-08-14 11:00:00,62814.14,62936.82,62814.0,62868.83,444.92265
2026-08-14 12:00:00,62868.83,62913.3,62726.26,62741.69,486.51649
2026-08-14 13:00:00,62741.68,62822.33,62605.0,62668.0,987.78817
2026-08-14 14:00:00,62668.0,62797.88,62535.24,62620.01,998.23888
2026-08-14 15:00:00,62620.01,63089.18,62612.0,62990.95,988.09918
2026-08-14 16:00:00,62990.94,63215.58,62966.86,63133.48,566.22185
2026-08-14 17:00:00,63133.49,63247.05,63000.0,63013.69,454.05828
2026-08-14 18:00:00,63013.7,63088.21,62894.85,62930.01,367.77038
2026-08-14 19:00:00,62930.01,62996.0,62830.0,62968.05,394.98545
2026-08-14 20:00:00,62968.06,63020.74,62896.85,62907.59,359.43765
2026-08-14 21:00:00,62907.59,62937.22,62873.25,62928.49,179.646
2026-08-14 22:00:00,62928.49,62957.28,62800.0,62886.88,226.57205
2026-08-14 23:00:00,62886.87,63066.13,62865.03,63043.56,329.09114
2026-08-15 00:00:00,63043.56,63059.5,62992.91,63019.88,208.64233
2026-08-15 01:00:00,63019.89,63051.78,62993.57,63045.13,485.23532
2026-08-15 02:00:00,63045.14,63134.82,63035.95,63134.41,243.54429
2026-08-15 03:00:00,63134.41,63187.98,63039.99,63051.25,184.46775
2026-08-15 04:00:00,63051.25,63151.65,63051.25,63122.0,172.30243
2026-08-15 05:00:00,63122.01,63155.76,63039.99,63089.0,213.28052
2026-08-15 06:00:00,63089.0,63134.84,63027.89,63114.68,373.75318
2026-08-15 07:00:00,63114.68,63134.83,63042.0,63075.43,688.73174
2026-08-15 08:00:00,63075.43,63085.8,62933.71,62935.72,177.99645
2026-08-15 09:00:00,62935.72,63045.83,62920.0,63030.38,183.99371
2026-08-15 10:00:00,63030.39,63051.74,63002.12,63046.1,79.58111
2026-08-15 11:00:00,63046.1,63054.69,62996.85,63022.01,175.71191
2026-08-15 12:00:00,63022.01,63055.36,62946.58,63050.13,109.73402
2026-08-15 13:00:00,63050.12,63080.88,63028.11,63060.35,132.2968
2026-08-15 14:00:00,63060.34,63060.35,62996.77,63040.0,244.03751
2026-08-15 15:00:00,63040.01,63120.09,63032.0,63100.55,214.37562
2026-08-15 16:00:00,63100.55,63124.99,63066.73,63096.63,202.83972
2026-08-15 17:00:00,63096.62,63100.69,63066.21,63070.5,96.56413
2026-08-15 18:00:00,63070.49,63115.58,63044.37,63057.58,294.79086
2026-08-15 19:00:00,63057.58,63127.4,63057.57,63126.08,516.06271
2026-08-15 20:00:00,63126.07,63126.08,63076.96,63103.29,55.31906
2026-08-15 21:00:00,63103.29,63168.95,63103.29,63159.04,170.99952
2026-08-15 22:00:00,63159.04,63175.0,63135.52,63135.52,95.56932
2026-08-15 23:00:00,63135.52,63139.96,63086.0,63086.01,85.33037
2026-08-16 00:00:00,63086.01,63086.01,63061.47,63085.82,94.57372
2026-08-16 01:00:00,63085.81,63085.82,63012.0,63084.78,180.55557
2026-08-16 02:00:00,63084.78,63151.59,63024.22,63121.91,245.34897
2026-08-16 03:00:00,63121.92,63130.01,63115.61,63130.0,105.94774
2026-08-16 04:00:00,63130.01,63158.8,63090.0,63090.01,130.32114
2026-08-16 05:00:00,63090.0,63094.0,63040.0,63069.43,235.12057
2026-08-16 06:00:00,63069.43,63083.79,63043.21,63069.31,280.31849
2026-08-16 07:00:00,63069.32,63069.32,63054.34,63061.02,146.93998
2026-08-16 08:00:00,63061.03,63079.76,63061.02,63072.42,108.9221
2026-08-16 09:00:00,63072.43,63072.43,62968.45,62992.69,290.93169
2026-08-16 10:00:00,62992.68,63013.62,62968.45,63008.57,133.29459
2026-08-16 11:00:00,63008.56,63013.66,62981.93,63013.66,213.61707
2026-08-16 12:00:00,63013.66,63025.42,62997.77,63021.98,78.74312
2026-08-16 13:00:00,63021.99,63070.05,63021.98,63060.01,146.76198
2026-08-16 14:00:00,63060.01,63102.86,63060.0,63102.85,159.23473
2026-08-16 15:00:00,63102.86,63146.4,63102.86,63146.39,173.3934
2026-08-16 16:00:00,63146.39,63390.0,63137.35,63260.01,394.04188
2026-08-16 17:00:00,63260.0,63276.61,63120.22,63159.3,190.81967
2026-08-16 18:00:00,63159.31,63173.71,63120.0,63140.06,89.92171
2026-08-16 19:00:00,63140.05,63230.0,63100.89,63108.81,186.2917
2026-08-16 20:00:00,63108.8,63140.0,63027.6,63067.79,122.98382
2026-08-16 21:00:00,63067.79,63085.15,62754.0,62929.61,328.59983
2026-08-16 22:00:00,62929.61,62954.0,62716.0,62913.7,453.8874
2026-08-16 23:00:00,62913.7,62993.77,62830.0,62900.0,246.66048
2026-08-17 00:00:00,62900.0,62956.0,62751.1,62917.54,577.24276
2026-08-17 01:00:00,62917.54,63246.91,62896.0,63116.12,495.52019
2026-08-17 02:00:00,63116.12,63500.0,63037.09,63403.34,459.80516
2026-08-17 03:00:00,63403.33,63520.0,63339.78,63429.21,637.65934
2026-08-17 04:00:00,63429.21,63580.0,63429.21,63532.44,714.19197
2026-08-17 05:00:00,63532.43,63594.76,63446.59,63520.18,770.70619
2026-08-17 06:00:00,63520.18,63717.17,63477.95,63667.99,312.69187
2026-08-17 07:00:00,63668.0,63668.0,63500.0,63514.45,696.41924
2026-08-17 08:00:00,63514.45,63545.08,63350.0,63380.84,520.36494
2026-08-17 09:00:00,63380.83,63428.0,63295.0,63323.96,311.26926
2026-08-17 10:00:00,63323.97,63694.26,63300.25,63692.21,683.00101
2026-08-17 11:00:00,63692.2,63781.69,63587.05,63631.1,428.28018
2026-08-17 12:00:00,63631.11,63680.0,63533.06,63554.69,405.66003
2026-08-17 13:00:00,63554.7,63799.64,63444.17,63672.36,585.29579
2026-08-17 14:00:00,63672.37,63904.76,63588.0,63902.63,583.47166
2026-08-17 15:00:00,63902.63,64227.27,63812.35,64200.0,1356.1435
2026-08-17 16:00:00,64200.0,64216.42,64058.0,64115.76,671.84426
2026-08-17 17:00:00,64115.76,64425.0,63979.3,64325.99,1418.9831
2026-08-17 18:00:00,64325.99,64610.01,64280.49,64428.87,1040.45275
2026-08-17 19:00:00,64428.88,64428.88,64288.35,64309.96,452.68874
2026-08-17 20:00:00,64309.95,64434.0,64266.0,64392.73,244.13801
2026-08-17 21:00:00,64392.72,64434.76,64296.0,64382.02,218.14648
2026-08-17 22:00:00,64382.02,64416.0,64283.49,64291.25,321.62233
2026-08-17 23:00:00,64291.26,64578.0,64288.24,64532.1,350.04837
2026-08-18 00:00:00,64532.11,64568.46,64367.27,64383.71,332.9031
2026-08-18 01:00:00,64383.72,64387.71,64156.0,64200.06,378.48537
2026-08-18 02:00:00,64200.06,64272.0,64048.0,64103.22,442.34864
2026-08-18 03:00:00,64103.22,64195.45,64047.73,64185.01,577.49413
2026-08-18 04:00:00,64185.0,64250.69,64090.0,64210.32,739.25374
2026-08-18 05:00:00,64210.33,64276.0,64140.0,64242.76,1323.90812
2026-08-18 06:00:00,64242.76,64446.0,64170.0,64318.03,694.7657
2026-08-18 07:00:00,64318.03,64350.0,64164.0,64198.97,394.05527
2026-08-18 08:00:00,64198.97,64336.0,64087.98,64296.02,402.40674
2026-08-18 09:00:00,64296.01,64296.01,64140.0,64171.95,269.49893
2026-08-18 10:00:00,64171.95,64216.0,64123.42,64202.8,219.75251
2026-08-18 11:00:00,64202.81,64402.35,64192.42,64351.19,310.52659
2026-08-18 12:00:00,64351.18,64355.64,64218.45,64230.02,236.94493
2026-08-18 13:00:00,64230.02,64284.0,64027.85,64219.99,1179.78725
2026-08-18 14:00:00,64219.99,65058.81,64219.99,64714.16,1757.31459
2026-08-18 15:00:00,64714.16,64888.0,64652.0,64855.06,513.17463
2026-08-18 16:00:00,64855.06,64891.81,64675.5,64840.0,419.07089
2026-08-18 17:00:00,64840.0,64840.01,64670.02,64670.02,400.18777
2026-08-18 18:00:00,64670.02,64822.0,64656.0,64772.0,219.3896
2026-08-18 19:00:00,64771.99,64796.0,64642.36,64643.26,185.09854
2026-08-18 20:00:00,64643.27,64654.87,64568.0,64582.39,191.92081
2026-08-18 21:00:00,64582.38,64653.97,64571.48,64604.58,187.67225
2026-08-18 22:00:00,64604.58,64648.0,64562.25,64634.0,200.09422
2026-08-18 23:00:00,64634.0,64780.0,64631.15,64725.42,213.8588
2026-08-19 00:00:00,64725.42,64736.27,64488.0,64488.0,247.80518
2026-08-19 01:00:00,64488.0,64551.47,64389.27,64400.48,314.2814
2026-08-19 02:00:00,64400.47,64414.65,64350.0,64351.9,547.93834
2026-08-19 03:00:00,64351.86,64414.0,64278.0,64330.71,258.70445
2026-08-19 04:00:00,64330.7,64391.8,64293.43,64316.22,402.06932
2026-08-19 05:00:00,64316.22,64409.93,64236.0,64236.01,258.31718
2026-08-19 06:00:00,64236.01,64344.0,64166.0,64339.8,531.39508
2026-08-19 07:00:00,64339.8,64395.78,64271.78,64296.0,630.66386
2026-08-19 08:00:00,64296.01,64510.95,64255.0,64413.95,381.23164
2026-08-19 09:00:00,64413.95,64470.66,64360.7,64427.06,228.1951
2026-08-19 10:00:00,64427.07,64456.71,64373.24,64456.71,262.84871
2026-08-19 11:00:00,64456.71,64539.05,64454.99,64515.63,286.02228
2026-08-19 12:00:00,64515.62,64988.0,64474.86,64882.15,785.09851
2026-08-19 13:00:00,64882.15,65217.86,64793.29,65012.12,1619.46727
2026-08-19 14:00:00,65012.12,65970.0,65012.11,65923.21,2365.56793
2026-08-19 15:00:00,65923.21,69500.0,65892.0,68554.0,9262.86965
2026-08-19 16:00:00,68554.0,68997.0,68416.36,68465.27,2013.58518
2026-08-19 17:00:00,68465.26,68546.22,67825.03,68197.29,1708.46485
2026-08-19 18:00:00,68197.3,68453.43,68042.0,68395.99,626.01288
2026-08-19 19:00:00,68396.0,68483.52,68103.71,68429.44,730.52396
2026-08-19 20:00:00,68429.44,69579.99,68390.0,69048.06,1419.23549
2026-08-19 21:00:00,69048.06,70000.0,68984.78,69709.46,2102.52662
2026-08-19 22:00:00,69709.47,69833.99,68980.0,69258.9,1240.65644
2026-08-19 23:00:00,69258.9,69453.88,69160.0,69334.79,830.81844
2026-08-20 00:00:00,69334.78,69793.21,69314.01,69420.0,1392.50902
2026-08-20 01:00:00,69420.0,69894.5,69283.25,69721.92,864.23959
2026-08-20 02:00:00,69721.92,69824.0,69268.0,69301.27,929.59108
2026-08-20 03:00:00,69301.27,69340.0,68902.22,69195.64,941.77624
2026-08-20 04:00:00,69195.64,69599.01,69166.0,69492.01,712.36152
2026-08-20 05:00:00,69492.0,69668.0,69349.16,69406.54,1261.47615
2026-08-20 06:00:00,69406.53,69927.97,69336.97,69851.99,1346.47743
2026-08-20 07:00:00,69851.99,70022.0,69506.91,69816.45,2107.14536
2026-08-20 08:00:00,69816.45,71826.26,69772.36,71592.1,4173.84476
2026-08-20 09:00:00,71592.11,72067.46,71500.0,71789.97,3166.23325
2026-08-20 10:00:00,71789.97,72490.0,71686.58,71995.99,2350.9646
2026-08-20 11:00:00,71995.99,72322.0,71820.0,71927.07,1357.58479
2026-08-20 12:00:00,71927.07,72015.42,71501.0,71952.04,1576.86402
2026-08-20 13:00:00,71952.04,72108.8,71132.0,71691.99,2151.9086
2026-08-20 14:00:00,71692.0,71990.09,71364.01,71826.85,1441.04171
2026-08-20 15:00:00,71826.85,72830.0,71789.01,72470.83,2926.7352
2026-08-20 16:00:00,72470.84,72905.0,72205.88,72837.15,1324.40386
2026-08-20 17:00:00,72837.15,72966.0,72534.71,72737.5,1268.41951
2026-08-20 18:00:00,72737.51,72810.0,72394.0,72431.36,968.00662
2026-08-20 19:00:00,72431.35,72774.0,72330.0,72690.76,818.65084
2026-08-20 20:00:00,72690.76,73110.7,72594.0,72671.75,871.61952
2026-08-20 21:00:00,72671.76,72848.0,72557.0,72741.81,501.87504
2026-08-20 22:00:00,72741.81,72878.0,72498.0,72676.22,520.26326
2026-08-20 23:00:00,72676.23,73400.0,72664.56,73025.15,930.8009
2026-08-21 00:00:00,73027.02,73990.0,73027.02,73708.02,1919.94005
2026-08-21 01:00:00,73707.82,75785.82,73668.0,75129.23,3173.32947
2026-08-21 02:00:00,75129.23,75197.08,74384.63,74439.74,1716.15486
2026-08-21 03:00:00,74439.75,74882.24,74247.46,74510.77,1039.80072
2026-08-21 04:00:00,74510.77,75054.46,74510.77,75026.0,825.51685
2026-08-21 05:00:00,75026.0,75500.0,74918.79,75472.73,1138.68225
2026-08-21 06:00:00,75472.73,75753.0,75104.0,75646.21,1382.10073
2026-08-21 07:00:00,75646.2,76916.95,75620.0,76308.65,3775.56433
2026-08-21 08:00:00,76308.66,79500.0,76235.76,79258.03,4366.47306
2026-08-21 09:00:00,79258.02,79363.79,77251.0,77910.71,4167.07817
2026-08-21 10:00:00,77910.71,78250.0,77621.8,77810.02,1604.18384
2026-08-21 11:00:00,77810.01,77855.78,76411.38,76722.32,2387.74046
2026-08-21 12:00:00,76722.31,77477.24,76538.0,77223.66,2680.17653
2026-08-21 13:00:00,77223.66,77700.0,76243.04,77266.87,2022.51306
2026-08-21 14:00:00,77266.88,77448.26,76552.74,77384.68,1855.76373
2026-08-21 15:00:00,77384.69,77871.33,77170.0,77221.98,1316.36575
2026-08-21 16:00:00,77221.98,77563.53,76784.81,77486.01,1368.21973
2026-08-21 17:00:00,77486.01,77722.12,77189.95,77392.68,1099.33856
2026-08-21 18:00:00,77392.69,77550.0,76643.72,77146.0,1247.39698
2026-08-21 19:00:00,77145.99,77360.0,76856.2,77028.94,1151.33799
2026-08-21 20:00:00,77028.94,77548.99,76863.56,77520.19,905.49008
2026-08-21 21:00:00,77520.19,78675.1,77388.0,78505.15,1351.97974
2026-08-21 22:00:00,78505.14,78760.68,78081.8,78460.14,1022.8221
2026-08-21 23:00:00,78460.13,78720.0,78100.26,78338.03,821.59664
2026-08-22 00:00:00,78338.03,78500.0,77683.37,77953.3,822.10615
2026-08-22 01:00:00,77953.3,78234.0,77816.66,77830.01,612.96043
2026-08-22 02:00:00,77830.01,78563.83,77791.19,78470.0,965.16893
2026-08-22 03:00:00,78470.0,78828.15,78372.0,78410.98,734.8031
2026-08-22 04:00:00,78410.98,78818.0,78207.61,78470.0,738.35305
2026-08-22 05:00:00,78470.0,78584.0,76500.0,77380.75,3816.352
2026-08-22 06:00:00,77380.75,77572.16,76985.14,77486.09,838.31259
2026-08-22 07:00:00,77486.09,77669.28,77220.0,77289.18,634.34953
2026-08-22 08:00:00,77289.18,77445.6,77037.42,77210.55,870.47609
2026-08-22 09:00:00,77210.55,77395.04,76851.25,77061.99,1089.30988
2026-08-22 10:00:00,77062.0,77187.46,76533.87,76976.0,1058.83574
2026-08-22 11:00:00,76976.01,77204.68,76772.05,77130.02,729.38003
2026-08-22 12:00:00,77130.01,77387.99,77073.86,77300.27,529.84412
2026-08-22 13:00:00,77300.27,77362.03,77116.0,77288.62,471.5874
2026-08-22 14:00:00,77288.62,77305.14,76930.0,77003.62,534.05012
2026-08-22 15:00:00,77003.62,77100.77,76880.0,76978.83,465.28762
2026-08-22 16:00:00,76978.83,77547.96,76956.36,77288.01,537.52059
2026-08-22 17:00:00,77288.01,77369.99,77066.66,77278.01,367.89271
2026-08-22 18:00:00,77278.01,77360.92,77138.0,77257.86,246.33381
2026-08-22 19:00:00,77257.87,77469.64,77206.53,77418.25,260.41653
2026-08-22 20:00:00,77418.26,77467.53,77258.0,77311.69,351.69043
2026-08-22 21:00:00,77311.69,77311.69,76828.78,76856.01,472.54194
2026-08-22 22:00:00,76856.0,77155.46,76772.0,76997.76,933.98314
2026-08-22 23:00:00,76997.77,77126.53,76900.0,77074.93,442.95254
2026-08-23 00:00:00,77074.94,77359.53,77042.91,77302.65,422.64795
2026-08-23 01:00:00,77302.65,77400.0,77158.0,77190.29,315.9346
2026-08-23 02:00:00,77190.29,77232.55,77005.88,77079.46,272.44621
2026-08-23 03:00:00,77079.46,77136.78,76837.0,76927.87,542.03792
2026-08-23 04:00:00,76927.87,77036.58,76477.04,76602.0,1142.31377
2026-08-23 05:00:00,76602.0,76730.99,75545.67,76053.37,2021.52468
2026-08-23 06:00:00,76053.38,76357.51,75872.89,76096.95,788.44492
2026-08-23 07:00:00,76096.96,76345.31,75907.82,76007.13,498.42122
2026-08-23 08:00:00,76007.12,76654.78,75952.09,76486.49,773.49224
2026-08-23 09:00:00,76486.49,76640.21,76467.0,76549.98,346.37256
2026-08-23 10:00:00,76549.99,76924.29,76542.0,76790.35,533.71157
2026-08-23 11:00:00,76790.35,77400.0,76744.94,77311.02,784.82342
2026-08-23 12:00:00,77311.02,77311.99,76975.63,77206.0,446.59889
2026-08-23 13:00:00,77206.01,77765.8,77192.21,77487.62,955.92825
2026-08-23 14:00:00,77487.62,77640.58,76802.0,77186.0,1015.68445
2026-08-23 15:00:00,77186.0,77336.93,76913.49,77156.13,562.15936
2026-08-23 16:00:00,77156.14,77475.0,77156.13,77429.88,303.2396
2026-08-23 17:00:00,77429.87,77443.95,77148.2,77176.41,396.15987
2026-08-23 18:00:00,77176.41,77415.33,77116.0,77341.98,670.17194
2026-08-23 19:00:00,77341.99,77487.04,77255.99,77346.01,294.93858
2026-08-23 20:00:00,77346.0,77460.0,77200.03,77401.6,169.97755
2026-08-23 21:00:00,77401.59,78052.85,77401.59,77833.23,861.63202
2026-08-23 22:00:00,77833.23,77979.0,77560.02,77598.88,587.36494
2026-08-23 23:00:00,77598.87,77829.7,77290.22,77734.0,661.20534
2026-08-24 00:00:00,77734.0,77742.0,77142.85,77679.5,630.62998
2026-08-24 01:00:00,77679.51,77717.28,76918.0,76922.1,853.47221
2026-08-24 02:00:00,76922.11,77545.08,76883.61,77478.69,732.4439
2026-08-24 03:00:00,77478.7,77532.37,76933.0,76933.02,1447.49069
2026-08-24 04:00:00,76933.02,77247.12,76670.01,76897.44,1191.36747
2026-08-24 05:00:00,76897.44,77226.93,76842.72,77149.4,884.51745
2026-08-24 06:00:00,77149.39,77525.09,77071.0,77464.33,745.9839
2026-08-24 07:00:00,77464.33,77790.19,77281.68,77307.15,681.33125
2026-08-24 08:00:00,77307.14,77414.88,76838.0,77041.47,921.46444
2026-08-24 09:00:00,77041.46,77602.8,77028.0,77554.08,523.00977
2026-08-24 10:00:00,77554.08,78017.0,77534.09,77617.22,1113.08488
2026-08-24 11:00:00,77617.23,78600.0,77450.0,78443.65,1324.46087
2026-08-24 12:00:00,78443.65,79326.48,77982.0,79159.99,1858.84351
2026-08-24 13:00:00,79159.98,79450.0,77851.9,78597.99,3300.58408
2026-08-24 14:00:00,78597.99,79841.12,78597.99,79510.92,3230.14333
2026-08-24 15:00:00,79510.93,80000.0,78824.78,79100.01,3666.17565
2026-08-24 16:00:00,79100.01,79877.87,78901.1,79047.6,1877.28842
2026-08-24 17:00:00,79047.61,79198.0,78468.61,78761.14,1637.93002
2026-08-24 18:00:00,78761.14,79084.22,78718.01,78928.35,783.83103
2026-08-24 19:00:00,78928.35,79118.42,78600.0,78758.0,1063.06502
2026-08-24 20:00:00,78757.99,78996.0,78560.0,78932.33,421.20967
2026-08-24 21:00:00,78932.33,79049.4,78853.43,78984.23,302.47665
2026-08-24 22:00:00,78984.23,78988.0,78692.0,78740.0,351.77026
2026-08-24 23:00:00,78740.0,79017.76,78622.13,78992.75,636.71946
2026-08-25 00:00:00,78992.76,79888.0,78715.63,79739.99,1133.49463
2026-08-25 01:00:00,79739.99,79985.41,79478.0,79828.0,1067.23419
2026-08-25 02:00:00,79828.0,81272.62,79742.0,80649.63,3314.90532
2026-08-25 03:00:00,80649.62,80956.0,80314.31,80488.01,1359.49076
2026-08-25 04:00:00,80488.01,80608.0,80150.0,80363.73,898.81211
2026-08-25 05:00:00,80363.74,80821.53,80322.0,80731.9,994.03992
2026-08-25 06:00:00,80731.9,80923.69,80420.0,80574.09,745.39881
2026-08-25 07:00:00,80574.09,80819.67,79369.17,79705.79,1307.68383
2026-08-25 08:00:00,79705.79,80249.0,79622.0,79930.77,788.31559
2026-08-25 09:00:00,79930.76,79958.0,78888.0,79187.2,1475.2851
2026-08-25 10:00:00,79187.2,79484.01,78992.0,79309.63,836.94668
2026-08-25 11:00:00,79309.63,79463.59,79044.18,79117.99,617.29432
2026-08-25 12:00:00,79118.0,79171.88,78640.0,78980.0,1007.3407
2026-08-25 13:00:00,78980.01,79222.0,78120.74,78647.99,1734.1222
2026-08-25 14:00:00,78648.0,79386.94,78531.55,79235.99,1216.06528
2026-08-25 15:00:00,79236.0,79527.09,79020.04,79502.01,794.08262
2026-08-25 16:00:00,79502.01,79563.71,79067.72,79156.02,676.1787
2026-08-25 17:00:00,79156.02,79256.08,78752.06,79240.01,747.28203
2026-08-25 18:00:00,79240.02,79380.0,79048.44,79128.0,469.50082
2026-08-25 19:00:00,79128.01,79233.57,78728.35,78925.95,702.86873
2026-08-25 20:00:00,78925.96,78976.0,78165.27,78206.13,777.55096
2026-08-25 21:00:00,78206.14,78664.0,77851.0,78570.0,840.88883
2026-08-25 22:00:00,78569.99,79000.0,78569.99,78889.51,577.33833
2026-08-25 23:00:00,78889.51,78977.49,78396.88,78539.14,690.39348
2026-08-26 00:00:00,78539.13,78721.48,78312.0,78631.79,680.65038
2026-08-26 01:00:00,78631.7,78960.0,78607.29,78815.13,572.39774
2026-08-26 02:00:00,78815.13,79251.6,78748.56,79108.0,505.52805
2026-08-26 03:00:00,79108.01,79184.0,78900.0,79088.62,453.50631
2026-08-26 04:00:00,79088.61,79200.0,78790.68,78826.0,482.93427
2026-08-26 05:00:00,78826.0,79143.62,78638.0,79085.98,515.23689
2026-08-26 06:00:00,79085.98,79206.0,78816.0,78947.92,459.3577
2026-08-26 07:00:00,78947.92,79096.0,78867.0,78925.56,516.24118
2026-08-26 08:00:00,78925.57,79119.37,78600.0,78707.59,995.42693
2026-08-26 09:00:00,78707.59,78877.02,78244.83,78444.49,553.36821
2026-08-26 10:00:00,78444.5,78879.75,78291.09,78727.45,367.28381
2026-08-26 11:00:00,78727.46,78782.0,78317.0,78487.26,413.44093
2026-08-26 12:00:00,78487.26,78713.79,77918.25,78319.59,1022.94925
2026-08-26 13:00:00,78319.58,78554.0,77913.19,78448.66,943.22287
2026-08-26 14:00:00,78448.66,78603.41,77774.0,77790.48,1051.14695
2026-08-26 15:00:00,77790.48,78167.26,77632.58,78011.65,712.24119
2026-08-26 16:00:00,78011.64,78161.73,77858.0,77991.3,600.54786
2026-08-26 17:00:00,77991.29,78603.0,77991.29,78442.83,585.12324
2026-08-26 18:00:00,78442.84,78650.26,78280.01,78472.41,337.24489
2026-08-26 19:00:00,78472.41,78572.0,78292.0,78475.49,466.85134
2026-08-26 20:00:00,78475.49,78521.7,78200.0,78452.04,322.22426
2026-08-26 21:00:00,78452.04,78845.06,78392.19,78724.01,428.48439
2026-08-26 22:00:00,78724.0,78975.85,78554.0,78700.0,931.26213
2026-08-26 23:00:00,78700.0,79174.12,78654.0,79023.75,697.0881
2026-08-27 00:00:00,79023.75,79028.49,78690.01,78690.01,527.82725
2026-08-27 01:00:00,78690.02,79017.99,78546.13,78898.67,520.71745
2026-08-27 02:00:00,78898.68,78978.0,78704.62,78717.76,429.02181
2026-08-27 03:00:00,78717.76,78990.0,78643.23,78830.68,357.29079
2026-08-27 04:00:00,78830.68,78900.0,78684.18,78783.99,181.61392
2026-08-27 05:00:00,78783.99,78928.0,78600.0,78912.55,297.32854
2026-08-27 06:00:00,78912.54,78912.55,78604.78,78817.49,399.15003
2026-08-27 07:00:00,78817.5,79095.99,78754.0,79082.17,345.94116
2026-08-27 08:00:00,79082.18,80022.0,79048.0,79755.99,1705.62217
2026-08-27 09:00:00,79756.0,80520.0,79683.09,79986.0,1131.87984
2026-08-27 10:00:00,79986.0,80158.15,79342.0,79626.0,684.67175
2026-08-27 11:00:00,79625.99,79766.3,79172.65,79477.67,621.11446
2026-08-27 12:00:00,79477.66,79596.0,79266.0,79282.31,505.96518
2026-08-27 13:00:00,79282.31,79568.0,78920.0,79533.15,1143.32188
2026-08-27 14:00:00,79533.16,80388.0,79354.47,80204.05,1464.1918
2026-08-27 15:00:00,80204.06,80799.91,80094.0,80302.32,1415.34964
2026-08-27 16:00:00,80302.32,80624.0,80189.39,80374.0,957.98058
2026-08-27 17:00:00,80374.0,80848.74,80230.0,80442.46,973.76075
2026-08-27 18:00:00,80442.47,80442.47,79749.7,80150.69,662.82544
2026-08-27 19:00:00,80150.69,80294.11,79886.0,79910.19,514.60852
2026-08-27 20:00:00,79910.19,80120.0,79882.86,80096.0,282.87253
2026-08-27 21:00:00,80096.0,80184.0,79975.74,80184.0,278.41542
2026-08-27 22:00:00,80184.0,80432.36,80150.0,80303.21,534.24073
2026-08-27 23:00:00,80303.21,80393.6,80134.0,80249.58,329.82531
2026-08-28 00:00:00,80249.59,80705.37,80153.99,80576.0,516.59696
2026-08-28 01:00:00,80575.99,81478.87,80434.15,80500.38,1463.05089
2026-08-28 02:00:00,80500.38,80500.38,79723.02,79926.11,1190.20509
2026-08-28 03:00:00,79926.11,80060.01,79775.61,79810.49,530.69453
2026-08-28 04:00:00,79810.48,79970.5,79603.81,79643.81,562.86792
2026-08-28 05:00:00,79643.8,79872.6,79558.11,79686.0,326.58104
2026-08-28 06:00:00,79686.0,79999.0,79685.99,79904.21,359.1323
2026-08-28 07:00:00,79904.21,79904.21,79573.36,79660.0,1018.10642
2026-08-28 08:00:00,79660.0,79840.0,79480.0,79516.78,526.20796
2026-08-28 09:00:00,79516.77,79516.78,79259.43,79285.19,541.74443
2026-08-28 10:00:00,79285.19,79571.99,79001.01,79565.89,548.77151
2026-08-28 11:00:00,79565.9,79770.29,79555.22,79604.13,394.07937
2026-08-28 12:00:00,79604.12,79727.36,79306.11,79421.05,400.05317
2026-08-28 13:00:00,79421.04,79635.01,79034.56,79330.75,843.2247
2026-08-28 14:00:00,79330.34,79706.64,78423.03,79542.44,2930.13002
2026-08-28 15:00:00,79542.44,79838.73,78312.64,78331.13,1255.01594
2026-08-28 16:00:00,78331.13,78404.0,76888.0,77788.46,2955.61638
2026-08-28 17:00:00,77788.45,78131.86,77642.78,77904.0,722.76014
2026-08-28 18:00:00,77904.0,77935.5,77270.0,77554.0,575.36359
2026-08-28 19:00:00,77554.0,77797.35,77376.0,77580.03,501.052
2026-08-28 20:00:00,77580.03,77609.83,77310.24,77407.34,264.10726
2026-08-28 21:00:00,77407.34,77537.33,77255.69,77364.0,392.38715
2026-08-28 22:00:00,77364.0,77773.2,77342.0,77758.69,339.14252
2026-08-28 23:00:00,77758.69,77846.72,77640.74,77845.87,599.54517
2026-08-29 00:00:00,77845.88,77963.92,77722.0,77733.63,321.80979
2026-08-29 01:00:00,77733.63,77849.29,77631.28,77794.11,235.06968
2026-08-29 02:00:00,77794.11,77829.72,77584.53,77671.18,367.62079
2026-08-29 03:00:00,77671.18,77731.43,77507.16,77507.17,238.89187
2026-08-29 04:00:00,77507.17,77678.67,77507.17,77648.91,229.90598
2026-08-29 05:00:00,77648.91,77716.12,77604.06,77632.53,195.32253
2026-08-29 06:00:00,77632.52,77632.53,77382.37,77466.82,305.02922
2026-08-29 07:00:00,77466.83,77672.0,77438.01,77626.01,933.89852
2026-08-29 08:00:00,77626.01,77634.0,77487.73,77633.99,281.67849
2026-08-29 09:00:00,77634.0,77754.23,77566.01,77650.03,212.52791
2026-08-29 10:00:00,77650.02,77732.0,77526.0,77635.17,228.16206
2026-08-29 11:00:00,77635.17,77724.99,77573.32,77584.67,269.60514
2026-08-29 12:00:00,77584.66,77657.99,77506.63,77583.74,316.37633
2026-08-29 13:00:00,77583.74,77722.0,77559.45,77704.32,195.58499
2026-08-29 14:00:00,77704.32,78150.0,77663.83,78014.37,456.42164
2026-08-29 15:00:00,78014.37,78014.37,77806.9,77865.36,314.87544
2026-08-29 16:00:00,77865.36,78130.43,77858.29,78027.17,330.48346
2026-08-29 17:00:00,78027.17,78100.0,77896.0,78100.0,210.10626
2026-08-29 18:00:00,78099.99,78250.0,78018.02,78158.01,252.93546
2026-08-29 19:00:00,78158.01,78330.0,78138.87,78182.0,231.34566
2026-08-29 20:00:00,78181.99,78298.0,78117.95,78129.92,132.29288
2026-08-29 21:00:00,78129.92,78198.0,78062.0,78161.63,132.03751
2026-08-29 22:00:00,78161.62,78239.4,78086.0,78228.34,298.22816
2026-08-29 23:00:00,78228.33,78283.7,78190.0,78230.0,326.0928
2026-08-30 00:00:00,78230.0,78330.0,78147.17,78179.86,185.20224
2026-08-30 01:00:00,78179.86,78190.0,77994.02,78081.5,257.05271
2026-08-30 02:00:00,78081.49,78178.02,78014.74,78106.01,119.64466
2026-08-30 03:00:00,78106.0,78233.7,78065.99,78144.68,254.40453
2026-08-30 04:00:00,78144.68,78220.0,77990.0,78109.75,215.53426
2026-08-30 05:00:00,78109.74,78214.0,78109.74,78127.71,161.29313
2026-08-30 06:00:00,78127.72,78310.71,78106.07,78280.34,208.68022
2026-08-30 07:00:00,78280.34,78291.27,78118.0,78118.0,137.5055
2026-08-30 08:00:00,78118.0,78207.22,78034.0,78074.01,143.67594
2026-08-30 09:00:00,78074.01,78118.87,77986.0,78000.01,165.26795
2026-08-30 10:00:00,78000.01,78145.29,77962.49,78145.29,168.30514
2026-08-30 11:00:00,78145.29,78242.0,78117.11,78166.0,172.04094
2026-08-30 12:00:00,78165.99,78850.81,78165.99,78785.06,814.10982
2026-08-30 13:00:00,78785.06,78966.76,78590.14,78860.0,488.8202
2026-08-30 14:00:00,78860.01,78945.94,78722.0,78783.71,439.32977
2026-08-30 15:00:00,78783.7,78912.94,78626.0,78823.63,553.82108
2026-08-30 16:00:00,78823.62,79400.0,78750.0,79337.93,667.56388
2026-08-30 17:00:00,79337.93,79337.93,78774.85,79021.02,460.72685
2026-08-30 18:00:00,79021.02,79181.99,78776.0,79036.69,293.7787
2026-08-30 19:00:00,79036.68,79041.96,78721.98,78856.39,232.19118
2026-08-30 20:00:00,78856.39,78931.49,78438.23,78597.33,294.2134
2026-08-30 21:00:00,78597.32,78733.77,78229.82,78653.0,461.41088
2026-08-30 22:00:00,78653.0,78804.0,78280.0,78422.01,390.42367
2026-08-30 23:00:00,78422.01,78454.0,77000.0,77682.0,1800.4274
2026-08-31 00:00:00,77682.0,78185.89,77436.4,77937.04,711.43379
2026-08-31 01:00:00,77937.03,77993.03,77565.08,77640.94,567.26058
2026-08-31 02:00:00,77640.93,78000.0,77392.0,77473.99,573.39934
2026-08-31 03:00:00,77474.0,77872.0,77394.0,77756.71,278.92536
2026-08-31 04:00:00,77756.7,77769.11,77458.83,77622.28,550.02773
2026-08-31 05:00:00,77622.29,78156.78,77514.0,78016.0,511.92091
2026-08-31 06:00:00,78016.01,78156.77,77864.16,78093.87,968.0221
2026-08-31 07:00:00,78093.88,78322.56,78034.01,78196.01,716.03378
2026-08-31 08:00:00,78196.01,78521.89,77982.0,78480.8,782.74546
2026-08-31 09:00:00,78480.79,78802.0,78396.35,78511.03,624.76686
2026-08-31 10:00:00,78511.03,78732.0,78316.91,78710.01,576.71834
2026-08-31 11:00:00,78710.02,78710.02,78302.0,78315.43,482.35572
2026-08-31 12:00:00,78315.43,78543.86,77675.04,77930.39,816.61258
2026-08-31 13:00:00,77930.4,78282.0,77716.75,77867.39,1083.2716
2026-08-31 14:00:00,77867.39,78686.94,77746.6,78600.14,1368.66274
2026-08-31 15:00:00,78601.93,78777.9,78212.3,78580.42,1119.65651
2026-08-31 16:00:00,78580.43,78884.48,78524.0,78639.57,576.26452
2026-08-31 17:00:00,78639.57,79019.86,78494.0,78897.36,604.69852
2026-08-31 18:00:00,78897.35,79212.0,78779.24,79016.0,473.51591
2026-08-31 19:00:00,79016.01,79250.0,78851.93,78898.06,423.46335
2026-08-31 20:00:00,78898.06,79172.0,78784.32,78864.72,366.68341
2026-08-31 21:00:00,78864.73,79071.12,78732.22,78964.32,404.71113
2026-08-31 22:00:00,78964.33,79015.83,78579.3,78593.15,346.21313
2026-08-31 23:00:00,78593.15,78593.61,78405.01,78581.29,376.54265
2026-09-01 00:00:00,78581.3,78900.01,78562.0,78652.0,522.70913
2026-09-01 01:00:00,78652.0,78797.99,78375.83,78410.62,440.9443
2026-09-01 02:00:00,78410.62,78457.55,78189.93,78449.99,524.89493
2026-09-01 03:00:00,78449.99,78874.0,78400.18,78679.01,542.2064
2026-09-01 04:00:00,78679.01,78915.09,78653.96,78727.11,444.12648
2026-09-01 05:00:00,78727.11,79220.61,78727.11,79179.99,546.96321
2026-09-01 06:00:00,79179.99,79179.99,78745.38,78745.39,464.70536
2026-09-01 07:00:00,78745.39,78806.0,78500.0,78632.37,405.713
2026-09-01 08:00:00,78632.37,78658.01,77820.0,77883.28,939.11065
2026-09-01 09:00:00,77883.28,78062.24,77786.18,77915.0,951.34245
2026-09-01 10:00:00,77915.0,78196.0,77758.69,78029.67,423.94155
2026-09-01 11:00:00,78029.67,78202.52,77890.0,78098.97,337.44732
2026-09-01 12:00:00,78098.96,78156.0,77742.01,78004.0,474.45626
2026-09-01 13:00:00,78004.01,78202.0,77510.0,78071.99,1285.21254
2026-09-01 14:00:00,78072.0,78424.0,78052.0,78167.99,800.55583
2026-09-01 15:00:00,78168.0,78169.69,77727.61,77919.06,560.10608
2026-09-01 16:00:00,77919.07,77976.0,77318.0,77596.01,692.23833
2026-09-01 17:00:00,77596.01,77721.26,77241.12,77265.79,484.76204
2026-09-01 18:00:00,77265.79,77319.64,76420.0,77153.9,1485.89835
2026-09-01 19:00:00,77153.89,77466.55,77112.0,77312.0,445.04268
2026-09-01 20:00:00,77312.0,77471.9,77236.48,77448.45,266.37627
2026-09-01 21:00:00,77448.46,77516.3,76920.36,77211.32,414.9871
2026-09-01 22:00:00,77211.32,77364.01,77030.0,77274.02,335.29844
2026-09-01 23:00:00,77274.02,77638.18,77218.0,77439.0,341.60079
2026-09-02 00:00:00,77439.01,77512.0,77132.0,77213.25,352.51719
2026-09-02 01:00:00,77213.24,77372.0,76718.48,77020.68,661.59711
2026-09-02 02:00:00,77020.67,77343.74,76948.97,77329.2,437.17945
2026-09-02 03:00:00,77329.2,77792.0,77314.51,77563.5,618.37453
2026-09-02 04:00:00,77563.5,77612.84,77294.56,77561.82,299.9271
2026-09-02 05:00:00,77561.82,77761.93,77438.0,77651.07,341.8285
2026-09-02 06:00:00,77651.08,77724.0,77462.0,77611.54,397.05137
2026-09-02 07:00:00,77611.53,77765.99,77473.84,77473.85,515.9071
2026-09-02 08:00:00,77473.86,77546.0,76746.81,76854.11,705.11459
2026-09-02 09:00:00,76854.11,77049.4,76484.64,76752.26,1036.05232
2026-09-02 10:00:00,76752.26,76753.83,76264.0,76680.88,924.89427
2026-09-02 11:00:00,76680.88,76848.73,76356.0,76828.76,641.75915
2026-09-02 12:00:00,76828.75,77049.4,76611.67,76613.88,581.91449
2026-09-02 13:00:00,76613.87,77443.61,76613.87,77146.0,812.83227
2026-09-02 14:00:00,77146.0,77490.0,77010.24,77066.42,555.40079
2026-09-02 15:00:00,77066.42,77386.0,76748.01,77288.98,824.93813
2026-09-02 16:00:00,77288.97,77582.0,77171.5,77171.5,1179.92404
2026-09-02 17:00:00,77171.51,77406.0,76950.56,77381.66,465.02159
2026-09-02 18:00:00,77381.65,77524.0,77296.52,77377.76,374.99513
2026-09-02 19:00:00,77377.76,77416.0,77124.0,77341.47,289.4138
2026-09-02 20:00:00,77341.48,77520.0,77207.47,77406.01,382.13526
2026-09-02 21:00:00,77406.0,77431.78,77242.0,77284.0,291.06451
2026-09-02 22:00:00,77284.01,77284.01,77023.11,77034.03,188.20028
2026-09-02 23:00:00,77034.03,77372.62,77007.36,77340.01,192.93523
2026-09-03 00:00:00,77340.01,77394.0,76980.01,77068.01,327.32527
2026-09-03 01:00:00,77068.0,77546.8,76968.0,77356.7,533.28645
2026-09-03 02:00:00,77356.69,77900.0,77238.89,77816.01,563.52004
2026-09-03 03:00:00,77816.02,77880.0,77642.09,77708.0,385.93335
2026-09-03 04:00:00,77708.01,77833.1,77547.16,77776.0,336.15526
2026-09-03 05:00:00,77775.99,77829.8,77101.01,77809.91,617.52986
2026-09-03 06:00:00,77809.91,77856.16,77698.75,77835.19,408.13131
2026-09-03 07:00:00,77835.2,78183.91,77600.0,77663.15,696.21966
2026-09-03 08:00:00,77663.14,78066.0,77663.14,77843.34,363.22912
2026-09-03 09:00:00,77843.34,77975.46,77608.0,77615.24,341.00857
2026-09-03 10:00:00,77615.25,77773.26,77478.0,77735.88,406.3926
2026-09-03 11:00:00,77735.88,78004.94,77709.52,77948.39,396.769
2026-09-03 12:00:00,77948.39,78782.75,77896.07,78652.38,979.94222
2026-09-03 13:00:00,78652.37,79000.0,78450.25,78840.52,1052.74377
2026-09-03 14:00:00,78840.52,80561.0,78704.0,80549.97,2513.5082
2026-09-03 15:00:00,80549.97,81370.33,80354.65,81348.0,3056.18534
2026-09-03 16:00:00,81348.0,81360.0,80613.52,80969.37,1239.78575
2026-09-03 17:00:00,80969.37,81188.17,80886.0,81042.0,875.49534
2026-09-03 18:00:00,81042.0,81333.33,80904.0,81254.32,595.62382
2026-09-03 19:00:00,81254.31,81790.0,81171.98,81755.41,1102.96623
2026-09-03 20:00:00,81755.41,81780.0,81392.74,81473.0,601.53572
2026-09-03 21:00:00,81473.0,82300.0,81288.0,81590.0,1292.57121
2026-09-03 22:00:00,81590.0,81604.65,80905.05,81140.0,712.57205
2026-09-03 23:00:00,81140.0,81338.0,81078.0,81270.37,407.99233
2026-09-04 00:00:00,81270.37,81427.75,80960.0,80972.12,643.20132
2026-09-04 01:00:00,80972.11,81097.92,80759.52,80968.01,505.56595
2026-09-04 02:00:00,80968.01,80968.01,80669.45,80831.99,433.77504
2026-09-04 03:00:00,80832.0,81021.8,80806.0,80850.0,523.81704
2026-09-04 04:00:00,80850.01,81288.0,80820.0,81070.54,602.46481
2026-09-04 05:00:00,81070.54,81143.3,80863.03,80996.15,593.73244
2026-09-04 06:00:00,80996.15,81090.0,80573.21,80797.39,435.61525
2026-09-04 07:00:00,80797.4,80966.75,80641.65,80656.87,705.83482
2026-09-04 08:00:00,80656.86,81237.0,80502.87,81147.16,754.04554
2026-09-04 09:00:00,81147.16,81310.0,80934.24,81056.63,968.87345
2026-09-04 10:00:00,81056.63,81194.0,80831.14,81179.63,483.39639
2026-09-04 11:00:00,81179.64,81423.03,81080.01,81224.86,512.44736
2026-09-04 12:00:00,81224.86,81350.0,79177.77,79453.96,3691.19669
2026-09-04 13:00:00,79453.95,79704.0,79000.0,79378.67,1927.84184
2026-09-04 14:00:00,79378.66,79572.0,78660.0,78915.71,1816.73349
2026-09-04 15:00:00,78915.71,79555.32,78800.0,79429.33,942.77981
2026-09-04 16:00:00,79429.33,79877.07,79378.19,79745.73,1059.83504
2026-09-04 17:00:00,79745.72,79752.92,79383.0,79472.22,392.51492
2026-09-04 18:00:00,79472.22,79655.86,79472.22,79618.15,263.34116
2026-09-04 19:00:00,79618.15,79819.99,79618.14,79793.34,391.97239
2026-09-04 20:00:00,79793.35,79862.15,79667.99,79697.04,252.17194
2026-09-04 21:00:00,79697.03,79819.3,79512.0,79624.0,645.54178
2026-09-04 22:00:00,79624.0,79716.0,79604.0,79636.09,498.99738
2026-09-04 23:00:00,79636.09,79758.0,79600.89,79660.77,152.92964
2026-09-05 00:00:00,79660.77,79721.57,79562.0,79573.36,179.53978
2026-09-05 01:00:00,79573.37,79710.0,79533.34,79533.34,251.27651
2026-09-05 02:00:00,79533.34,79622.0,79472.22,79569.09,226.54938
2026-09-05 03:00:00,79569.09,79630.74,79510.93,79582.0,222.17902
2026-09-05 04:00:00,79581.99,79589.84,79500.0,79500.01,283.95874
2026-09-05 05:00:00,79500.01,79600.01,79442.0,79577.53,486.56078
2026-09-05 06:00:00,79577.53,79715.72,79576.0,79644.01,255.76484
2026-09-05 07:00:00,79644.01,79763.41,79639.22,79709.96,273.27755
2026-09-05 08:00:00,79709.96,79727.95,79568.0,79650.0,377.92884
2026-09-05 09:00:00,79650.01,79735.97,79612.0,79631.28,391.22508
2026-09-05 10:00:00,79631.29,79664.0,79593.92,79618.01,324.09358
2026-09-05 11:00:00,79618.0,79674.33,79608.0,79609.28,224.00252
2026-09-05 12:00:00,79609.29,79774.0,79609.28,79704.14,350.25887
2026-09-05 13:00:00,79704.13,79762.0,79545.96,79613.67,488.89817
2026-09-05 14:00:00,79613.67,79756.32,79613.67,79719.76,292.28201
2026-09-05 15:00:00,79719.75,79816.0,79678.62,79806.01,383.76927
2026-09-05 16:00:00,79806.0,80200.0,79754.0,80042.0,716.52557
2026-09-05 17:00:00,80041.99,80162.29,79973.85,80058.6,894.70031
2026-09-05 18:00:00,80058.6,80078.0,79930.0,79999.98,332.81067
2026-09-05 19:00:00,79999.99,79999.99,79712.86,79754.0,243.22911
2026-09-05 20:00:00,79753.99,79840.25,79694.0,79737.83,651.64016
2026-09-05 21:00:00,79737.83,79938.0,79724.87,79906.02,164.28133
2026-09-05 22:00:00,79906.02,79947.99,79749.41,79783.99,517.56847
2026-09-05 23:00:00,79783.99,79912.83,79706.04,79831.75,584.91964
2026-09-06 00:00:00,79831.75,79940.68,79829.98,79868.0,147.80921
2026-09-06 01:00:00,79868.01,80067.45,79868.01,79951.39,305.00919
2026-09-06 02:00:00,79951.38,80019.11,79876.0,79907.28,258.24501
2026-09-06 03:00:00,79907.28,80107.99,79893.86,80028.01,248.71269
2026-09-06 04:00:00,80028.01,80028.01,79854.0,79866.01,362.36734
2026-09-06 05:00:00,79866.01,80107.99,79794.04,79989.13,642.22052
2026-09-06 06:00:00,79989.12,79989.13,79676.66,79784.65,290.41612
2026-09-06 07:00:00,79784.65,79865.89,79577.0,79805.0,339.23106
2026-09-06 08:00:00,79804.68,79889.99,79752.7,79837.17,578.27369
2026-09-06 09:00:00,79837.17,79990.0,79806.01,79885.77,684.16607
2026-09-06 10:00:00,79885.78,80020.0,79885.77,80003.93,223.38098
2026-09-06 11:00:00,80003.92,80003.93,79890.0,79919.17,224.08052
2026-09-06 12:00:00,79919.17,80010.0,79858.1,79922.04,269.79443
2026-09-06 13:00:00,79922.04,79968.0,79760.39,79829.98,380.28916
2026-09-06 14:00:00,79829.99,79840.25,79233.0,79543.06,699.69504
2026-09-06 15:00:00,79543.07,79734.59,79383.32,79716.5,342.10102
2026-09-06 16:00:00,79716.51,79786.0,79606.04,79682.0,222.29132
2026-09-06 17:00:00,79682.0,79773.88,79584.73,79745.34,205.07571
2026-09-06 18:00:00,79745.34,79970.0,79745.34,79955.34,218.34399
2026-09-06 19:00:00,79955.34,79955.34,79799.52,79829.99,213.50154
2026-09-06 20:00:00,79830.0,79973.56,79776.59,79912.0,235.83849
2026-09-06 21:00:00,79912.0,80034.0,79875.24,79944.38,381.14031
2026-09-06 22:00:00,79944.39,80093.79,79647.04,80055.17,486.73578
2026-09-06 23:00:00,80055.18,80559.99,80010.0,80341.83,896.09908
2026-09-07 00:00:00,80341.83,80443.99,80059.11,80160.01,473.2372
2026-09-07 01:00:00,80160.01,80243.81,79826.28,79926.14,429.2219
2026-09-07 02:00:00,79926.14,80426.0,79800.0,79874.24,411.23362
2026-09-07 03:00:00,79874.25,79986.02,79568.6,79596.39,424.23144
2026-09-07 04:00:00,79596.38,79732.15,79540.38,79724.0,680.36024
2026-09-07 05:00:00,79724.01,79926.04,79666.79,79759.47,625.29002
2026-09-07 06:00:00,79759.47,79825.7,79644.55,79659.27,564.03546
2026-09-07 07:00:00,79659.28,79691.06,79001.1,79397.83,867.88528
2026-09-07 08:00:00,79397.83,79530.47,79397.83,79437.38,367.39664
2026-09-07 09:00:00,79437.39,79550.0,79291.15,79313.85,384.36999
2026-09-07 10:00:00,79313.85,79459.5,79313.85,79360.0,340.14563
2026-09-07 11:00:00,79360.0,79487.01,79282.0,79420.16,322.16899
2026-09-07 12:00:00,79420.16,79627.43,79400.48,79606.84,278.61012
2026-09-07 13:00:00,79606.84,79643.5,79318.92,79352.01,537.87474
2026-09-07 14:00:00,79352.0,79396.36,78956.94,79191.95,729.96261
2026-09-07 15:00:00,79191.96,79191.96,78680.0,78821.99,790.15811
2026-09-07 16:00:00,78822.0,79035.23,78807.69,79028.87,428.99902
2026-09-07 17:00:00,79028.88,79223.53,79018.0,79185.73,251.37537
2026-09-07 18:00:00,79185.74,79244.0,79096.0,79196.16,308.24543
2026-09-07 19:00:00,79196.15,79419.17,79150.0,79365.82,230.49171
2026-09-07 20:00:00,79365.81,79394.92,79168.01,79238.0,212.62445
2026-09-07 21:00:00,79238.0,79278.0,79164.0,79164.0,163.69203
2026-09-07 22:00:00,79164.01,79218.18,78781.07,78952.19,458.00504
2026-09-07 23:00:00,78952.18,79210.0,78938.38,79112.01,292.83991
2026-09-08 00:00:00,79112.0,79313.09,78972.51,79313.08,445.07914
2026-09-08 01:00:00,79313.09,79463.06,79266.48,79441.99,454.81703
2026-09-08 02:00:00,79441.98,79485.0,78930.0,78930.01,601.51271
2026-09-08 03:00:00,78930.01,79002.0,78725.1,78906.28,813.2236
2026-09-08 04:00:00,78906.27,78929.24,78678.7,78678.71,558.10183
2026-09-08 05:00:00,78678.7,78882.0,78555.0,78578.0,847.29044
2026-09-08 06:00:00,78577.99,78632.0,78261.61,78323.59,1913.91469
2026-09-08 07:00:00,78323.59,78609.99,78179.98,78482.0,3433.75725
2026-09-08 08:00:00,78482.0,78581.8,78281.3,78418.0,855.4031
2026-09-08 09:00:00,78418.0,78800.0,78317.03,78761.99,641.52148
2026-09-08 10:00:00,78762.0,78994.5,78568.0,78568.0,435.62963
2026-09-08 11:00:00,78568.01,78576.0,78271.63,78430.01,682.36626
2026-09-08 12:00:00,78430.0,78483.42,78215.36,78449.99,839.62079
2026-09-08 13:00:00,78450.0,78545.46,77620.01,77961.66,2274.11248
2026-09-08 14:00:00,77961.66,78630.81,77854.0,78567.52,885.70593
2026-09-08 15:00:00,78567.52,78910.88,78451.39,78904.0,668.56307
2026-09-08 16:00:00,78904.0,78978.39,78581.33,78735.89,339.80818
2026-09-08 17:00:00,78735.88,78892.0,78500.0,78504.38,376.83451
2026-09-08 18:00:00,78504.38,78822.47,78271.49,78436.0,310.67894
2026-09-08 19:00:00,78436.01,78528.0,78325.39,78446.0,457.27833
2026-09-08 20:00:00,78445.99,78621.77,78410.05,78487.99,286.8898
2026-09-08 21:00:00,78487.99,78623.21,78406.0,78492.18,346.3218
2026-09-08 22:00:00,78492.19,78662.75,78458.0,78562.44,344.45436
2026-09-08 23:00:00,78562.43,78575.31,78408.64,78455.8,422.1807
2026-09-09 00:00:00,78455.8,78796.97,78455.79,78774.65,263.81065
2026-09-09 01:00:00,78774.66,78891.5,78633.53,78891.5,737.84364
2026-09-09 02:00:00,78891.49,78928.65,78686.46,78726.01,338.69714
2026-09-09 03:00:00,78726.01,78726.01,78548.46,78638.01,269.38216
2026-09-09 04:00:00,78638.01,79215.83,78638.0,79171.5,659.48495
2026-09-09 05:00:00,79171.5,79370.01,78840.59,78923.43,571.99145
2026-09-09 06:00:00,78923.43,79290.63,78865.71,79159.03,306.40396
2026-09-09 07:00:00,79159.03,79400.0,79151.34,79277.43,435.40632
2026-09-09 08:00:00,79277.44,79760.0,79264.0,79698.02,838.18454
2026-09-09 09:00:00,79698.02,79716.0,78900.0,78952.01,524.33216
2026-09-09 10:00:00,78952.01,79183.91,78878.11,78920.01,419.34722
2026-09-09 11:00:00,78920.01,79379.28,78725.29,79324.75,742.09582
2026-09-09 12:00:00,79324.75,79662.56,79281.51,79606.14,1136.20636
2026-09-09 13:00:00,79606.15,79678.84,79103.19,79140.69,700.9372
2026-09-09 14:00:00,79140.69,79413.74,78877.36,78958.01,1034.69116
2026-09-09 15:00:00,78958.01,79394.99,78060.03,78596.7,1730.66758
2026-09-09 16:00:00,78596.7,78938.55,78460.34,78804.9,548.53711
2026-09-09 17:00:00,78804.9,78934.4,78674.0,78776.01,424.82404
2026-09-09 18:00:00,78776.0,78792.25,78403.36,78414.42,291.49177
2026-09-09 19:00:00,78414.42,78575.32,78150.0,78234.94,474.58363
2026-09-09 20:00:00,78234.94,78340.01,77917.09,78324.07,550.88264
2026-09-09 21:00:00,78324.07,78339.56,77994.15,78145.02,316.14499
2026-09-09 22:00:00,78145.02,78196.0,77770.0,77924.06,513.88945
2026-09-09 23:00:00,77924.0,78321.09,77920.56,78306.43,300.08433
2026-09-10 00:00:00,78306.43,78382.35,78073.8,78180.7,826.01999
2026-09-10 01:00:00,78180.7,78508.49,77952.0,78094.0,429.21115
2026-09-10 02:00:00,78094.01,78373.1,77980.0,78357.86,250.2874
2026-09-10 03:00:00,78357.87,78550.0,78278.0,78328.08,370.87043
2026-09-10 04:00:00,78328.08,78437.99,78300.0,78400.0,221.79379
2026-09-10 05:00:00,78400.01,78564.39,78270.75,78536.71,554.7012
2026-09-10 06:00:00,78536.71,78542.05,78147.98,78416.01,573.34123
2026-09-10 07:00:00,78416.01,78422.01,77906.48,78112.0,526.86865
2026-09-10 08:00:00,78112.0,78170.74,78038.0,78110.0,301.41841
2026-09-10 09:00:00,78110.0,78229.22,77910.86,77992.01,605.51933
2026-09-10 10:00:00,77992.0,78044.57,77821.21,77863.21,618.27147
2026-09-10 11:00:00,77863.2,78054.84,77688.0,77840.8,659.08952
2026-09-10 12:00:00,77840.64,77959.2,76676.07,76896.01,2886.07306
2026-09-10 13:00:00,76896.01,77234.0,76745.0,77174.44,1372.33792
2026-09-10 14:00:00,77174.43,77424.98,76943.45,77412.01,1105.27456
2026-09-10 15:00:00,77412.01,77412.89,77092.16,77250.0,695.08679
2026-09-10 16:00:00,77250.0,77312.01,76804.99,77200.01,562.44798
2026-09-10 17:00:00,77200.0,77544.0,77126.26,77328.72,584.5114
2026-09-10 18:00:00,77328.72,77340.0,76982.6,77252.0,321.25824
2026-09-10 19:00:00,77252.0,77298.48,77083.17,77160.83,394.60119
2026-09-10 20:00:00,77160.83,77347.45,77116.0,77268.08,142.17379
2026-09-10 21:00:00,77268.08,77303.02,77100.02,77144.0,268.25509
2026-09-10 22:00:00,77144.01,77218.01,76817.6,76836.45,253.46564
2026-09-10 23:00:00,76836.45,76876.31,76464.0,76568.72,797.49081
2026-09-11 00:00:00,76568.73,76939.8,76563.01,76908.59,538.94881
2026-09-11 01:00:00,76908.59,77000.0,76670.57,76971.43,386.97683
2026-09-11 02:00:00,76971.44,77013.62,76769.69,76838.68,297.49023
2026-09-11 03:00:00,76838.68,76897.54,76702.7,76891.8,967.58108
2026-09-11 04:00:00,76891.81,77196.01,76889.23,77114.01,370.66197
2026-09-11 05:00:00,77114.01,77252.88,77069.06,77252.86,284.44316
2026-09-11 06:00:00,77252.87,77431.48,77182.0,77298.01,405.18201
2026-09-11 07:00:00,77298.01,77403.19,77203.73,77230.7,435.02243
2026-09-11 08:00:00,77230.7,77500.0,77144.59,77364.93,294.00696
2026-09-11 09:00:00,77364.94,77370.01,76865.58,77042.0,552.5515
2026-09-11 10:00:00,77042.0,77163.25,76966.0,76993.25,406.1795
2026-09-11 11:00:00,76993.25,77049.25,76746.95,77036.12,420.86915
2026-09-11 12:00:00,77036.12,78148.74,76046.58,78032.99,3531.14376
2026-09-11 13:00:00,78032.98,79333.0,77253.8,79242.56,2451.66172
2026-09-11 14:00:00,79242.56,79890.0,78509.09,78798.51,1987.04632
2026-09-11 15:00:00,78798.4,78849.98,77303.0,77732.25,1364.45838
2026-09-11 16:00:00,77732.25,78068.01,77381.88,77916.0,1081.48116
2026-09-11 17:00:00,77916.0,77960.01,77490.34,77534.0,492.68772
2026-09-11 18:00:00,77534.0,77538.01,76883.0,77054.0,842.12412
2026-09-11 19:00:00,77054.0,77372.01,77006.0,77286.01,421.44962
2026-09-11 20:00:00,77286.0,77504.01,77192.0,77339.33,322.32564
2026-09-11 21:00:00,77339.33,77424.01,77078.01,77108.01,222.90327
2026-09-11 22:00:00,77108.01,77231.31,76967.13,77150.0,1100.36124
2026-09-11 23:00:00,77150.0,77225.71,77119.68,77225.7,535.72071
2026-09-12 00:00:00,77225.71,77320.0,77207.65,77287.43,314.34391
2026-09-12 01:00:00,77287.43,77378.37,77262.29,77272.37,186.8188
2026-09-12 02:00:00,77272.36,77322.27,77220.0,77288.0,307.45259
2026-09-12 03:00:00,77288.01,77347.82,77229.99,77268.09,242.20968
2026-09-12 04:00:00,77268.09,77314.01,77215.86,77222.75,392.84938
2026-09-12 05:00:00,77222.75,77260.8,77164.06,77218.0,966.7285
2026-09-12 06:00:00,77218.0,77359.2,77199.99,77289.73,148.46089
2026-09-12 07:00:00,77289.73,77347.99,77266.0,77269.55,360.14789
2026-09-12 08:00:00,77269.54,77374.01,77269.54,77360.01,285.63962
2026-09-12 09:00:00,77360.0,77386.76,77335.14,77349.44,294.25428
2026-09-12 10:00:00,77349.44,77400.75,77310.55,77332.94,182.37452
2026-09-12 11:00:00,77332.94,77356.05,77292.0,77356.04,149.54317
2026-09-12 12:00:00,77356.05,77360.77,77290.0,77340.0,340.29238
2026-09-12 13:00:00,77340.01,77397.27,77255.19,77366.52,1023.69199
2026-09-12 14:00:00,77366.52,77505.67,77366.0,77461.24,239.68201
2026-09-12 15:00:00,77461.25,77479.99,77376.0,77380.37,265.08543
2026-09-12 16:00:00,77380.38,77414.01,77336.0,77358.01,159.17816
2026-09-12 17:00:00,77358.0,77404.37,77170.57,77210.58,249.24835
2026-09-12 18:00:00,77210.58,77216.01,77125.03,77131.0,275.13313
2026-09-12 19:00:00,77131.0,77186.01,77059.75,77114.99,731.31555
2026-09-12 20:00:00,77115.0,77227.71,77114.99,77170.0,363.19212
2026-09-12 21:00:00,77170.0,77283.05,77148.5,77264.01,348.07684
2026-09-12 22:00:00,77264.0,77300.0,77193.06,77232.17,167.38368
2026-09-12 23:00:00,77232.17,77292.83,77232.16,77278.73,67.34168
2026-09-13 00:00:00,77278.73,77299.99,77162.36,77276.02,102.17841
2026-09-13 01:00:00,77276.02,77341.37,77241.51,77319.97,342.83505
2026-09-13 02:00:00,77319.97,77319.97,77244.78,77289.96,238.88569
2026-09-13 03:00:00,77289.97,77310.78,77184.01,77192.01,225.77764
2026-09-13 04:00:00,77192.0,77254.03,77189.84,77210.01,190.98338
2026-09-13 05:00:00,77210.0,77324.46,77210.0,77322.01,202.84475
2026-09-13 06:00:00,77322.01,77325.82,77058.42,77122.35,503.99784
2026-09-13 07:00:00,77122.35,77180.0,77091.88,77127.99,239.99798
2026-09-13 08:00:00,77127.99,77182.0,76756.0,76813.71,401.89187
2026-09-13 09:00:00,76813.71,76893.91,76570.0,76808.01,537.62115
2026-09-13 10:00:00,76808.0,76813.26,76628.45,76677.29,190.81512
2026-09-13 11:00:00,76677.3,76800.0,76500.0,76792.32,265.89974
2026-09-13 12:00:00,76792.31,76866.01,76690.0,76763.33,292.33252
2026-09-13 13:00:00,76763.33,76922.01,76560.0,76853.02,435.53074
2026-09-13 14:00:00,76853.01,77254.45,76850.56,77216.01,524.64043
2026-09-13 15:00:00,77216.01,77216.01,77011.33,77134.83,235.97054
2026-09-13 16:00:00,77134.82,77359.0,77125.66,77276.14,296.31166
2026-09-13 17:00:00,77276.14,77413.52,77249.35,77328.94,135.4972
2026-09-13 18:00:00,77328.94,77383.4,77312.12,77338.87,110.16764
2026-09-13 19:00:00,77338.87,77409.04,77223.16,77284.0,148.98479
2026-09-13 20:00:00,77284.01,77368.0,77262.0,77348.01,103.43597
2026-09-13 21:00:00,77348.01,77450.0,77314.0,77316.0,161.40092
2026-09-13 22:00:00,77316.0,77316.0,76667.68,76714.0,686.94439
2026-09-13 23:00:00,76714.0,76876.8,76622.97,76842.01,384.73824
2026-09-14 00:00:00,76842.01,77083.34,76388.72,76808.0,684.93231
2026-09-14 01:00:00,76808.01,77170.76,76636.41,77118.97,548.46579
2026-09-14 02:00:00,77118.96,77725.5,77016.0,77600.0,1091.26668
2026-09-14 03:00:00,77600.0,77869.82,77504.01,77596.33,938.65006
2026-09-14 04:00:00,77596.32,77700.78,77537.8,77681.78,479.27763
2026-09-14 05:00:00,77681.79,77691.05,77494.34,77611.79,322.46252
2026-09-14 06:00:00,77611.79,77895.35,77379.41,77593.15,418.88254
2026-09-14 07:00:00,77593.15,77892.24,77524.41,77892.24,453.51632
2026-09-14 08:00:00,77892.24,77999.99,77654.0,77728.8,526.80639
2026-09-14 09:00:00,77728.8,78374.01,77593.8,78141.57,718.66625
2026-09-14 10:00:00,78141.57,78167.87,77900.0,77906.6,344.15342
2026-09-14 11:00:00,77906.61,77924.02,77692.55,77776.0,354.582
2026-09-14 12:00:00,77776.0,78082.67,77615.06,77698.01,416.3904
2026-09-14 13:00:00,77698.01,78490.0,77481.98,78168.01,1141.24574
2026-09-14 14:00:00,78168.01,78712.29,78164.01,78521.06,1305.24797
2026-09-14 15:00:00,78521.05,78684.01,78301.41,78578.02,911.75735
2026-09-14 16:00:00,78578.02,78904.72,78426.17,78769.42,663.13004
2026-09-14 17:00:00,78769.42,79048.44,78698.37,78937.98,650.24334
2026-09-14 18:00:00,78937.98,79325.0,78838.57,79226.01,894.11691
2026-09-14 19:00:00,79226.0,79227.69,78951.67,78982.0,499.81096
2026-09-14 20:00:00,78982.01,79600.0,78978.56,79100.0,622.99114
2026-09-14 21:00:00,79100.0,79117.93,78746.0,78757.83,574.15746
2026-09-14 22:00:00,78757.82,78854.01,78511.0,78557.98,419.77752
2026-09-14 23:00:00,78557.99,78568.01,78131.3,78189.21,432.95897
2026-09-15 00:00:00,78189.2,78250.46,77941.18,77952.93,446.37902
2026-09-15 01:00:00,77952.92,78080.0,77750.0,77917.86,504.32377
2026-09-15 02:00:00,77917.86,78018.04,77776.25,77913.72,261.07651
2026-09-15 03:00:00,77913.73,77913.73,77658.0,77676.99,370.47729
2026-09-15 04:00:00,77676.99,77744.31,77542.0,77567.12,784.69084
2026-09-15 05:00:00,77567.11,77666.66,77300.01,77630.0,461.79794
2026-09-15 06:00:00,77630.0,77727.83,77191.02,77286.7,361.46093
2026-09-15 07:00:00,77286.71,77310.71,76889.22,76930.01,884.1463
2026-09-15 08:00:00,76930.0,77007.84,76703.59,77000.01,754.54393
2026-09-15 09:00:00,77000.01,77059.87,76869.99,76984.05,483.47069
2026-09-15 10:00:00,76984.05,77176.07,76872.9,77053.8,603.90345
2026-09-15 11:00:00,77053.8,77223.32,76843.75,76940.01,463.92838
2026-09-15 12:00:00,76940.01,77143.15,76858.66,76957.65,512.54782
2026-09-15 13:00:00,76956.75,77126.01,76123.42,76618.77,2183.38695
2026-09-15 14:00:00,76618.77,76696.0,75605.0,75942.01,2651.31183
2026-09-15 15:00:00,75942.01,76603.59,75832.0,76512.0,1349.39662
2026-09-15 16:00:00,76512.01,76576.47,76274.0,76388.0,598.21425
2026-09-15 17:00:00,76388.01,77343.44,76194.21,76962.0,1073.22598
2026-09-15 18:00:00,76962.0,77205.39,74967.97,76000.0,3667.98364
2026-09-15 19:00:00,76000.0,76305.99,75813.75,76186.48,1145.76186
2026-09-15 20:00:00,76186.48,76245.98,75613.2,75935.24,526.79495
2026-09-15 21:00:00,75935.24,75956.58,75392.35,75453.85,478.08145
2026-09-15 22:00:00,75453.85,75747.98,75140.64,75668.0,703.17506
2026-09-15 23:00:00,75667.99,75942.13,75562.01,75644.48,412.63788
2026-09-16 00:00:00,75644.48,75915.49,75578.61,75772.1,340.54755
2026-09-16 01:00:00,75772.1,75964.01,75457.52,75489.14,471.46585
2026-09-16 02:00:00,75489.14,76111.0,75483.32,75886.35,431.22778
2026-09-16 03:00:00,75886.36,76076.01,75768.25,75824.01,369.27253
2026-09-16 04:00:00,75824.0,76022.67,75805.7,75864.02,321.09965
2026-09-16 05:00:00,75864.02,75981.36,75677.64,75962.01,372.63126
2026-09-16 06:00:00,75962.01,76038.83,75830.0,76030.01,399.86157
2026-09-16 07:00:00,76030.01,76097.54,75739.36,75766.63,721.95197
2026-09-16 08:00:00,75766.62,75766.62,75350.0,75736.01,690.76243
2026-09-16 09:00:00,75736.01,75994.0,75730.0,75993.0,455.32651
2026-09-16 10:00:00,75993.01,76046.05,75900.0,75990.2,314.78271
2026-09-16 11:00:00,75990.2,76304.01,75874.0,76250.0,523.67545
2026-09-16 12:00:00,76250.0,76300.0,75794.02,75967.99,566.86511
2026-09-16 13:00:00,75967.98,75967.98,75585.09,75646.01,738.01439
2026-09-16 14:00:00,75646.01,75830.48,75423.04,75697.82,705.96798
2026-09-16 15:00:00,75697.83,75950.0,75552.79,75788.41,560.83704
2026-09-16 16:00:00,75788.41,75883.75,75650.0,75768.0,367.73923
2026-09-16 17:00:00,75768.0,75937.45,75353.07,75768.01,638.52702
2026-09-16 18:00:00,75770.45,76560.76,75064.82,75632.0,3097.10326
2026-09-16 19:00:00,75632.01,76180.0,75250.0,76080.0,958.02578
2026-09-16 20:00:00,76080.0,76422.01,76024.0,76178.34,511.84627
2026-09-16 21:00:00,76178.35,76213.34,75933.11,75976.0,320.44714
2026-09-16 22:00:00,75976.01,75986.01,75632.7,75675.88,525.52719
2026-09-16 23:00:00,75675.88,76276.02,75643.61,76206.01,484.47864
2026-09-17 00:00:00,76206.0,76511.18,76188.0,76342.77,472.88854
2026-09-17 01:00:00,76342.77,76774.08,76222.0,76374.21,638.81754
2026-09-17 02:00:00,76374.22,76485.13,76055.34,76370.01,496.68012
2026-09-17 03:00:00,76370.01,76535.03,76370.01,76441.99,295.45137
2026-09-17 04:00:00,76442.0,76598.0,76187.0,76539.81,275.54427
2026-09-17 05:00:00,76539.82,76632.14,76318.0,76333.88,280.19303
2026-09-17 06:00:00,76333.87,76598.01,76308.42,76477.45,271.83524
2026-09-17 07:00:00,76477.46,76682.01,76425.34,76462.76,422.44395
2026-09-17 08:00:00,76462.77,76591.46,76396.97,76574.63,422.26564
2026-09-17 09:00:00,76574.63,76770.0,76468.04,76468.05,378.26739
2026-09-17 10:00:00,76468.04,76470.49,76270.0,76402.01,413.8899
2026-09-17 11:00:00,76402.01,76488.73,76179.0,76482.0,329.95092
2026-09-17 12:00:00,76482.0,77179.47,76398.93,76736.59,970.25031
2026-09-17 13:00:00,76736.59,76889.66,76000.0,76694.07,1013.37341
2026-09-17 14:00:00,76694.06,77088.05,76391.44,76502.46,941.27248
2026-09-17 15:00:00,76502.45,76862.85,76275.0,76780.01,472.36489
2026-09-17 16:00:00,76780.01,76811.39,76534.0,76753.46,596.54444
2026-09-17 17:00:00,76753.46,76970.01,76576.0,76667.86,711.49403
2026-09-17 18:00:00,76667.87,76781.85,76470.4,76575.96,293.0973
2026-09-17 19:00:00,76575.97,76677.42,76504.62,76594.01,292.32933
2026-09-17 20:00:00,76594.01,76732.99,76500.0,76556.01,198.7874
2026-09-17 21:00:00,76556.01,76616.01,76395.51,76415.85,210.95396
2026-09-17 22:00:00,76415.85,76458.55,76259.98,76420.0,270.75161
2026-09-17 23:00:00,76419.99,76510.01,76384.04,76417.01,255.57512
2026-09-18 00:00:00,76417.01,76590.0,76296.0,76590.0,376.57511
2026-09-18 01:00:00,76589.99,76763.86,76520.0,76744.01,577.60341
2026-09-18 02:00:00,76744.01,77042.2,76644.0,76988.3,712.34227
2026-09-18 03:00:00,76988.31,77597.83,76981.94,77383.47,920.49271
2026-09-18 04:00:00,77383.47,77575.98,77216.76,77575.97,724.0507
2026-09-18 05:00:00,77575.98,77715.48,77442.93,77493.8,717.75458
2026-09-18 06:00:00,77493.8,77679.62,77402.32,77604.0,542.00013
2026-09-18 07:00:00,77604.01,77850.0,77566.11,77798.01,1203.27789
2026-09-18 08:00:00,77798.0,78279.8,77660.0,78272.15,1082.03924
2026-09-18 09:00:00,78271.48,78490.79,77961.57,78212.01,1198.98878
2026-09-18 10:00:00,78212.0,78369.86,78102.0,78285.34,396.04476
2026-09-18 11:00:00,78285.35,78450.01,78026.0,78062.0,564.41098
2026-09-18 12:00:00,78062.01,78182.01,77982.88,78043.11,508.65462
2026-09-18 13:00:00,78043.12,80500.0,77972.3,80073.09,3127.05627
2026-09-18 14:00:00,80073.09,80989.99,80073.09,80937.83,3674.82612
2026-09-18 15:00:00,80937.83,81154.67,80501.0,80725.6,1900.06383
2026-09-18 16:00:00,80725.6,81258.01,80671.53,80846.74,1155.99511
2026-09-18 17:00:00,80846.75,81019.01,80555.54,81019.0,719.2946
2026-09-18 18:00:00,81019.0,81148.0,80796.92,80938.43,787.61867
2026-09-18 19:00:00,80938.44,81400.0,80912.0,81204.76,838.29021
2026-09-18 20:00:00,81204.77,81235.0,80941.65,81110.01,620.55238
2026-09-18 21:00:00,81110.01,81300.0,81092.0,81238.2,488.11936
2026-09-18 22:00:00,81238.2,81370.57,81077.55,81139.02,440.33445
2026-09-18 23:00:00,81139.03,81200.0,80862.61,80883.87,631.39344
2026-09-19 00:00:00,80883.86,81668.99,80844.58,81668.98,754.37622
2026-09-19 01:00:00,81668.99,81741.0,81050.0,81280.99,565.42177
2026-09-19 02:00:00,81281.0,81445.71,81264.0,81304.72,394.3587
2026-09-19 03:00:00,81304.73,81402.01,81114.08,81136.01,229.75185
2026-09-19 04:00:00,81136.02,81228.03,80911.12,81024.0,323.92635
2026-09-19 05:00:00,81024.01,81146.01,81012.0,81040.01,235.78799
2026-09-19 06:00:00,81040.01,81101.68,80925.76,81052.01,223.96356
2026-09-19 07:00:00,81052.02,81250.0,81032.0,81100.16,250.51895
2026-09-19 08:00:00,81100.17,81413.27,81075.28,81312.01,342.31658
2026-09-19 09:00:00,81312.01,81528.01,81246.5,81325.77,433.58513
2026-09-19 10:00:00,81325.38,81330.29,81199.99,81216.7,532.29651
2026-09-19 11:00:00,81216.71,81374.15,81212.98,81302.63,328.56609
2026-09-19 12:00:00,81302.63,81369.86,81223.16,81330.0,317.04895
2026-09-19 13:00:00,81330.01,81338.58,81183.28,81266.64,282.57907
