mode,buffer,sl,step,lock,trades,wr,net,pf,max_dd,min_bal
LIMIT,5.0,15.0,8.0,300.0,57,17.543859649122805,3081.3800000000438,1.7146554723195142,2934.2849999999885,2186.250000000017
LIMIT,5.0,15.0,8.0,500.0,57,10.526315789473683,4265.925000000012,1.9272187837918637,3834.1499999999883,1163.9400000000128
LIMIT,5.0,15.0,8.0,800.0,57,8.771929824561402,3906.865000000008,1.807908763331629,4164.149999999988,833.9400000000132
LIMIT,5.0,15.0,8.0,1000.0,57,8.771929824561402,3906.865000000008,1.807908763331629,4164.149999999988,833.9400000000132
LIMIT,5.0,15.0,10.0,300.0,57,14.035087719298245,4090.1399999999458,1.7961025399473007,3957.6099999999906,1040.4800000000105
LIMIT,5.0,15.0,10.0,500.0,57,12.280701754385964,4489.649999999923,1.8965672178288788,3988.5150000000385,1009.5749999999625
LIMIT,5.0,15.0,10.0,800.0,57,10.526315789473683,4405.339999999921,1.8832142105315706,4072.825000000041,925.2649999999599
LIMIT,5.0,15.0,10.0,1000.0,57,10.526315789473683,4405.339999999921,1.8832142105315706,4072.825000000041,925.2649999999599
LIMIT,5.0,15.0,12.0,300.0,57,15.789473684210526,1497.779999999929,1.3211907677329415,4267.029999999982,731.0600000000195
LIMIT,5.0,15.0,12.0,500.0,57,12.280701754385964,846.2049999998492,1.1631048330748595,4417.470000000053,580.619999999948
LIMIT,5.0,15.0,12.0,800.0,57,8.771929824561402,-218.01500000013743,0.963006954383733,5472.630000000036,-474.5400000000345
LIMIT,5.0,15.0,12.0,1000.0,57,8.771929824561402,-218.01500000013743,0.963006954383733,5472.630000000036,-474.5400000000345
LIMIT,5.0,15.0,15.0,300.0,57,15.789473684210526,292.5249999999087,1.06534170231299,3743.425000000002,1254.664999999999
LIMIT,5.0,15.0,15.0,500.0,57,14.035087719298245,-880.6950000001174,0.8429961573327358,5100.900000000036,-102.81000000003496
LIMIT,5.0,15.0,15.0,800.0,57,8.771929824561402,-2292.970000000101,0.6347936469508773,6023.610000000035,-1025.520000000034
LIMIT,5.0,15.0,15.0,1000.0,57,8.771929824561402,-2518.9700000001367,0.612727413890764,6023.610000000035,-1025.520000000034
LIMIT,5.0,20.0,8.0,300.0,57,17.543859649122805,2564.5150000000413,1.5311132810679868,3385.4949999999894,1669.3850000000143
LIMIT,5.0,20.0,8.0,500.0,57,10.526315789473683,3749.0600000000095,1.7325759529783276,4351.014999999991,647.0750000000098
LIMIT,5.0,20.0,8.0,800.0,57,8.771929824561402,3390.0000000000055,1.6333323369402772,4681.014999999991,317.0750000000098
LIMIT,5.0,20.0,8.0,1000.0,57,8.771929824561402,3390.0000000000055,1.6333323369402772,4681.014999999991,317.0750000000098
LIMIT,5.0,20.0,10.0,300.0,57,14.035087719298245,3423.2749999999432,1.5897551412076938,4624.474999999994,373.61500000000706
LIMIT,5.0,20.0,10.0,500.0,57,12.280701754385964,3822.7849999999207,1.673682012313037,4655.380000000042,342.7099999999591
LIMIT,5.0,20.0,10.0,800.0,57,10.526315789473683,3738.4749999999185,1.661125273333828,4739.690000000045,258.399999999956
LIMIT,5.0,20.0,10.0,1000.0,57,10.526315789473683,3738.4749999999185,1.661125273333828,4739.690000000045,258.399999999956
LIMIT,5.0,20.0,12.0,300.0,57,15.789473684210526,665.9149999999265,1.1211839692815706,5064.83499999998,-66.74499999997897
LIMIT,5.0,20.0,12.0,500.0,57,12.280701754385964,14.339999999846668,1.002382071671428,5215.275000000052,-217.18500000005133
LIMIT,5.0,20.0,12.0,800.0,57,8.771929824561402,-1049.8800000001397,0.8438902824719104,6279.495000000038,-1281.405000000037
LIMIT,5.0,20.0,12.0,1000.0,57,8.771929824561402,-1049.8800000001397,0.8438902824719104,6279.495000000038,-1281.405000000037
LIMIT,5.0,20.0,15.0,300.0,57,15.789473684210526,-619.3400000000939,0.885067219179323,4630.2900000000045,367.79999999999654
LIMIT,5.0,20.0,15.0,500.0,57,14.035087719298245,-1792.5600000001205,0.7251201840137842,5987.765000000038,-989.6750000000366
LIMIT,5.0,20.0,15.0,800.0,57,8.771929824561402,-3204.8350000001037,0.5542912971069024,6910.475000000038,-1912.3850000000366
LIMIT,5.0,20.0,15.0,1000.0,57,8.771929824561402,-3430.835000000139,0.5373895162649422,6910.475000000038,-1912.3850000000366
LIMIT,5.0,25.0,8.0,300.0,57,17.543859649122805,2599.470000000041,1.5422781577975773,3439.339999999989,1704.3400000000142
LIMIT,5.0,25.0,8.0,500.0,57,10.526315789473683,3784.0150000000103,1.7444913466012566,4316.059999999991,682.0300000000097
LIMIT,5.0,25.0,8.0,800.0,57,8.771929824561402,3424.9550000000063,1.6440688006153064,4646.059999999991,352.03000000000975
LIMIT,5.0,25.0,8.0,1000.0,57,8.771929824561402,3424.9550000000063,1.6440688006153064,4646.059999999991,352.03000000000975
LIMIT,5.0,25.0,10.0,300.0,57,14.035087719298245,3358.229999999943,1.5721380363107194,4689.519999999994,308.570000000007
LIMIT,5.0,25.0,10.0,500.0,57,12.280701754385964,3757.7399999999207,1.6547144268412979,4720.425000000042,277.66499999995904
LIMIT,5.0,25.0,10.0,800.0,57,10.526315789473683,3673.4299999999184,1.6422349888806345,4804.735000000045,193.3549999999559
LIMIT,5.0,25.0,10.0,1000.0,57,10.526315789473683,3673.4299999999184,1.6422349888806345,4804.735000000045,193.3549999999559
LIMIT,5.0,25.0,12.0,300.0,57,15.789473684210526,425.86999999992645,1.0742565107617499,5279.879999999981,-281.78999999997995
LIMIT,5.0,25.0,12.0,500.0,57,12.280701754385964,-225.7050000001534,0.9639449745727202,5430.3200000000525,-432.2300000000514
LIMIT,5.0,25.0,12.0,800.0,57,8.771929824561402,-1289.9250000001402,0.814807370520912,6494.540000000038,-1496.450000000037
LIMIT,5.0,25.0,12.0,1000.0,57,8.771929824561402,-1289.9250000001402,0.814807370520912,6494.540000000038,-1496.450000000037
LIMIT,5.0,25.0,15.0,300.0,57,15.789473684210526,-731.0650000000952,0.867089723731175,4717.015000000007,281.07499999999436
LIMIT,5.0,25.0,15.0,500.0,57,14.035087719298245,-1904.2850000001217,0.7129063504686646,6074.49000000004,-1076.4000000000387
LIMIT,5.0,25.0,15.0,800.0,57,8.771929824561402,-3316.5600000001054,0.5458104804749146,6997.20000000004,-1999.1100000000388
LIMIT,5.0,25.0,15.0,1000.0,57,8.771929824561402,-3542.5600000001414,0.5294139526233652,6997.20000000004,-1999.1100000000388
LIMIT,5.0,30.0,8.0,300.0,57,17.543859649122805,2549.4300000000403,1.5263448019572101,3497.2449999999885,1654.3000000000134
LIMIT,5.0,30.0,8.0,500.0,57,10.526315789473683,3733.9750000000085,1.727483938843403,4366.099999999992,631.9900000000089
LIMIT,5.0,30.0,8.0,800.0,57,8.771929824561402,3374.9150000000045,1.628742157990583,4696.099999999992,301.9900000000089
LIMIT,5.0,30.0,8.0,1000.0,57,8.771929824561402,3374.9150000000045,1.628742157990583,4696.099999999992,301.9900000000089
LIMIT,5.0,30.0,10.0,300.0,57,14.035087719298245,3203.1899999999423,1.531680237291586,4844.559999999996,153.5300000000052
LIMIT,5.0,30.0,10.0,500.0,57,12.280701754385964,3602.69999999992,1.611191694022427,4875.465000000044,122.62499999995725
LIMIT,5.0,30.0,10.0,800.0,57,10.526315789473683,3518.3899999999176,1.5988952815414816,4959.775000000046,38.314999999955035
LIMIT,5.0,30.0,10.0,1000.0,57,10.526315789473683,3518.3899999999176,1.5988952815414816,4959.775000000046,38.314999999955035
LIMIT,5.0,30.0,12.0,300.0,57,15.789473684210526,190.33499999992432,1.0318784120000108,5505.414999999983,-507.3249999999816
LIMIT,5.0,30.0,12.0,500.0,57,12.280701754385964,-461.24000000015553,0.9289913864106729,5655.855000000054,-657.7650000000531
LIMIT,5.0,30.0,12.0,800.0,57,8.771929824561402,-1525.460000000142,0.788155564968006,6720.07500000004,-1721.9850000000388
LIMIT,5.0,30.0,12.0,1000.0,57,8.771929824561402,-1525.460000000142,0.788155564968006,6720.07500000004,-1721.9850000000388
LIMIT,5.0,30.0,15.0,300.0,57,17.543859649122805,-596.1750000000335,0.8952420279477533,5032.550000000008,-34.46000000000731
LIMIT,5.0,30.0,15.0,500.0,57,15.789473684210526,-1769.3950000000596,0.7406913743806269,6390.0250000000415,-1391.9350000000404
LIMIT,5.0,30.0,15.0,800.0,57,10.526315789473683,-3181.6700000000433,0.5753631708793258,7312.7350000000415,-2314.6450000000405
LIMIT,5.0,30.0,15.0,1000.0,57,10.526315789473683,-3407.6700000000787,0.5585067584287563,7312.7350000000415,-2314.6450000000405
LIMIT,8.0,15.0,8.0,300.0,55,14.545454545454545,600.5199999999459,1.1382745158538243,2799.974999999995,2235.8450000000075
LIMIT,8.0,15.0,8.0,500.0,55,10.909090909090908,256.2399999999561,1.057250420318259,3144.2549999999846,1891.5650000000178
LIMIT,8.0,15.0,8.0,800.0,55,10.909090909090908,172.18999999995867,1.038471549619889,3228.304999999982,1807.5150000000203
LIMIT,8.0,15.0,8.0,1000.0,55,10.909090909090908,172.18999999995867,1.038471549619889,3228.304999999982,1807.5150000000203
LIMIT,8.0,15.0,10.0,300.0,55,16.363636363636363,-1515.9600000000355,0.664773412026674,3205.4749999999995,1822.6150000000016
LIMIT,8.0,15.0,10.0,500.0,55,12.727272727272727,-598.0750000000753,0.8728856337333517,3508.239999999999,1519.8500000000022
LIMIT,8.0,15.0,10.0,800.0,55,12.727272727272727,-767.6800000001222,0.8368379271904296,3677.8450000000457,1350.2449999999553
LIMIT,8.0,15.0,10.0,1000.0,55,12.727272727272727,-767.6800000001222,0.8368379271904296,3677.8450000000457,1350.2449999999553
LIMIT,8.0,15.0,12.0,300.0,55,14.545454545454545,-1932.2850000000526,0.5771944028095247,3281.800000000017,1746.289999999984
LIMIT,8.0,15.0,12.0,500.0,55,12.727272727272727,-1062.6300000001002,0.7683877619077503,3292.795000000024,1735.2949999999769
LIMIT,8.0,15.0,12.0,800.0,55,12.727272727272727,-867.7150000001175,0.8108716927093864,3097.8800000000415,1930.2099999999596
LIMIT,8.0,15.0,12.0,1000.0,55,9.090909090909092,-2416.82500000008,0.5368265819849335,4646.990000000003,381.09999999999764
LIMIT,8.0,15.0,15.0,300.0,55,20.0,-1557.0750000000735,0.6216237561206586,3355.6149999999893,1672.4750000000117
LIMIT,8.0,15.0,15.0,500.0,55,18.181818181818183,-2211.7050000001436,0.5248799957894873,4010.2450000000595,1017.8449999999416
LIMIT,8.0,15.0,15.0,800.0,55,16.363636363636363,-2515.7150000001175,0.4881603322044664,4314.255000000033,713.8349999999682
LIMIT,8.0,15.0,15.0,1000.0,55,14.545454545454545,-3232.295000000121,0.3889853488958793,5030.835000000036,-2.745000000035361
LIMIT,8.0,20.0,8.0,300.0,55,14.545454545454545,377.55999999994765,1.0826909830778602,3022.934999999993,2012.8850000000093
LIMIT,8.0,20.0,8.0,500.0,55,10.909090909090908,33.27999999995791,1.0070827573804348,3367.214999999983,1668.6050000000196
LIMIT,8.0,20.0,8.0,800.0,55,10.909090909090908,-50.770000000039545,0.98919496417652,3451.2649999999803,1584.5550000000221
LIMIT,8.0,20.0,8.0,1000.0,55,10.909090909090908,-50.770000000039545,0.98919496417652,3451.2649999999803,1584.5550000000221
LIMIT,8.0,20.0,10.0,300.0,55,16.363636363636363,-1690.120000000035,0.6401209022742032,3379.634999999999,1648.4550000000022
LIMIT,8.0,20.0,10.0,500.0,55,12.727272727272727,-772.2350000000747,0.841728365963493,3682.3999999999983,1345.6900000000028
LIMIT,8.0,20.0,10.0,800.0,55,12.727272727272727,-941.8400000001211,0.8069673664092555,3852.005000000045,1176.084999999956
LIMIT,8.0,20.0,10.0,1000.0,55,12.727272727272727,-941.8400000001211,0.8069673664092555,3852.005000000045,1176.084999999956
LIMIT,8.0,20.0,12.0,300.0,55,16.363636363636363,-2012.405000000057,0.5775116412846656,3398.3550000000264,1629.7349999999747
LIMIT,8.0,20.0,12.0,500.0,55,14.545454545454545,537.324999999897,1.1123866355437093,3560.865000000024,1467.2249999999772
LIMIT,8.0,20.0,12.0,800.0,55,14.545454545454545,732.2399999998797,1.1531549621002708,3365.950000000041,1662.1399999999599
LIMIT,8.0,20.0,12.0,1000.0,55,10.909090909090908,-816.8700000000817,0.849036414441571,4915.060000000003,113.02999999999793
LIMIT,8.0,20.0,15.0,300.0,55,21.818181818181817,-866.4000000000751,0.805880059687832,3753.684999999989,1274.405000000012
LIMIT,8.0,20.0,15.0,500.0,55,20.0,-1521.0300000001453,0.6959834023403152,4408.31500000006,619.7749999999414
LIMIT,8.0,20.0,15.0,800.0,55,18.181818181818183,-1825.0400000001182,0.6532395739025073,4712.325000000033,315.7649999999685
LIMIT,8.0,20.0,15.0,1000.0,55,16.363636363636363,-2541.6200000001218,0.5492074922203423,5428.905000000036,-400.81500000003507
LIMIT,8.0,25.0,8.0,300.0,55,16.363636363636363,487.90499999994245,1.106574851738173,2912.5899999999983,2123.230000000004
LIMIT,8.0,25.0,8.0,500.0,55,10.909090909090908,-32.77500000004602,0.9931214177329859,3433.269999999987,1602.5500000000156
LIMIT,8.0,25.0,8.0,800.0,55,10.909090909090908,-116.82500000004347,0.9754816056951002,3517.3199999999842,1518.5000000000182
LIMIT,8.0,25.0,8.0,1000.0,55,10.909090909090908,-116.82500000004347,0.9754816056951002,3517.3199999999842,1518.5000000000182
LIMIT,8.0,25.0,10.0,300.0,55,18.181818181818183,-1764.7750000000397,0.6318392236136845,3454.2900000000036,1573.7999999999975
LIMIT,8.0,25.0,10.0,500.0,55,12.727272727272727,-1023.2900000000782,0.8005372078834522,3933.4550000000017,1094.6349999999993
LIMIT,8.0,25.0,10.0,800.0,55,12.727272727272727,-1192.895000000125,0.7674772865933644,4103.060000000049,925.0299999999525
LIMIT,8.0,25.0,10.0,1000.0,55,12.727272727272727,-1192.895000000125,0.7674772865933644,4103.060000000049,925.0299999999525
LIMIT,8.0,25.0,12.0,300.0,55,16.363636363636363,-2324.6450000000586,0.5419833867274975,3710.5950000000284,1317.4949999999726
LIMIT,8.0,25.0,12.0,500.0,55,14.545454545454545,225.08499999989544,1.0441925439009627,3873.105000000026,1154.9849999999751
LIMIT,8.0,25.0,12.0,800.0,55,14.545454545454545,419.9999999998781,1.0824615964564834,3678.1900000000433,1349.8999999999578
LIMIT,8.0,25.0,12.0,1000.0,55,10.909090909090908,-1129.1100000000833,0.8027162745837907,5227.300000000006,-199.21000000000458
LIMIT,8.0,25.0,15.0,300.0,55,21.818181818181817,-1200.8150000000787,0.7497068868306831,4023.0999999999926,1004.9900000000084
LIMIT,8.0,25.0,15.0,500.0,55,20.0,-1855.4450000001489,0.6523775978776448,4677.730000000062,350.35999999993874
LIMIT,8.0,25.0,15.0,800.0,55,18.181818181818183,-2159.4550000001227,0.6142128760363756,4981.740000000036,46.34999999996489
LIMIT,8.0,25.0,15.0,1000.0,55,16.363636363636363,-2876.0350000001263,0.5184561651427275,5698.32000000004,-670.2300000000387
LIMIT,8.0,30.0,8.0,300.0,55,16.363636363636363,459.3449999999448,1.099714323548107,2941.1499999999955,2094.670000000007
LIMIT,8.0,30.0,8.0,500.0,55,10.909090909090908,-61.33500000004369,0.987204147412552,3461.8299999999845,1573.990000000018
LIMIT,8.0,30.0,8.0,800.0,55,10.909090909090908,-145.38500000004115,0.9696694378670364,3545.879999999982,1489.9400000000205
LIMIT,8.0,30.0,8.0,1000.0,55,10.909090909090908,-145.38500000004115,0.9696694378670364,3545.879999999982,1489.9400000000205
LIMIT,8.0,30.0,10.0,300.0,55,18.181818181818183,-1818.3350000000373,0.6248573874831006,3507.8500000000013,1520.2399999999998
LIMIT,8.0,30.0,10.0,500.0,55,12.727272727272727,-1076.8500000000759,0.7922658904006383,3987.0149999999994,1041.0750000000016
LIMIT,8.0,30.0,10.0,800.0,55,12.727272727272727,-1246.4550000001227,0.7595475511160518,4156.620000000046,871.4699999999548
LIMIT,8.0,30.0,10.0,1000.0,55,12.727272727272727,-1246.4550000001227,0.7595475511160518,4156.620000000046,871.4699999999548
LIMIT,8.0,30.0,12.0,300.0,55,18.181818181818183,-2261.640000000062,0.5511131664658604,3647.5900000000324,1380.4999999999686
LIMIT,8.0,30.0,12.0,500.0,55,14.545454545454545,47.2149999999001,1.0089572484182578,4050.9750000000217,977.1149999999793
LIMIT,8.0,30.0,12.0,800.0,55,14.545454545454545,242.12999999988278,1.045934947781771,3856.060000000039,1172.029999999962
LIMIT,8.0,30.0,12.0,1000.0,55,10.909090909090908,-1306.9800000000796,0.7785211357108227,5405.170000000001,-377.0799999999999
LIMIT,8.0,30.0,15.0,300.0,55,21.818181818181817,-1242.8100000000823,0.7432014430855087,4065.094999999997,962.995000000004
LIMIT,8.0,30.0,15.0,500.0,55,20.0,-2153.315000000144,0.6178949142917751,4975.6000000000595,52.489999999941574
LIMIT,8.0,30.0,15.0,800.0,55,18.181818181818183,-2457.325000000118,0.5831792584048406,5279.610000000032,-251.52000000003136
LIMIT,8.0,30.0,15.0,1000.0,55,16.363636363636363,-3173.9050000001216,0.49382734753762075,5996.190000000036,-968.1000000000349
LIMIT,10.0,15.0,8.0,300.0,52,17.307692307692307,413.9099999999107,1.1036542304629169,3147.9400000000237,1846.2849999999767
LIMIT,10.0,15.0,8.0,500.0,52,13.461538461538462,-20.370000000079017,0.9950986525505103,3582.2200000000134,1412.004999999987
LIMIT,10.0,15.0,8.0,800.0,52,13.461538461538462,454.0749999998716,1.10925769971123,3107.775000000063,1886.4499999999375
LIMIT,10.0,15.0,8.0,1000.0,52,13.461538461538462,454.0749999998716,1.10925769971123,3107.775000000063,1886.4499999999375
LIMIT,10.0,15.0,10.0,300.0,52,19.230769230769234,-270.21500000008587,0.9360918882355799,3152.065000000021,1842.1599999999794
LIMIT,10.0,15.0,10.0,500.0,52,15.384615384615385,-714.4950000000756,0.8391139383021672,3596.3450000000107,1397.8799999999896
LIMIT,10.0,15.0,10.0,800.0,52,15.384615384615385,-724.1000000001225,0.8369511371312492,3605.9500000000576,1388.2749999999428
LIMIT,10.0,15.0,10.0,1000.0,52,15.384615384615385,-724.1000000001225,0.8369511371312492,3605.9500000000576,1388.2749999999428
LIMIT,10.0,15.0,12.0,300.0,52,19.230769230769234,-1213.1250000000646,0.7341873665458842,3732.1500000000196,1262.0749999999807
LIMIT,10.0,15.0,12.0,500.0,52,15.384615384615385,-1667.4050000000543,0.654542327968323,4186.430000000009,807.794999999991
LIMIT,10.0,15.0,12.0,800.0,52,15.384615384615385,-1472.4900000000716,0.694925367568208,3991.5150000000267,1002.7099999999737
LIMIT,10.0,15.0,12.0,1000.0,52,13.461538461538462,-2237.350000000043,0.564858007781533,4756.374999999998,237.85000000000218
LIMIT,10.0,15.0,15.0,300.0,52,21.153846153846153,-2218.3550000000546,0.5014730932936491,3795.979999999993,1198.2450000000072
LIMIT,10.0,15.0,15.0,500.0,52,19.230769230769234,-1667.1900000001224,0.6576411555912183,4188.5600000000595,805.6649999999408
LIMIT,10.0,15.0,15.0,800.0,52,17.307692307692307,-2227.050000000094,0.5658530737087579,4748.420000000031,245.80499999996937
LIMIT,10.0,15.0,15.0,1000.0,52,17.307692307692307,-2305.650000000077,0.5505305850324899,4748.420000000031,245.80499999996937
LIMIT,10.0,20.0,8.0,300.0,52,19.230769230769234,507.259999999907,1.1239544413790516,3054.5900000000283,1939.634999999972
LIMIT,10.0,20.0,8.0,500.0,52,13.461538461538462,-354.5000000000791,0.9210490564860975,3916.3500000000136,1077.8749999999868
LIMIT,10.0,20.0,8.0,800.0,52,13.461538461538462,119.94499999987147,1.0267130350345917,3441.905000000063,1552.3199999999374
LIMIT,10.0,20.0,8.0,1000.0,52,13.461538461538462,119.94499999987147,1.0267130350345917,3441.905000000063,1552.3199999999374
LIMIT,10.0,20.0,10.0,300.0,52,23.076923076923077,-290.22000000008916,0.9331646059355301,3172.0700000000243,1822.154999999976
LIMIT,10.0,20.0,10.0,500.0,52,17.307692307692307,-910.9000000000776,0.8036451428632853,3792.7500000000127,1201.4749999999876
LIMIT,10.0,20.0,10.0,800.0,52,17.307692307692307,-920.5050000001245,0.8015746758495547,3802.3550000000596,1191.8699999999408
LIMIT,10.0,20.0,10.0,1000.0,52,17.307692307692307,-920.5050000001245,0.8015746758495547,3802.3550000000596,1191.8699999999408
LIMIT,10.0,20.0,12.0,300.0,52,21.153846153846153,-1249.5800000000681,0.7284663951142147,3768.605000000023,1225.6199999999772
LIMIT,10.0,20.0,12.0,500.0,52,17.307692307692307,-1880.2600000000566,0.6270180147208221,4399.285000000012,594.9399999999887
LIMIT,10.0,20.0,12.0,800.0,52,17.307692307692307,-1685.345000000074,0.6656827651599541,4204.370000000029,789.8549999999714
LIMIT,10.0,20.0,12.0,1000.0,52,15.384615384615385,-2450.2050000000454,0.5425440451219125,4969.2300000000005,24.99499999999989
LIMIT,10.0,20.0,15.0,300.0,52,25.0,-2285.080000000056,0.49739910392805575,3862.7049999999945,1131.520000000006
LIMIT,10.0,20.0,15.0,500.0,52,23.076923076923077,-1733.9150000001227,0.6508712036170808,4255.285000000061,738.9399999999396
LIMIT,10.0,20.0,15.0,800.0,52,21.153846153846153,-2293.775000000094,0.561118015155718,4815.145000000032,179.0799999999681
LIMIT,10.0,20.0,15.0,1000.0,52,21.153846153846153,-2372.3750000000773,0.5460789969395671,4815.145000000032,179.0799999999681
LIMIT,10.0,25.0,8.0,300.0,52,19.230769230769234,392.259999999907,1.0932329683336637,3169.5900000000283,1824.634999999972
LIMIT,10.0,25.0,8.0,500.0,52,13.461538461538462,-469.50000000007867,0.8980484807160538,4031.3500000000136,962.8749999999868
LIMIT,10.0,25.0,8.0,800.0,52,13.461538461538462,4.944999999871925,1.0010738024767751,3556.905000000063,1437.3199999999374
LIMIT,10.0,25.0,8.0,1000.0,52,13.461538461538462,4.944999999871925,1.0010738024767751,3556.905000000063,1437.3199999999374
LIMIT,10.0,25.0,10.0,300.0,52,23.076923076923077,-462.35500000008983,0.8975832023648335,3344.205000000025,1650.0199999999754
LIMIT,10.0,25.0,10.0,500.0,52,17.307692307692307,-1083.0350000000783,0.7748922562736462,3964.8850000000134,1029.339999999987
LIMIT,10.0,25.0,10.0,800.0,52,17.307692307692307,-1092.6400000001252,0.7728958666107988,3974.4900000000603,1019.7349999999401
LIMIT,10.0,25.0,10.0,1000.0,52,17.307692307692307,-1092.6400000001252,0.7728958666107988,3974.4900000000603,1019.7349999999401
LIMIT,10.0,25.0,12.0,300.0,52,21.153846153846153,-1461.7150000000684,0.696366068627987,3980.7400000000234,1013.4849999999769
LIMIT,10.0,25.0,12.0,500.0,52,17.307692307692307,-2092.395000000057,0.6016981739062465,4611.420000000012,382.80499999998847
LIMIT,10.0,25.0,12.0,800.0,52,17.307692307692307,-1897.4800000000741,0.6388015890993888,4416.505000000029,577.7199999999712
LIMIT,10.0,25.0,12.0,1000.0,52,15.384615384615385,-2662.3400000000456,0.5218747586781501,5181.365000000001,-187.14000000000033
LIMIT,10.0,25.0,15.0,300.0,52,25.0,-2505.1200000000576,0.4744374862321688,4082.7449999999953,911.480000000005
LIMIT,10.0,25.0,15.0,500.0,52,23.076923076923077,-1953.9550000001254,0.6232573564358417,4475.325000000062,518.8999999999387
LIMIT,10.0,25.0,15.0,800.0,52,21.153846153846153,-2513.815000000097,0.5384484741881944,5035.185000000033,-40.96000000003278
LIMIT,10.0,25.0,15.0,1000.0,52,21.153846153846153,-2592.41500000008,0.5240170423092381,5035.185000000033,-40.96000000003278
LIMIT,10.0,30.0,8.0,300.0,52,21.153846153846153,1231.2749999999041,1.3043890464194452,2371.8850000000048,2622.3399999999956
LIMIT,10.0,30.0,8.0,500.0,52,15.384615384615385,369.5149999999185,1.083169963694784,3192.3350000000164,1801.889999999984
LIMIT,10.0,30.0,8.0,800.0,52,15.384615384615385,843.9599999998691,1.189957437613776,2799.3650000000002,2194.86
LIMIT,10.0,30.0,8.0,1000.0,52,15.384615384615385,843.9599999998691,1.189957437613776,2799.3650000000002,2194.86
LIMIT,10.0,30.0,10.0,300.0,52,25.0,286.6599999999073,1.0660171502727087,2595.190000000028,2399.0349999999726
LIMIT,10.0,30.0,10.0,500.0,52,19.230769230769234,-334.02000000008115,0.9279965595625554,3215.8700000000163,1778.354999999984
LIMIT,10.0,30.0,10.0,800.0,52,19.230769230769234,-343.625000000128,0.9259260456849288,3225.475000000063,1768.7499999999372
LIMIT,10.0,30.0,10.0,1000.0,52,19.230769230769234,-343.625000000128,0.9259260456849288,3225.475000000063,1768.7499999999372
LIMIT,10.0,30.0,12.0,300.0,52,23.076923076923077,-832.7000000000717,0.8213791579701382,3351.7250000000263,1642.499999999974
LIMIT,10.0,30.0,12.0,500.0,52,19.230769230769234,-1463.3800000000601,0.7131218082551516,3982.4050000000148,1011.8199999999856
LIMIT,10.0,30.0,12.0,800.0,52,19.230769230769234,-1268.4650000000775,0.751332568784843,3787.490000000032,1206.7349999999683
LIMIT,10.0,30.0,12.0,1000.0,52,15.384615384615385,-2825.100000000044,0.5070536812625884,5344.124999999999,-349.8999999999987
LIMIT,10.0,30.0,15.0,300.0,52,28.846153846153843,-1911.0050000000674,0.5776863860015742,3488.630000000005,1505.5949999999953
LIMIT,10.0,30.0,15.0,500.0,52,25.0,-1645.7150000001266,0.6838191501215921,4167.085000000063,827.1399999999376
LIMIT,10.0,30.0,15.0,800.0,52,23.076923076923077,-2205.575000000098,0.5964166383042419,4726.945000000034,267.2799999999661
LIMIT,10.0,30.0,15.0,1000.0,52,21.153846153846153,-2870.950000000076,0.4985222655799567,5313.72000000003,-319.4950000000299
LIMIT,12.0,15.0,8.0,300.0,48,16.666666666666664,-306.51000000007457,0.910514038473307,2612.160000000038,2392.0649999999623
LIMIT,12.0,15.0,8.0,500.0,48,12.5,-839.6200000000533,0.7752159840223887,3145.270000000017,1858.9549999999836
LIMIT,12.0,15.0,8.0,800.0,48,12.5,-839.6200000000533,0.7752159840223887,3145.270000000017,1858.9549999999836
LIMIT,12.0,15.0,8.0,1000.0,48,12.5,-285.1750000001027,0.9236526264781277,2590.825000000066,2413.399999999934
LIMIT,12.0,15.0,10.0,300.0,48,14.583333333333334,-1517.8500000000613,0.6224469744268212,3483.5000000000246,1520.7249999999758
LIMIT,12.0,15.0,10.0,500.0,48,12.5,-1769.6200000000536,0.5791859184872045,3735.270000000017,1268.9549999999836
LIMIT,12.0,15.0,10.0,800.0,48,12.5,-1455.175000000103,0.6539606632692855,3420.825000000066,1583.3999999999342
LIMIT,12.0,15.0,10.0,1000.0,48,12.5,-1455.175000000103,0.6539606632692855,3420.825000000066,1583.3999999999342
LIMIT,12.0,15.0,12.0,300.0,48,20.833333333333336,-776.025000000071,0.7955262263419949,2401.6750000000347,2602.5499999999656
LIMIT,12.0,15.0,12.0,500.0,48,18.75,-835.4250000000579,0.7916765372559534,2461.0750000000216,2543.1499999999787
LIMIT,12.0,15.0,12.0,800.0,48,16.666666666666664,-929.6550000000761,0.7695111202569349,2555.3050000000394,2448.919999999961
LIMIT,12.0,15.0,12.0,1000.0,48,16.666666666666664,-1133.8400000000738,0.7188876395997736,2759.490000000037,2244.7349999999633
LIMIT,12.0,15.0,15.0,300.0,48,25.0,-845.1950000000659,0.7471160678888868,2017.6850000000177,3043.379999999971
LIMIT,12.0,15.0,15.0,500.0,48,22.916666666666664,86.4899999999227,1.0240101603869616,2091.9400000000296,2961.3199999999606
LIMIT,12.0,15.0,15.0,800.0,48,22.916666666666664,46.79999999992219,1.0129919702405934,2131.63000000003,2921.62999999996
LIMIT,12.0,15.0,15.0,1000.0,48,18.75,-1381.6450000000475,0.6739269215111194,3560.075,1493.1849999999904
LIMIT,12.0,20.0,8.0,300.0,48,16.666666666666664,-527.7350000000763,0.8552745063355846,2833.3850000000393,2170.839999999961
LIMIT,12.0,20.0,8.0,500.0,48,12.5,-1060.845000000055,0.7318698178040558,3366.495000000018,1637.7299999999823
LIMIT,12.0,20.0,8.0,800.0,48,12.5,-1060.845000000055,0.7318698178040558,3366.495000000018,1637.7299999999823
LIMIT,12.0,20.0,8.0,1000.0,48,12.5,-506.40000000010446,0.8720066321997586,2812.0500000000675,2192.174999999933
LIMIT,12.0,20.0,10.0,300.0,48,16.666666666666664,-1606.595000000067,0.6238764074536508,3572.2450000000304,1431.97999999997
LIMIT,12.0,20.0,10.0,500.0,48,12.5,-2034.765000000058,0.5448334871235512,4000.4150000000213,1003.809999999979
LIMIT,12.0,20.0,10.0,800.0,48,12.5,-1720.3200000001075,0.6151732237228186,3685.9700000000707,1318.2549999999296
LIMIT,12.0,20.0,10.0,1000.0,48,12.5,-1720.3200000001075,0.6151732237228186,3685.9700000000707,1318.2549999999296
LIMIT,12.0,20.0,12.0,300.0,48,22.916666666666664,-1061.9050000000775,0.7437234378883827,2687.555000000041,2316.669999999959
LIMIT,12.0,20.0,12.0,500.0,48,18.75,-1297.7050000000631,0.7098486084994642,2923.355000000027,2080.8699999999735
LIMIT,12.0,20.0,12.0,800.0,48,16.666666666666664,-1391.9350000000813,0.6903842239836462,3017.5850000000446,1986.6399999999558
LIMIT,12.0,20.0,12.0,1000.0,48,16.666666666666664,-1596.120000000079,0.6449662287281963,3221.7700000000423,1782.454999999958
LIMIT,12.0,20.0,15.0,300.0,48,27.083333333333332,-1299.5800000000725,0.657952155729424,2502.9850000000215,2588.9949999999644
LIMIT,12.0,20.0,15.0,500.0,48,25.0,-540.3750000000798,0.8723088265526565,2749.7200000000294,2334.454999999958
LIMIT,12.0,20.0,15.0,800.0,48,25.0,-580.0650000000803,0.8629300383516398,2789.41000000003,2294.7649999999576
LIMIT,12.0,20.0,15.0,1000.0,48,20.833333333333336,-2008.5100000000498,0.5873114042026741,4217.855,866.3199999999879
LIMIT,12.0,25.0,8.0,300.0,48,16.666666666666664,-672.7350000000763,0.8225654794794938,2978.3850000000393,2025.839999999961
LIMIT,12.0,25.0,8.0,500.0,48,12.5,-1205.845000000055,0.7059957990517866,3511.495000000018,1492.7299999999823
LIMIT,12.0,25.0,8.0,800.0,48,12.5,-1205.845000000055,0.7059957990517866,3511.495000000018,1492.7299999999823
LIMIT,12.0,25.0,8.0,1000.0,48,12.5,-651.4000000001045,0.8411783135496782,2957.0500000000675,2047.1749999999329
LIMIT,12.0,25.0,10.0,300.0,48,16.666666666666664,-1796.595000000067,0.5973073806639165,3762.2450000000304,1241.97999999997
LIMIT,12.0,25.0,10.0,500.0,48,12.5,-2224.765000000058,0.5226210337150863,4190.415000000022,813.8099999999786
LIMIT,12.0,25.0,10.0,800.0,48,12.5,-1910.3200000001075,0.5900930719094268,3875.9700000000707,1128.2549999999296
LIMIT,12.0,25.0,10.0,1000.0,48,12.5,-1910.3200000001075,0.5900930719094268,3875.9700000000707,1128.2549999999296
LIMIT,12.0,25.0,12.0,300.0,48,22.916666666666664,-1321.9050000000775,0.699811971595885,2947.555000000041,2056.669999999959
LIMIT,12.0,25.0,12.0,500.0,48,18.75,-1557.7050000000631,0.6708501408343435,3183.355000000027,1820.8699999999735
LIMIT,12.0,25.0,12.0,800.0,48,16.666666666666664,-1651.9350000000813,0.6526399456650132,3277.5850000000446,1726.6399999999558
LIMIT,12.0,25.0,12.0,1000.0,48,16.666666666666664,-1856.120000000079,0.6097050162069021,3481.7700000000423,1522.454999999958
LIMIT,12.0,25.0,15.0,300.0,48,27.083333333333332,-1589.5800000000725,0.6112935606847764,2767.9850000000215,2298.9949999999644
LIMIT,12.0,25.0,15.0,500.0,48,25.0,-830.3750000000798,0.816365502035636,3014.7200000000294,2044.454999999958
LIMIT,12.0,25.0,15.0,800.0,48,25.0,-870.0650000000803,0.8075881987398901,3054.41000000003,2004.7649999999576
LIMIT,12.0,25.0,15.0,1000.0,48,20.833333333333336,-2298.51000000005,0.5542836864854501,4482.855,576.3199999999879
LIMIT,12.0,30.0,8.0,300.0,48,20.833333333333336,486.3549999999134,1.138759748531722,2123.9700000000175,2880.254999999983
LIMIT,12.0,30.0,8.0,500.0,48,16.666666666666664,-46.755000000065365,0.9877444780688766,2415.310000000004,2588.9149999999963
LIMIT,12.0,30.0,8.0,800.0,48,14.583333333333334,-327.6300000000572,0.9174738634488643,2633.28000000002,2370.94499999998
LIMIT,12.0,30.0,8.0,1000.0,48,14.583333333333334,226.81499999989342,1.0571320259494974,2415.310000000004,2588.9149999999963
LIMIT,12.0,30.0,10.0,300.0,48,20.833333333333336,-751.7050000000781,0.8197010708250647,2717.3550000000414,2286.869999999959
LIMIT,12.0,30.0,10.0,500.0,48,16.666666666666664,-1179.8750000000691,0.7298904452357661,3145.5250000000324,1858.699999999968
LIMIT,12.0,30.0,10.0,800.0,48,14.583333333333334,-1156.3050000001103,0.7460420128109295,3121.9550000000736,1882.2699999999268
LIMIT,12.0,30.0,10.0,1000.0,48,14.583333333333334,-1156.3050000001103,0.7460420128109295,3121.9550000000736,1882.2699999999268
LIMIT,12.0,30.0,12.0,300.0,48,27.083333333333332,-432.01500000008855,0.895808361570999,2057.665000000052,2946.5599999999486
LIMIT,12.0,30.0,12.0,500.0,48,22.916666666666664,-667.8150000000742,0.8507766011882918,2293.4650000000374,2710.759999999963
LIMIT,12.0,30.0,12.0,800.0,48,18.75,-1062.9200000000842,0.7744919056019356,2688.570000000048,2315.6549999999525
LIMIT,12.0,30.0,12.0,1000.0,48,18.75,-1267.1050000000819,0.7311722105593504,2892.7550000000456,2111.469999999955
LIMIT,12.0,30.0,15.0,300.0,48,31.25,-909.6900000000835,0.7644614297143622,2063.095000000032,2978.884999999954
LIMIT,12.0,30.0,15.0,500.0,48,27.083333333333332,-466.36000000008266,0.8976079391391035,2625.7050000000318,2408.4699999999557
LIMIT,12.0,30.0,15.0,800.0,48,27.083333333333332,-506.0500000000832,0.888893767907505,2665.3950000000323,2368.779999999955
LIMIT,12.0,30.0,15.0,1000.0,48,20.833333333333336,-2706.270000000048,0.5136675262595048,4865.614999999998,168.5599999999895
LIMIT,15.0,15.0,8.0,300.0,44,11.363636363636363,-641.2600000000475,0.8195973954911875,3167.9350000000095,1832.3149999999896
LIMIT,15.0,15.0,8.0,500.0,44,6.8181818181818175,-311.05500000003076,0.9182424982356826,2837.7299999999927,2162.5200000000063
LIMIT,15.0,15.0,8.0,800.0,44,6.8181818181818175,-311.05500000003076,0.9182424982356826,2837.7299999999927,2162.5200000000063
LIMIT,15.0,15.0,8.0,1000.0,44,6.8181818181818175,-311.05500000003076,0.9182424982356826,2837.7299999999927,2162.5200000000063
LIMIT,15.0,15.0,10.0,300.0,44,11.363636363636363,-1226.970000000049,0.6630323436439951,3413.645000000011,1586.6049999999882
LIMIT,15.0,15.0,10.0,500.0,44,6.8181818181818175,-1746.4900000000398,0.55686451622724,3933.165000000002,1067.0849999999973
LIMIT,15.0,15.0,10.0,800.0,44,6.8181818181818175,-1746.4900000000398,0.55686451622724,3933.165000000002,1067.0849999999973
LIMIT,15.0,15.0,10.0,1000.0,44,6.8181818181818175,-1746.4900000000398,0.55686451622724,3933.165000000002,1067.0849999999973
LIMIT,15.0,15.0,12.0,300.0,44,11.363636363636363,-1727.325000000053,0.5524943036015095,3574.000000000015,1426.249999999984
LIMIT,15.0,15.0,12.0,500.0,44,6.8181818181818175,-2210.495000000044,0.45871813488122243,4057.170000000006,943.0799999999931
LIMIT,15.0,15.0,12.0,800.0,44,6.8181818181818175,-2210.495000000044,0.45871813488122243,4057.170000000006,943.0799999999931
LIMIT,15.0,15.0,12.0,1000.0,44,6.8181818181818175,-2210.495000000044,0.45871813488122243,4057.170000000006,943.0799999999931
LIMIT,15.0,15.0,15.0,300.0,44,18.181818181818183,-1623.8050000000521,0.5493392614548456,2960.480000000014,2039.769999999985
LIMIT,15.0,15.0,15.0,500.0,44,13.636363636363635,-2121.975000000043,0.47241915573638027,3458.650000000005,1541.599999999994
LIMIT,15.0,15.0,15.0,800.0,44,13.636363636363635,-2161.6650000000436,0.4625511395209098,3498.3400000000056,1501.9099999999935
LIMIT,15.0,15.0,15.0,1000.0,44,13.636363636363635,-2161.6650000000436,0.4625511395209098,3498.3400000000056,1501.9099999999935
LIMIT,15.0,20.0,8.0,300.0,44,11.363636363636363,-843.6850000000595,0.7754383116450875,3370.3600000000215,1629.8899999999776
LIMIT,15.0,20.0,8.0,500.0,44,6.8181818181818175,-541.5500000000316,0.8657901910733237,3068.2249999999935,1932.0250000000055
LIMIT,15.0,20.0,8.0,800.0,44,6.8181818181818175,-541.5500000000316,0.8657901910733237,3068.2249999999935,1932.0250000000055
LIMIT,15.0,20.0,8.0,1000.0,44,6.8181818181818175,-541.5500000000316,0.8657901910733237,3068.2249999999935,1932.0250000000055
LIMIT,15.0,20.0,10.0,300.0,44,11.363636363636363,-1692.4650000000497,0.5878776293889995,3879.1400000000117,1121.1099999999874
LIMIT,15.0,20.0,10.0,500.0,44,6.8181818181818175,-2211.9850000000406,0.4980410533493756,4398.660000000003,601.5899999999965
LIMIT,15.0,20.0,10.0,800.0,44,6.8181818181818175,-2211.9850000000406,0.4980410533493756,4398.660000000003,601.5899999999965
LIMIT,15.0,20.0,10.0,1000.0,44,6.8181818181818175,-2211.9850000000406,0.4980410533493756,4398.660000000003,601.5899999999965
LIMIT,15.0,20.0,12.0,300.0,44,13.636363636363635,-2105.9800000000655,0.5039372118933564,3952.6550000000275,1047.5949999999716
LIMIT,15.0,20.0,12.0,500.0,44,9.090909090909092,-2589.150000000056,0.42068238721412204,4435.825000000018,564.4249999999811
LIMIT,15.0,20.0,12.0,800.0,44,9.090909090909092,-2589.150000000056,0.42068238721412204,4435.825000000018,564.4249999999811
LIMIT,15.0,20.0,12.0,1000.0,44,9.090909090909092,-2589.150000000056,0.42068238721412204,4435.825000000018,564.4249999999811
LIMIT,15.0,20.0,15.0,300.0,44,18.181818181818183,-2132.500000000066,0.48137825704181125,3469.175000000028,1531.0749999999712
LIMIT,15.0,20.0,15.0,500.0,44,13.636363636363635,-2630.670000000057,0.41937812032364263,3967.345000000019,1032.9049999999802
LIMIT,15.0,20.0,15.0,800.0,44,13.636363636363635,-2670.3600000000574,0.4106180392779948,4007.0350000000194,993.2149999999797
LIMIT,15.0,20.0,15.0,1000.0,44,13.636363636363635,-2670.3600000000574,0.4106180392779948,4007.0350000000194,993.2149999999797
LIMIT,15.0,25.0,8.0,300.0,44,13.636363636363635,-519.6300000000679,0.8558125338179818,3046.30500000003,1953.9449999999692
LIMIT,15.0,25.0,8.0,500.0,44,9.090909090909092,-217.4950000000399,0.9439723126700087,2744.170000000002,2256.079999999997
LIMIT,15.0,25.0,8.0,800.0,44,6.8181818181818175,-543.3700000000317,0.8653998592986654,3070.0449999999937,1930.2050000000054
LIMIT,15.0,25.0,8.0,1000.0,44,6.8181818181818175,-543.3700000000317,0.8653998592986654,3070.0449999999937,1930.2050000000054
LIMIT,15.0,25.0,10.0,300.0,44,15.909090909090908,-584.0400000000614,0.8502818558651242,2770.7150000000233,2229.5349999999758
LIMIT,15.0,25.0,10.0,500.0,44,11.363636363636363,-1103.5600000000522,0.7373057870519022,3290.235000000014,1710.0149999999849
LIMIT,15.0,25.0,10.0,800.0,44,9.090909090909092,-1439.435000000044,0.6718062075774024,3626.110000000006,1374.139999999993
LIMIT,15.0,25.0,10.0,1000.0,44,9.090909090909092,-1439.435000000044,0.6718062075774024,3626.110000000006,1374.139999999993
LIMIT,15.0,25.0,12.0,300.0,44,18.181818181818183,-1142.5550000000771,0.7189020362321952,2989.230000000039,2011.01999999996
LIMIT,15.0,25.0,12.0,500.0,44,13.636363636363635,-1625.7250000000681,0.6209136686537324,3472.40000000003,1527.849999999969
LIMIT,15.0,25.0,12.0,800.0,44,11.363636363636363,-1971.60000000006,0.5622105745819546,3818.275000000022,1181.9749999999772
LIMIT,15.0,25.0,12.0,1000.0,44,11.363636363636363,-1971.60000000006,0.5622105745819546,3818.275000000022,1181.9749999999772
LIMIT,15.0,25.0,15.0,300.0,44,25.0,-1113.6050000000728,0.711208388819212,2450.2800000000348,2549.9699999999643
LIMIT,15.0,25.0,15.0,500.0,44,20.454545454545457,-1611.7750000000638,0.6229770491496366,2948.4500000000257,2051.7999999999734
LIMIT,15.0,25.0,15.0,800.0,44,18.181818181818183,-2012.340000000056,0.5562650978333985,3349.015000000018,1651.234999999981
LIMIT,15.0,25.0,15.0,1000.0,44,15.909090909090908,-2889.1150000000516,0.4115861389143103,4225.790000000014,774.4599999999855
LIMIT,15.0,30.0,8.0,300.0,44,13.636363636363635,-519.6300000000679,0.8558125338179818,3046.30500000003,1953.9449999999692
LIMIT,15.0,30.0,8.0,500.0,44,9.090909090909092,-217.4950000000399,0.9439723126700087,2744.170000000002,2256.079999999997
LIMIT,15.0,30.0,8.0,800.0,44,6.8181818181818175,-543.3700000000317,0.8653998592986654,3070.0449999999937,1930.2050000000054
LIMIT,15.0,30.0,8.0,1000.0,44,6.8181818181818175,-543.3700000000317,0.8653998592986654,3070.0449999999937,1930.2050000000054
LIMIT,15.0,30.0,10.0,300.0,44,15.909090909090908,-605.850000000064,0.8455543829058099,2792.525000000026,2207.724999999973
LIMIT,15.0,30.0,10.0,500.0,44,11.363636363636363,-1125.370000000055,0.7334976816000858,3312.045000000017,1688.2049999999822
LIMIT,15.0,30.0,10.0,800.0,44,9.090909090909092,-1461.2450000000467,0.668482033876761,3647.9200000000087,1352.3299999999904
LIMIT,15.0,30.0,10.0,1000.0,44,9.090909090909092,-1461.2450000000467,0.668482033876761,3647.9200000000087,1352.3299999999904
LIMIT,15.0,30.0,12.0,300.0,44,18.181818181818183,-1074.825000000078,0.7310843319234662,2921.50000000004,2078.749999999959
LIMIT,15.0,30.0,12.0,500.0,44,13.636363636363635,-1557.995000000069,0.6308772852571805,3404.670000000031,1595.579999999968
LIMIT,15.0,30.0,12.0,800.0,44,11.363636363636363,-1903.8700000000608,0.5707949289925824,3750.545000000023,1249.7049999999763
LIMIT,15.0,30.0,12.0,1000.0,44,11.363636363636363,-1903.8700000000608,0.5707949289925824,3750.545000000023,1249.7049999999763
LIMIT,15.0,30.0,15.0,300.0,44,25.0,-1070.8750000000737,0.7191777319446866,2407.5500000000357,2592.6999999999634
LIMIT,15.0,30.0,15.0,500.0,44,20.454545454545457,-1569.0450000000646,0.6292667655102615,2905.7200000000266,2094.5299999999725
LIMIT,15.0,30.0,15.0,800.0,44,18.181818181818183,-1969.610000000057,0.5615562270786963,3306.285000000019,1693.9649999999801
LIMIT,15.0,30.0,15.0,1000.0,44,15.909090909090908,-2846.385000000053,0.4151994699292639,4183.060000000015,817.1899999999841
LIMIT,20.0,15.0,8.0,300.0,42,11.904761904761903,-2694.124999999999,0.23566043222617164,2770.040000000008,2134.959999999992
LIMIT,20.0,15.0,8.0,500.0,42,9.523809523809524,-538.5350000000108,0.8534600633196389,2285.0,3469.1649999999936
LIMIT,20.0,15.0,8.0,800.0,42,7.142857142857142,-1258.9850000000342,0.6922478033589077,2985.9000000000196,2768.264999999974
LIMIT,20.0,15.0,8.0,1000.0,42,7.142857142857142,-1258.9850000000342,0.6922478033589077,2985.9000000000196,2768.264999999974
LIMIT,20.0,15.0,10.0,300.0,42,16.666666666666664,-2642.830000000017,0.2868732249947692,2658.7450000000267,2226.2549999999733
LIMIT,20.0,15.0,10.0,500.0,42,14.285714285714285,-1568.1500000000124,0.5964829441576012,2065.900000000004,2819.099999999996
LIMIT,20.0,15.0,10.0,800.0,42,11.904761904761903,-2712.000000000028,0.43798628330091516,3209.75000000002,1675.24999999998
LIMIT,20.0,15.0,10.0,1000.0,42,9.523809523809524,-3090.0000000000255,0.3673095606896511,3587.7500000000173,1297.2499999999827
LIMIT,20.0,15.0,12.0,300.0,42,14.285714285714285,-3347.610000000018,0.16227233825317966,3303.525000000027,1561.474999999973
LIMIT,20.0,15.0,12.0,500.0,42,14.285714285714285,-2784.4350000000168,0.3023721653901362,2902.1850000000086,1962.8149999999914
LIMIT,20.0,15.0,12.0,800.0,42,11.904761904761903,-3456.4050000000134,0.24180195713260902,3574.155000000005,1290.8449999999948
LIMIT,20.0,15.0,12.0,1000.0,42,11.904761904761903,-1306.7099999999982,0.7228193428915071,3729.734999999996,1135.265000000004
LIMIT,20.0,15.0,15.0,300.0,42,23.809523809523807,-1910.0200000000268,0.43403041684259747,1966.185000000034,3059.064999999964
LIMIT,20.0,15.0,15.0,500.0,42,16.666666666666664,-3097.4900000000366,0.2624014001916864,3340.690000000031,1684.5599999999672
LIMIT,20.0,15.0,15.0,800.0,42,16.666666666666664,-1247.9950000000258,0.6992786755678548,3291.270000000022,1733.9799999999764
LIMIT,20.0,15.0,15.0,1000.0,42,16.666666666666664,-1247.9950000000258,0.6992786755678548,3291.270000000022,1733.9799999999764
LIMIT,20.0,20.0,8.0,300.0,42,14.285714285714285,-884.510000000007,0.7408055888071459,1965.7500000000027,2939.2499999999973
LIMIT,20.0,20.0,8.0,500.0,42,11.904761904761903,1271.0799999999813,1.3567678474443254,1312.4049999999988,4058.984999999998
LIMIT,20.0,20.0,8.0,800.0,42,9.523809523809524,550.6299999999578,1.1383956678936162,1620.9000000000196,4058.984999999998
LIMIT,20.0,20.0,8.0,1000.0,42,9.523809523809524,550.6299999999578,1.1383956678936162,1620.9000000000196,4058.984999999998
LIMIT,20.0,20.0,10.0,300.0,42,19.047619047619047,-1213.2150000000256,0.6661245247658338,1374.4400000000178,3510.559999999982
LIMIT,20.0,20.0,10.0,500.0,42,16.666666666666664,-138.5350000000202,0.9636769084142041,1263.0199999999995,3621.9800000000005
LIMIT,20.0,20.0,10.0,800.0,42,14.285714285714285,-1282.3850000000361,0.7302096558891559,2190.90000000002,3104.864999999972
LIMIT,20.0,20.0,10.0,1000.0,42,11.904761904761903,-1660.3850000000334,0.6549250623224964,2190.90000000002,2726.8649999999748
LIMIT,20.0,20.0,12.0,300.0,42,19.047619047619047,-2003.5850000000346,0.48298383215685475,1959.5000000000437,2905.4999999999563
LIMIT,20.0,20.0,12.0,500.0,42,19.047619047619047,-1440.4100000000333,0.6278505573547637,1558.1600000000253,3306.8399999999747
LIMIT,20.0,20.0,12.0,800.0,42,14.285714285714285,-2533.255000000022,0.4555576211573951,2651.0050000000138,2213.9949999999862
LIMIT,20.0,20.0,12.0,1000.0,42,14.285714285714285,-383.56000000000677,0.9202331696999996,2806.5850000000046,2058.4149999999954
LIMIT,20.0,20.0,15.0,300.0,42,28.57142857142857,-1016.5950000000385,0.6950824835032883,1072.7600000000457,3952.4899999999525
LIMIT,20.0,20.0,15.0,500.0,42,21.428571428571427,-2204.0650000000483,0.4700046890216676,2447.2650000000426,2577.9849999999556
LIMIT,20.0,20.0,15.0,800.0,42,19.047619047619047,-790.4450000000293,0.8190882604028561,2833.7200000000253,2191.529999999973
LIMIT,20.0,20.0,15.0,1000.0,42,19.047619047619047,-790.4450000000293,0.8190882604028561,2833.7200000000253,2191.529999999973
LIMIT,20.0,25.0,8.0,300.0,42,14.285714285714285,-909.510000000007,0.7354179666534286,1965.7500000000027,2939.2499999999973
LIMIT,20.0,25.0,8.0,500.0,42,11.904761904761903,1246.0799999999813,1.347313717592981,1312.4049999999988,4058.984999999998
LIMIT,20.0,25.0,8.0,800.0,42,9.523809523809524,525.6299999999578,1.1312872080955712,1645.9000000000196,4058.984999999998
LIMIT,20.0,25.0,8.0,1000.0,42,9.523809523809524,525.6299999999578,1.1312872080955712,1645.9000000000196,4058.984999999998
LIMIT,20.0,25.0,10.0,300.0,42,19.047619047619047,-1238.2150000000256,0.6615729206952614,1374.4400000000178,3510.559999999982
LIMIT,20.0,25.0,10.0,500.0,42,16.666666666666664,-163.5350000000202,0.9574012787300692,1263.0199999999995,3621.9800000000005
LIMIT,20.0,25.0,10.0,800.0,42,14.285714285714285,-1307.3850000000361,0.7263891810102555,2215.90000000002,3079.864999999972
LIMIT,20.0,25.0,10.0,1000.0,42,11.904761904761903,-1685.3850000000334,0.6515398523569391,2215.90000000002,2701.8649999999748
LIMIT,20.0,25.0,12.0,300.0,42,19.047619047619047,-2028.5850000000346,0.4798880081840114,1984.5000000000437,2880.4999999999563
LIMIT,20.0,25.0,12.0,500.0,42,19.047619047619047,-1465.4100000000333,0.6238212405805069,1583.1600000000253,3281.8399999999747
LIMIT,20.0,25.0,12.0,800.0,42,14.285714285714285,-2558.255000000022,0.4531230126113305,2676.0050000000138,2188.9949999999862
LIMIT,20.0,25.0,12.0,1000.0,42,14.285714285714285,-408.56000000000677,0.9154735218572806,2831.5850000000046,2033.4149999999954
LIMIT,20.0,25.0,15.0,300.0,42,28.57142857142857,-1063.4050000000411,0.6854585143796786,1119.5700000000484,3905.67999999995
LIMIT,20.0,25.0,15.0,500.0,42,21.428571428571427,-2250.875000000051,0.46477317582379973,2494.0750000000453,2531.174999999953
LIMIT,20.0,25.0,15.0,800.0,42,19.047619047619047,-837.2550000000319,0.8104059292941118,2880.530000000028,2144.7199999999702
LIMIT,20.0,25.0,15.0,1000.0,42,19.047619047619047,-837.2550000000319,0.8104059292941118,2880.530000000028,2144.7199999999702
LIMIT,20.0,30.0,8.0,300.0,42,14.285714285714285,-934.510000000007,0.7301081433111849,1965.7500000000027,2939.2499999999973
LIMIT,20.0,30.0,8.0,500.0,42,11.904761904761903,1221.0799999999813,1.3379904311517583,1312.4049999999988,4058.984999999998
LIMIT,20.0,30.0,8.0,800.0,42,9.523809523809524,500.6299999999578,1.124266971813232,1670.9000000000196,4058.984999999998
LIMIT,20.0,30.0,8.0,1000.0,42,9.523809523809524,500.6299999999578,1.124266971813232,1670.9000000000196,4058.984999999998
LIMIT,20.0,30.0,10.0,300.0,42,19.047619047619047,-1263.2150000000256,0.6570830963682179,1374.4400000000178,3510.559999999982
LIMIT,20.0,30.0,10.0,500.0,42,16.666666666666664,-188.5350000000202,0.9512068561697583,1280.4499999999962,3621.9800000000005
LIMIT,20.0,30.0,10.0,800.0,42,14.285714285714285,-1332.3850000000361,0.7226084756930897,2240.90000000002,3054.864999999972
LIMIT,20.0,30.0,10.0,1000.0,42,11.904761904761903,-1710.3850000000334,0.6481894577269258,2240.90000000002,2676.8649999999748
LIMIT,20.0,30.0,12.0,300.0,42,19.047619047619047,-2053.5850000000346,0.47683161859584133,2009.5000000000437,2855.4999999999563
LIMIT,20.0,30.0,12.0,500.0,42,19.047619047619047,-1490.4100000000333,0.6198433114016841,1608.1600000000253,3256.8399999999747
LIMIT,20.0,30.0,12.0,800.0,42,14.285714285714285,-2583.255000000022,0.45071428799249497,2701.0050000000138,2163.9949999999862
LIMIT,20.0,30.0,12.0,1000.0,42,14.285714285714285,-433.56000000000677,0.9107628565518463,2856.5850000000046,2008.4149999999954
LIMIT,20.0,30.0,15.0,300.0,42,28.57142857142857,-1093.6750000000393,0.6793757402347534,1149.8400000000465,3875.4099999999517
LIMIT,20.0,30.0,15.0,500.0,42,21.428571428571427,-2281.145000000049,0.4614517450356745,2524.3450000000435,2500.9049999999547
LIMIT,20.0,30.0,15.0,800.0,42,19.047619047619047,-867.5250000000301,0.8048887729375528,2910.800000000026,2114.449999999972
LIMIT,20.0,30.0,15.0,1000.0,42,19.047619047619047,-867.5250000000301,0.8048887729375528,2910.800000000026,2114.449999999972
LIMIT,25.0,15.0,8.0,300.0,37,16.216216216216218,-2005.9100000000012,0.3151904136012154,2076.6599999999976,2994.089999999999
LIMIT,25.0,15.0,8.0,500.0,37,16.216216216216218,-2136.139999999998,0.30177356196353544,2206.8899999999944,2863.860000000002
LIMIT,25.0,15.0,8.0,800.0,37,16.216216216216218,-2136.139999999998,0.30177356196353544,2206.8899999999944,2863.860000000002
LIMIT,25.0,15.0,8.0,1000.0,37,16.216216216216218,-2136.139999999998,0.30177356196353544,2206.8899999999944,2863.860000000002
LIMIT,25.0,15.0,10.0,300.0,37,21.62162162162162,-2023.655000000001,0.3058715986540406,2125.8250000000025,2976.3449999999984
LIMIT,25.0,15.0,10.0,500.0,37,16.216216216216218,-2595.8550000000037,0.17228498455122004,2646.6050000000005,2404.144999999996
LIMIT,25.0,15.0,10.0,800.0,37,16.216216216216218,-2595.8550000000037,0.17228498455122004,2646.6050000000005,2404.144999999996
LIMIT,25.0,15.0,10.0,1000.0,37,13.513513513513514,-3160.380000000007,0.07352022912959393,3211.1300000000037,1839.6199999999926
LIMIT,25.0,15.0,12.0,300.0,37,16.216216216216218,-2736.5600000000063,0.1776619848667874,2767.3100000000027,2263.4399999999937
LIMIT,25.0,15.0,12.0,500.0,37,16.216216216216218,-2886.790000000003,0.16998801038524855,2917.5399999999995,2113.209999999997
LIMIT,25.0,15.0,12.0,800.0,37,13.513513513513514,-3430.2350000000047,0.07115469495073037,3460.985000000001,1569.7649999999953
LIMIT,25.0,15.0,12.0,1000.0,37,13.513513513513514,-3430.2350000000047,0.07115469495073037,3460.985000000001,1569.7649999999953
LIMIT,25.0,15.0,15.0,300.0,37,32.432432432432435,-1155.3300000000218,0.6055319018174434,1894.7700000000032,3844.6699999999782
LIMIT,25.0,15.0,15.0,500.0,37,27.027027027027028,-2087.735000000025,0.4223297344260969,2121.2300000000187,2912.264999999975
LIMIT,25.0,15.0,15.0,800.0,37,27.027027027027028,-2271.1350000000175,0.4019331342528909,2304.630000000011,2728.8649999999825
LIMIT,25.0,15.0,15.0,1000.0,37,27.027027027027028,-2447.535000000016,0.3554810320582664,2448.2850000000126,2552.464999999984
LIMIT,25.0,20.0,8.0,300.0,37,16.216216216216218,-2050.910000000001,0.3104214649563741,2121.6599999999976,2949.089999999999
LIMIT,25.0,20.0,8.0,500.0,37,16.216216216216218,-2181.139999999998,0.2973991586081604,2251.8899999999944,2818.860000000002
LIMIT,25.0,20.0,8.0,800.0,37,16.216216216216218,-2181.139999999998,0.2973991586081604,2251.8899999999944,2818.860000000002
LIMIT,25.0,20.0,8.0,1000.0,37,16.216216216216218,-2181.139999999998,0.2973991586081604,2251.8899999999944,2818.860000000002
LIMIT,25.0,20.0,10.0,300.0,37,21.62162162162162,-2088.6550000000016,0.2992007757374047,2190.8250000000025,2911.3449999999984
LIMIT,25.0,20.0,10.0,500.0,37,16.216216216216218,-2660.855000000004,0.16878672485372528,2711.6050000000005,2339.144999999996
LIMIT,25.0,20.0,10.0,800.0,37,16.216216216216218,-2660.855000000004,0.16878672485372528,2711.6050000000005,2339.144999999996
LIMIT,25.0,20.0,10.0,1000.0,37,13.513513513513514,-3225.380000000007,0.0721454934597551,3276.1300000000037,1774.6199999999926
LIMIT,25.0,20.0,12.0,300.0,37,16.216216216216218,-2846.5600000000063,0.17197726439737207,2877.3100000000027,2153.4399999999937
LIMIT,25.0,20.0,12.0,500.0,37,16.216216216216218,-2996.790000000003,0.16477657531612183,3027.5399999999995,2003.2099999999969
LIMIT,25.0,20.0,12.0,800.0,37,13.513513513513514,-3540.2350000000047,0.0690965840216031,3570.985000000001,1459.7649999999953
LIMIT,25.0,20.0,12.0,1000.0,37,13.513513513513514,-3540.2350000000047,0.0690965840216031,3570.985000000001,1459.7649999999953
LIMIT,25.0,20.0,15.0,300.0,37,32.432432432432435,-1295.3300000000218,0.5779075413105266,1944.7700000000032,3704.6699999999782
LIMIT,25.0,20.0,15.0,500.0,37,27.027027027027028,-2227.735000000025,0.4065798095928088,2261.2300000000187,2772.264999999975
LIMIT,25.0,20.0,15.0,800.0,37,27.027027027027028,-2411.1350000000175,0.3876420331889043,2444.630000000011,2588.8649999999825
LIMIT,25.0,20.0,15.0,1000.0,37,27.027027027027028,-2587.535000000016,0.3428415780731701,2588.2850000000126,2412.464999999984
LIMIT,25.0,25.0,8.0,300.0,37,16.216216216216218,-2075.910000000001,0.3078338862677759,2146.6599999999976,2924.089999999999
LIMIT,25.0,25.0,8.0,500.0,37,16.216216216216218,-2206.139999999998,0.2950232953492388,2276.8899999999944,2793.860000000002
LIMIT,25.0,25.0,8.0,800.0,37,16.216216216216218,-2206.139999999998,0.2950232953492388,2276.8899999999944,2793.860000000002
LIMIT,25.0,25.0,8.0,1000.0,37,16.216216216216218,-2206.139999999998,0.2950232953492388,2276.8899999999944,2793.860000000002
LIMIT,25.0,25.0,10.0,300.0,37,21.62162162162162,-2113.6550000000016,0.2967119076060024,2215.8250000000025,2886.3449999999984
LIMIT,25.0,25.0,10.0,500.0,37,16.216216216216218,-2685.8550000000037,0.16747877514204143,2736.6050000000005,2314.144999999996
LIMIT,25.0,25.0,10.0,800.0,37,16.216216216216218,-2685.8550000000037,0.16747877514204143,2736.6050000000005,2314.144999999996
LIMIT,25.0,25.0,10.0,1000.0,37,13.513513513513514,-3250.380000000007,0.0716303407146745,3301.1300000000037,1749.6199999999926
LIMIT,25.0,25.0,12.0,300.0,37,16.216216216216218,-2896.5600000000063,0.16951183847605003,2927.3100000000027,2103.4399999999937
LIMIT,25.0,25.0,12.0,500.0,37,16.216216216216218,-3046.790000000003,0.1625119227269849,3077.5399999999995,1953.2099999999969
LIMIT,25.0,25.0,12.0,800.0,37,13.513513513513514,-3590.2350000000047,0.06819992681046683,3620.985000000001,1409.7649999999953
LIMIT,25.0,25.0,12.0,1000.0,37,13.513513513513514,-3590.2350000000047,0.06819992681046683,3620.985000000001,1409.7649999999953
LIMIT,25.0,25.0,15.0,300.0,37,32.432432432432435,-1345.3300000000218,0.5686427282025578,1994.7700000000032,3654.6699999999782
LIMIT,25.0,25.0,15.0,500.0,37,27.027027027027028,-2277.735000000025,0.4012357849245227,2311.2300000000187,2722.264999999975
LIMIT,25.0,25.0,15.0,800.0,37,27.027027027027028,-2461.1350000000175,0.38278126927918604,2494.630000000011,2538.8649999999825
LIMIT,25.0,25.0,15.0,1000.0,37,27.027027027027028,-2637.535000000016,0.33854258099140416,2638.2850000000126,2362.464999999984
LIMIT,25.0,30.0,8.0,300.0,37,18.91891891891892,-1416.3449999999943,0.5072125671937813,1487.0949999999907,3583.6550000000057
LIMIT,25.0,30.0,8.0,500.0,37,18.91891891891892,-1546.5749999999912,0.4852265692089576,1617.3249999999875,3453.425000000009
LIMIT,25.0,30.0,8.0,800.0,37,18.91891891891892,-1546.5749999999912,0.4852265692089576,1617.3249999999875,3453.425000000009
LIMIT,25.0,30.0,8.0,1000.0,37,18.91891891891892,-1542.8599999999983,0.486463097211405,1613.6099999999947,3457.1400000000017
LIMIT,25.0,30.0,10.0,300.0,37,24.324324324324326,-1474.0899999999945,0.48823249629390786,1576.2599999999957,3525.9100000000053
LIMIT,25.0,30.0,10.0,500.0,37,18.91891891891892,-2046.289999999997,0.3401554897022756,2097.0399999999936,2953.7100000000028
LIMIT,25.0,30.0,10.0,800.0,37,18.91891891891892,-2046.289999999997,0.3401554897022756,2097.0399999999936,2953.7100000000028
LIMIT,25.0,30.0,10.0,1000.0,37,16.216216216216218,-2687.100000000007,0.20409813486879988,2737.850000000004,2312.8999999999924
LIMIT,25.0,30.0,12.0,300.0,37,18.91891891891892,-2301.9949999999994,0.320500445719617,2332.744999999996,2698.0050000000006
LIMIT,25.0,30.0,12.0,500.0,37,18.91891891891892,-2452.2249999999963,0.3068914446256526,2482.9749999999926,2547.7750000000037
LIMIT,25.0,30.0,12.0,800.0,37,16.216216216216218,-2995.669999999998,0.20179535892523695,3026.419999999994,2004.3300000000022
LIMIT,25.0,30.0,12.0,1000.0,37,16.216216216216218,-3151.955000000005,0.16015278403201602,3182.7050000000013,1848.044999999995
LIMIT,25.0,30.0,15.0,300.0,37,35.13513513513514,-780.7650000000149,0.7413683446898263,1894.7700000000032,4219.234999999985
LIMIT,25.0,30.0,15.0,500.0,37,29.72972972972973,-1713.1700000000183,0.5374885935972921,2060.0,3286.8299999999817
LIMIT,25.0,30.0,15.0,800.0,37,29.72972972972973,-2172.8550000000178,0.4410604867960012,2206.3500000000113,2827.1449999999822
LIMIT,25.0,30.0,15.0,1000.0,37,29.72972972972973,-2349.2550000000165,0.3956838141099803,2350.005000000013,2650.7449999999835
BREAKDOWN,5.0,15.0,8.0,300.0,57,17.543859649122805,6220.9349999999695,2.3377175345829726,3501.744999999964,1483.7900000000368
BREAKDOWN,5.0,15.0,8.0,500.0,57,12.280701754385964,6000.95499999997,2.1979436576981586,4321.179999999956,664.355000000045
BREAKDOWN,5.0,15.0,8.0,800.0,57,10.526315789473683,5763.609999999965,2.116031353231171,4558.5249999999605,427.01000000004024
BREAKDOWN,5.0,15.0,8.0,1000.0,57,10.526315789473683,5892.234999999942,2.1700797596388117,4429.899999999984,555.6350000000166
BREAKDOWN,5.0,15.0,10.0,300.0,57,15.789473684210526,3866.5849999999764,1.798774750059132,3587.089999999996,1398.4450000000047
BREAKDOWN,5.0,15.0,10.0,500.0,57,10.526315789473683,4191.269999999944,1.7923582340113517,4008.014999999989,977.5200000000118
BREAKDOWN,5.0,15.0,10.0,800.0,57,8.771929824561402,3793.949999999929,1.6745291656813974,4405.335000000005,580.1999999999962
BREAKDOWN,5.0,15.0,10.0,1000.0,57,8.771929824561402,3793.949999999929,1.6745291656813974,4405.335000000005,580.1999999999962
BREAKDOWN,5.0,15.0,12.0,300.0,57,15.789473684210526,983.9049999999556,1.1876082689082605,4493.399999999955,492.1350000000457
BREAKDOWN,5.0,15.0,12.0,500.0,57,12.280701754385964,819.1799999998912,1.1467240179576335,4912.060000000017,73.47499999998399
BREAKDOWN,5.0,15.0,12.0,800.0,57,8.771929824561402,-301.4450000001043,0.9507300716628074,5802.480000000007,-816.9450000000061
BREAKDOWN,5.0,15.0,12.0,1000.0,57,7.017543859649122,-788.5700000000961,0.8774224787373545,5802.480000000007,-816.9450000000061
BREAKDOWN,5.0,15.0,15.0,300.0,57,17.543859649122805,237.2449999999037,1.0472031189533526,4116.884999999993,868.6500000000078
BREAKDOWN,5.0,15.0,15.0,500.0,57,10.526315789473683,-1331.1950000001425,0.7886532468171439,5685.325000000039,-699.7900000000382
BREAKDOWN,5.0,15.0,15.0,800.0,57,7.017543859649122,-2765.0750000001053,0.5980843752816096,6361.735000000008,-1376.200000000007
BREAKDOWN,5.0,15.0,15.0,1000.0,57,7.017543859649122,-3092.825000000097,0.5708873685568632,6361.735000000008,-1376.200000000007
BREAKDOWN,5.0,20.0,8.0,300.0,57,17.543859649122805,5906.184999999969,2.1895256144817075,3816.494999999966,1169.040000000035
BREAKDOWN,5.0,20.0,8.0,500.0,57,12.280701754385964,5686.204999999969,2.0680064160717326,4635.929999999957,349.60500000004413
BREAKDOWN,5.0,20.0,8.0,800.0,57,10.526315789473683,5448.859999999964,1.99447540029165,4873.274999999961,112.26000000003933
BREAKDOWN,5.0,20.0,8.0,1000.0,57,10.526315789473683,5577.4849999999415,2.042422163889192,4744.649999999985,240.88500000001568
BREAKDOWN,5.0,20.0,10.0,300.0,57,15.789473684210526,3553.014999999974,1.6893416359232165,3900.6599999999976,1084.8750000000032
BREAKDOWN,5.0,20.0,10.0,500.0,57,10.526315789473683,3877.6999999999416,1.692052823528038,4321.584999999991,663.9500000000098
BREAKDOWN,5.0,20.0,10.0,800.0,57,8.771929824561402,3480.3799999999264,1.5861041130585785,4718.905000000006,266.62999999999465
BREAKDOWN,5.0,20.0,10.0,1000.0,57,8.771929824561402,3480.3799999999264,1.5861041130585785,4718.905000000006,266.62999999999465
BREAKDOWN,5.0,20.0,12.0,300.0,57,15.789473684210526,686.4799999999527,1.1238710981271651,4790.824999999958,194.71000000004278
BREAKDOWN,5.0,20.0,12.0,500.0,57,12.280701754385964,521.7549999998882,1.08872539349992,5209.48500000002,-223.95000000001892
BREAKDOWN,5.0,20.0,12.0,800.0,57,8.771929824561402,-598.8700000001072,0.9066549661297348,6099.90500000001,-1114.370000000009
BREAKDOWN,5.0,20.0,12.0,1000.0,57,7.017543859649122,-1085.995000000099,0.8386495529413018,6099.90500000001,-1114.370000000009
BREAKDOWN,5.0,20.0,15.0,300.0,57,19.298245614035086,108.41999999990435,1.0205985785042766,4245.709999999992,739.8250000000089
BREAKDOWN,5.0,20.0,15.0,500.0,57,12.280701754385964,-1460.0200000001414,0.7766206067727198,5814.150000000038,-828.6150000000371
BREAKDOWN,5.0,20.0,15.0,800.0,57,8.771929824561402,-2893.9000000001042,0.5933914697776296,6490.560000000007,-1505.025000000006
BREAKDOWN,5.0,20.0,15.0,1000.0,57,8.771929824561402,-3221.650000000097,0.5672683972886068,6490.560000000007,-1505.025000000006
BREAKDOWN,5.0,25.0,8.0,300.0,57,17.543859649122805,5687.70999999997,2.0972435366301823,4034.9699999999643,950.5650000000364
BREAKDOWN,5.0,25.0,8.0,500.0,57,12.280701754385964,5467.7299999999705,1.9864910091915255,4854.404999999956,131.13000000004467
BREAKDOWN,5.0,25.0,8.0,800.0,57,10.526315789473683,5230.384999999966,1.9179971233527051,5091.749999999961,-106.21499999996013
BREAKDOWN,5.0,25.0,8.0,1000.0,57,10.526315789473683,5359.009999999943,1.962296506721149,4963.124999999984,22.410000000017135
BREAKDOWN,5.0,25.0,10.0,300.0,57,15.789473684210526,3259.5399999999763,1.5983343398761647,4194.134999999997,791.4000000000042
BREAKDOWN,5.0,25.0,10.0,500.0,57,10.526315789473683,3584.224999999943,1.6078398618879082,4615.0599999999895,370.4750000000113
BREAKDOWN,5.0,25.0,10.0,800.0,57,8.771929824561402,3186.904999999928,1.5114075198563348,5012.380000000006,-26.845000000004802
BREAKDOWN,5.0,25.0,10.0,1000.0,57,8.771929824561402,3186.904999999928,1.5114075198563348,5012.380000000006,-26.845000000004802
BREAKDOWN,5.0,25.0,12.0,300.0,57,15.789473684210526,507.4749999999508,1.0887055259710154,4969.829999999961,15.705000000039945
BREAKDOWN,5.0,25.0,12.0,500.0,57,12.280701754385964,342.7499999998863,1.0565634661893861,5388.490000000022,-402.95500000002085
BREAKDOWN,5.0,25.0,12.0,800.0,57,8.771929824561402,-777.8750000001091,0.8820448043986908,6278.910000000012,-1293.375000000011
BREAKDOWN,5.0,25.0,12.0,1000.0,57,7.017543859649122,-1265.000000000101,0.8169231069812937,6278.910000000012,-1293.375000000011
BREAKDOWN,5.0,25.0,15.0,300.0,57,19.298245614035086,-96.98000000009756,0.982266903400502,4451.109999999994,534.4250000000065
BREAKDOWN,5.0,25.0,15.0,500.0,57,12.280701754385964,-1665.4200000001438,0.7529583747128579,6019.55000000004,-1034.0150000000394
BREAKDOWN,5.0,25.0,15.0,800.0,57,8.771929824561402,-3099.3000000001057,0.5767466727847281,6695.960000000009,-1710.4250000000084
BREAKDOWN,5.0,25.0,15.0,1000.0,57,8.771929824561402,-3427.0500000000984,0.5520380533350466,6695.960000000009,-1710.4250000000084
BREAKDOWN,5.0,30.0,8.0,300.0,57,17.543859649122805,5626.60499999997,2.0728091382985614,4096.074999999963,889.4600000000373
BREAKDOWN,5.0,30.0,8.0,500.0,57,12.280701754385964,5406.624999999971,1.9648295504228441,4915.509999999956,70.02500000004511
BREAKDOWN,5.0,30.0,8.0,800.0,57,10.526315789473683,5169.279999999966,1.8976454796299849,5152.8549999999605,-167.3199999999597
BREAKDOWN,5.0,30.0,8.0,1000.0,57,10.526315789473683,5297.904999999943,1.9409991145781893,5024.229999999983,-38.69499999998243
BREAKDOWN,5.0,30.0,10.0,300.0,57,15.789473684210526,3153.434999999976,1.567798235260751,4300.239999999997,685.2950000000037
BREAKDOWN,5.0,30.0,10.0,500.0,57,10.526315789473683,3478.119999999943,1.579419650777592,4721.16499999999,264.3700000000108
BREAKDOWN,5.0,30.0,10.0,800.0,57,8.771929824561402,3080.799999999928,1.4861038793008123,5118.485000000005,-132.95000000000437
BREAKDOWN,5.0,30.0,10.0,1000.0,57,8.771929824561402,3080.799999999928,1.4861038793008123,5118.485000000005,-132.95000000000437
BREAKDOWN,5.0,30.0,12.0,300.0,57,15.789473684210526,341.3699999999508,1.0579870901987347,5135.93499999996,-150.39999999995962
BREAKDOWN,5.0,30.0,12.0,500.0,57,12.280701754385964,176.6449999998863,1.0283736529562097,5554.595000000021,-569.0600000000204
BREAKDOWN,5.0,30.0,12.0,800.0,57,8.771929824561402,-943.9800000001092,0.8603738923229001,6445.015000000011,-1459.4800000000105
BREAKDOWN,5.0,30.0,12.0,1000.0,57,7.017543859649122,-1431.105000000101,0.7977456870418204,6445.015000000011,-1459.4800000000105
BREAKDOWN,5.0,30.0,15.0,300.0,57,19.298245614035086,-288.0850000000976,0.9491013652886988,4642.214999999994,343.320000000007
BREAKDOWN,5.0,30.0,15.0,500.0,57,12.280701754385964,-1856.5250000001433,0.732202101388213,6210.65500000004,-1225.120000000039
BREAKDOWN,5.0,30.0,15.0,800.0,57,8.771929824561402,-3290.405000000107,0.5620775200401272,6887.065000000009,-1901.530000000008
BREAKDOWN,5.0,30.0,15.0,1000.0,57,8.771929824561402,-3618.155000000098,0.53858421051288,6887.065000000009,-1901.530000000008
BREAKDOWN,8.0,15.0,8.0,300.0,55,16.363636363636363,1663.7999999999442,1.3867206839084736,2363.879999999988,2637.660000000012
BREAKDOWN,8.0,15.0,8.0,500.0,55,9.090909090909092,754.9649999999451,1.163543313909396,3181.09999999999,1820.44000000001
BREAKDOWN,8.0,15.0,8.0,800.0,55,9.090909090909092,754.9649999999451,1.163543313909396,3181.09999999999,1820.44000000001
BREAKDOWN,8.0,15.0,8.0,1000.0,55,9.090909090909092,754.9649999999451,1.163543313909396,3181.09999999999,1820.44000000001
BREAKDOWN,8.0,15.0,10.0,300.0,55,18.181818181818183,111.07499999996662,1.0259751648659945,2020.264999999988,2981.275000000012
BREAKDOWN,8.0,15.0,10.0,500.0,55,10.909090909090908,381.2449999999285,1.0814596478332898,2814.8200000000065,2186.7199999999934
BREAKDOWN,8.0,15.0,10.0,800.0,55,10.909090909090908,138.19499999993468,1.0295277735637667,3057.8700000000003,1943.6699999999996
BREAKDOWN,8.0,15.0,10.0,1000.0,55,9.090909090909092,-547.1550000000593,0.8895789650001797,3743.2199999999943,1258.3200000000056
BREAKDOWN,8.0,15.0,12.0,300.0,55,18.181818181818183,-600.2350000000342,0.8767762928291277,3056.2999999999693,1945.2400000000307
BREAKDOWN,8.0,15.0,12.0,500.0,55,10.909090909090908,-1385.1400000000876,0.7379363580808496,3841.2050000000227,1160.3349999999773
BREAKDOWN,8.0,15.0,12.0,800.0,55,7.2727272727272725,-2657.7350000000706,0.5433923592200706,5113.800000000006,-112.26000000000568
BREAKDOWN,8.0,15.0,12.0,1000.0,55,7.2727272727272725,-2657.7350000000706,0.5433923592200706,5113.800000000006,-112.26000000000568
BREAKDOWN,8.0,15.0,15.0,300.0,55,23.636363636363637,-1200.4300000000649,0.7291879337785704,2664.2449999999917,2337.2950000000083
BREAKDOWN,8.0,15.0,15.0,500.0,55,14.545454545454545,-3286.445000000099,0.44070078224915205,4750.260000000026,251.27999999997428
BREAKDOWN,8.0,15.0,15.0,800.0,55,12.727272727272727,-3962.855000000068,0.36053227993993103,5426.669999999995,-425.12999999999465
BREAKDOWN,8.0,15.0,15.0,1000.0,55,12.727272727272727,-4290.60500000006,0.34242241027208203,5571.945000000014,-570.4050000000143
BREAKDOWN,8.0,20.0,8.0,300.0,55,16.363636363636363,1603.1699999999432,1.36745007976235,2424.509999999989,2577.030000000011
BREAKDOWN,8.0,20.0,8.0,500.0,55,9.090909090909092,694.3349999999441,1.1484595664249722,3241.729999999991,1759.810000000009
BREAKDOWN,8.0,20.0,8.0,800.0,55,9.090909090909092,694.3349999999441,1.1484595664249722,3241.729999999991,1759.810000000009
BREAKDOWN,8.0,20.0,8.0,1000.0,55,9.090909090909092,694.3349999999441,1.1484595664249722,3241.729999999991,1759.810000000009
BREAKDOWN,8.0,20.0,10.0,300.0,55,18.181818181818183,21.624999999964984,1.0049534433589418,2109.7149999999897,2891.8250000000103
BREAKDOWN,8.0,20.0,10.0,500.0,55,10.909090909090908,291.79499999992686,1.0611778296803367,2904.270000000008,2097.269999999992
BREAKDOWN,8.0,20.0,10.0,800.0,55,10.909090909090908,48.74499999993304,1.010219891731403,3147.320000000002,1854.219999999998
BREAKDOWN,8.0,20.0,10.0,1000.0,55,9.090909090909092,-636.605000000061,0.8738051627278051,3832.669999999996,1168.870000000004
BREAKDOWN,8.0,20.0,12.0,300.0,55,18.181818181818183,-653.5400000000363,0.8672854893129143,3109.604999999972,1891.9350000000281
BREAKDOWN,8.0,20.0,12.0,500.0,55,10.909090909090908,-1438.4450000000897,0.730568487576346,3894.5100000000252,1107.0299999999747
BREAKDOWN,8.0,20.0,12.0,800.0,55,7.2727272727272725,-2711.0400000000727,0.5384611455902807,5167.105000000008,-165.56500000000779
BREAKDOWN,8.0,20.0,12.0,1000.0,55,7.2727272727272725,-2711.0400000000727,0.5384611455902807,5167.105000000008,-165.56500000000779
BREAKDOWN,8.0,20.0,15.0,300.0,55,23.636363636363637,-1328.7350000000674,0.7086752714859069,2792.5499999999943,2208.9900000000057
BREAKDOWN,8.0,20.0,15.0,500.0,55,14.545454545454545,-3414.750000000102,0.43128352799904207,4878.565000000029,122.97499999997126
BREAKDOWN,8.0,20.0,15.0,800.0,55,12.727272727272727,-4091.160000000071,0.3532192328730653,5554.974999999998,-553.4349999999977
BREAKDOWN,8.0,20.0,15.0,1000.0,55,12.727272727272727,-4418.910000000063,0.33581886529277744,5700.250000000017,-698.7100000000173
BREAKDOWN,8.0,25.0,8.0,300.0,55,16.363636363636363,1570.344999999943,1.3572388094504035,2457.334999999989,2544.205000000011
BREAKDOWN,8.0,25.0,8.0,500.0,55,9.090909090909092,661.5099999999438,1.1404552890755344,3274.554999999991,1726.9850000000088
BREAKDOWN,8.0,25.0,8.0,800.0,55,9.090909090909092,661.5099999999438,1.1404552890755344,3274.554999999991,1726.9850000000088
BREAKDOWN,8.0,25.0,8.0,1000.0,55,9.090909090909092,661.5099999999438,1.1404552890755344,3274.554999999991,1726.9850000000088
BREAKDOWN,8.0,25.0,10.0,300.0,55,20.0,782.5599999999667,1.1799619406803457,1960.7850000000008,3040.754999999999
BREAKDOWN,8.0,25.0,10.0,500.0,55,12.727272727272727,1052.7299999999286,1.2215133473401434,2188.8750000000027,2812.6649999999972
BREAKDOWN,8.0,25.0,10.0,800.0,55,12.727272727272727,809.6799999999348,1.1703712510086774,2386.385,2615.1549999999997
BREAKDOWN,8.0,25.0,10.0,1000.0,55,10.909090909090908,124.32999999994081,1.0247302556268523,3071.734999999994,1929.8050000000057
BREAKDOWN,8.0,25.0,12.0,300.0,55,20.0,-17.605000000034806,0.9964306206320397,2473.66999999997,2527.87000000003
BREAKDOWN,8.0,25.0,12.0,500.0,55,12.727272727272727,-802.5100000000884,0.8499038648571646,3258.5750000000235,1742.9649999999765
BREAKDOWN,8.0,25.0,12.0,800.0,55,9.090909090909092,-2075.1050000000714,0.6471953877593933,4531.170000000006,470.3699999999935
BREAKDOWN,8.0,25.0,12.0,1000.0,55,9.090909090909092,-2075.1050000000714,0.6471953877593933,4531.170000000006,470.3699999999935
BREAKDOWN,8.0,25.0,15.0,300.0,55,25.454545454545453,-809.1950000000656,0.8215757524976544,2273.0099999999925,2728.5300000000075
BREAKDOWN,8.0,25.0,15.0,500.0,55,16.363636363636363,-2895.210000000099,0.5157321281318193,4359.025000000026,642.514999999974
BREAKDOWN,8.0,25.0,15.0,800.0,55,14.545454545454545,-3571.620000000068,0.43304379297863765,5035.434999999995,-33.89499999999498
BREAKDOWN,8.0,25.0,15.0,1000.0,55,12.727272727272727,-4768.130000000062,0.31907106002378444,6049.470000000017,-1047.9300000000167
BREAKDOWN,8.0,30.0,8.0,300.0,55,16.363636363636363,1495.344999999943,1.3344703446933688,2532.334999999989,2469.205000000011
BREAKDOWN,8.0,30.0,8.0,500.0,55,9.090909090909092,586.5099999999438,1.1225788990240761,3349.554999999991,1651.9850000000088
BREAKDOWN,8.0,30.0,8.0,800.0,55,9.090909090909092,586.5099999999438,1.1225788990240761,3349.554999999991,1651.9850000000088
BREAKDOWN,8.0,30.0,8.0,1000.0,55,9.090909090909092,586.5099999999438,1.1225788990240761,3349.554999999991,1651.9850000000088
BREAKDOWN,8.0,30.0,10.0,300.0,55,20.0,657.5599999999667,1.1469908739849817,2035.7850000000008,2965.754999999999
BREAKDOWN,8.0,30.0,10.0,500.0,55,12.727272727272727,927.7299999999286,1.1902081930190762,2268.3350000000064,2733.2049999999936
BREAKDOWN,8.0,30.0,10.0,800.0,55,12.727272727272727,684.6799999999348,1.1403767751353289,2511.385,2490.1549999999997
BREAKDOWN,8.0,30.0,10.0,1000.0,55,10.909090909090908,-0.6700000000591899,0.9998699646478402,3196.734999999994,1804.8050000000057
BREAKDOWN,8.0,30.0,12.0,300.0,55,20.0,-167.6050000000348,0.9670213666048102,2623.66999999997,2377.87000000003
BREAKDOWN,8.0,30.0,12.0,500.0,55,12.727272727272727,-952.5100000000884,0.826710499505136,3408.5750000000235,1592.9649999999765
BREAKDOWN,8.0,30.0,12.0,800.0,55,9.090909090909092,-2225.1050000000714,0.6311006442585281,4681.170000000006,320.3699999999935
BREAKDOWN,8.0,30.0,12.0,1000.0,55,9.090909090909092,-2225.1050000000714,0.6311006442585281,4681.170000000006,320.3699999999935
BREAKDOWN,8.0,30.0,15.0,300.0,55,25.454545454545453,-984.1950000000656,0.7910516046986957,2448.0099999999925,2553.5300000000075
BREAKDOWN,8.0,30.0,15.0,500.0,55,16.363636363636363,-3070.210000000099,0.5010652422268075,4534.025000000026,467.51499999997395
BREAKDOWN,8.0,30.0,15.0,800.0,55,14.545454545454545,-3746.620000000068,0.42133925592773425,5210.434999999995,-208.89499999999498
BREAKDOWN,8.0,30.0,15.0,1000.0,55,12.727272727272727,-4943.130000000062,0.3112914304503375,6224.470000000017,-1222.9300000000167
BREAKDOWN,10.0,15.0,8.0,300.0,52,19.230769230769234,1803.7299999999243,1.4776852631634496,1891.5400000000118,3104.1799999999885
BREAKDOWN,10.0,15.0,8.0,500.0,52,11.538461538461538,894.894999999925,1.2188034083546069,2800.375000000011,2195.3449999999893
BREAKDOWN,10.0,15.0,8.0,800.0,52,11.538461538461538,894.894999999925,1.2188034083546069,2800.375000000011,2195.3449999999893
BREAKDOWN,10.0,15.0,8.0,1000.0,52,11.538461538461538,1401.0199999998904,1.3425518649371972,2294.2500000000455,2701.469999999955
BREAKDOWN,10.0,15.0,10.0,300.0,52,21.153846153846153,829.5049999999296,1.2115029366731462,2185.7650000000062,2809.954999999994
BREAKDOWN,10.0,15.0,10.0,500.0,52,13.461538461538462,-89.3300000000695,0.9793500811964911,3104.6000000000054,1891.119999999995
BREAKDOWN,10.0,15.0,10.0,800.0,52,13.461538461538462,-66.25500000009788,0.9846842004888903,3081.5250000000337,1914.1949999999665
BREAKDOWN,10.0,15.0,10.0,1000.0,52,11.538461538461538,-751.6050000000919,0.836640458168718,3766.8750000000277,1228.8449999999725
BREAKDOWN,10.0,15.0,12.0,300.0,52,21.153846153846153,-113.29500000002645,0.9734880439373683,2765.7399999999825,2229.9800000000178
BREAKDOWN,10.0,15.0,12.0,500.0,52,13.461538461538462,-1040.4450000000552,0.7780509475197558,3692.8900000000112,1302.829999999989
BREAKDOWN,10.0,15.0,12.0,800.0,52,11.538461538461538,-1445.3600000000697,0.7051949257204729,4097.805000000026,897.9149999999745
BREAKDOWN,10.0,15.0,12.0,1000.0,52,9.615384615384617,-2237.940000000054,0.571092220519696,4890.38500000001,105.33499999999003
BREAKDOWN,10.0,15.0,15.0,300.0,52,21.153846153846153,-2014.1250000000437,0.5345253736103266,3329.3949999999795,1666.3250000000207
BREAKDOWN,10.0,15.0,15.0,500.0,52,13.461538461538462,-3543.6700000000783,0.36395854217351725,4858.940000000014,136.7799999999861
BREAKDOWN,10.0,15.0,15.0,800.0,52,11.538461538461538,-4131.250000000063,0.29155638096560094,5446.519999999999,-450.79999999999836
BREAKDOWN,10.0,15.0,15.0,1000.0,52,11.538461538461538,-3814.4500000000507,0.3458825385474715,5446.519999999999,-450.79999999999836
BREAKDOWN,10.0,20.0,8.0,300.0,52,19.230769230769234,1769.139999999926,1.4642717493708093,1926.13000000001,3069.58999999999
BREAKDOWN,10.0,20.0,8.0,500.0,52,11.538461538461538,860.3049999999266,1.2085820479374492,2834.9650000000092,2160.754999999991
BREAKDOWN,10.0,20.0,8.0,800.0,52,11.538461538461538,860.3049999999266,1.2085820479374492,2834.9650000000092,2160.754999999991
BREAKDOWN,10.0,20.0,8.0,1000.0,52,11.538461538461538,1366.429999999892,1.3312927017315608,2328.840000000044,2666.8799999999565
BREAKDOWN,10.0,20.0,10.0,300.0,52,21.153846153846153,766.0949999999307,1.192227060758533,2249.175000000005,2746.544999999995
BREAKDOWN,10.0,20.0,10.0,500.0,52,13.461538461538462,-152.74000000006845,0.9652020180733373,3168.0100000000043,1827.709999999996
BREAKDOWN,10.0,20.0,10.0,800.0,52,13.461538461538462,-129.66500000009682,0.9704590786531225,3144.9350000000327,1850.7849999999676
BREAKDOWN,10.0,20.0,10.0,1000.0,52,11.538461538461538,-815.0150000000908,0.8252666242883303,3830.2850000000267,1165.4349999999736
BREAKDOWN,10.0,20.0,12.0,300.0,52,21.153846153846153,-115.56000000002678,0.972972340853484,2768.004999999983,2227.7150000000174
BREAKDOWN,10.0,20.0,12.0,500.0,52,13.461538461538462,-1042.7100000000555,0.7776751961074764,3695.1550000000116,1300.5649999999887
BREAKDOWN,10.0,20.0,12.0,800.0,52,11.538461538461538,-1447.62500000007,0.7048692872418588,4100.070000000026,895.6499999999742
BREAKDOWN,10.0,20.0,12.0,1000.0,52,9.615384615384617,-2240.2050000000545,0.5708444204343561,4892.650000000011,103.0699999999897
BREAKDOWN,10.0,20.0,15.0,300.0,52,21.153846153846153,-2116.390000000043,0.5221840922944844,3431.659999999979,1564.0600000000213
BREAKDOWN,10.0,20.0,15.0,500.0,52,13.461538461538462,-3645.9350000000777,0.3573984218438962,4961.205000000014,34.514999999986685
BREAKDOWN,10.0,20.0,15.0,800.0,52,11.538461538461538,-4233.515000000062,0.28653152917819524,5548.784999999998,-553.0649999999978
BREAKDOWN,10.0,20.0,15.0,1000.0,52,11.538461538461538,-3916.71500000005,0.3399213982483067,5548.784999999998,-553.0649999999978
BREAKDOWN,10.0,25.0,8.0,300.0,52,19.230769230769234,1687.0549999999264,1.433394431307148,2008.2150000000092,2987.504999999991
BREAKDOWN,10.0,25.0,8.0,500.0,52,11.538461538461538,778.2199999999275,1.1849986628235052,2917.0500000000084,2078.669999999992
BREAKDOWN,10.0,25.0,8.0,800.0,52,11.538461538461538,778.2199999999275,1.1849986628235052,2917.0500000000084,2078.669999999992
BREAKDOWN,10.0,25.0,8.0,1000.0,52,11.538461538461538,1284.344999999893,1.3053148307728626,2410.925000000043,2584.7949999999573
BREAKDOWN,10.0,25.0,10.0,300.0,52,23.076923076923077,1477.7699999999331,1.367837807564483,2000.2299999999996,2995.4900000000007
BREAKDOWN,10.0,25.0,10.0,500.0,52,15.384615384615385,558.934999999934,1.1264152693026073,2456.335000000002,2539.3849999999984
BREAKDOWN,10.0,25.0,10.0,800.0,52,15.384615384615385,582.0099999999056,1.1316341808739965,2433.2600000000302,2562.45999999997
BREAKDOWN,10.0,25.0,10.0,1000.0,52,13.461538461538462,-103.34000000008837,0.9779960054679759,3118.6100000000242,1877.109999999976
BREAKDOWN,10.0,25.0,12.0,300.0,52,23.076923076923077,496.11499999997613,1.1151692142335594,2156.32999999998,2839.3900000000203
BREAKDOWN,10.0,25.0,12.0,500.0,52,15.384615384615385,-431.0350000000526,0.9087199274053994,3083.4800000000087,1912.2399999999916
BREAKDOWN,10.0,25.0,12.0,800.0,52,13.461538461538462,-835.9500000000671,0.8306804682491565,3488.395000000023,1507.324999999977
BREAKDOWN,10.0,25.0,12.0,1000.0,52,11.538461538461538,-1628.5300000000516,0.6899287239521511,4280.975000000008,714.7449999999926
BREAKDOWN,10.0,25.0,15.0,300.0,52,23.076923076923077,-1646.1100000000406,0.6303185874891554,2961.3799999999765,2034.3400000000238
BREAKDOWN,10.0,25.0,15.0,500.0,52,15.384615384615385,-3175.6550000000752,0.44259275186538155,4490.925000000011,504.79499999998916
BREAKDOWN,10.0,25.0,15.0,800.0,52,13.461538461538462,-3763.2350000000597,0.36828689365287154,5078.504999999996,-82.7849999999953
BREAKDOWN,10.0,25.0,15.0,1000.0,52,11.538461538461538,-4315.195000000051,0.31853039785602777,5947.264999999998,-951.5449999999973
BREAKDOWN,10.0,30.0,8.0,300.0,52,19.230769230769234,1708.5999999999274,1.4413721129081654,1986.6700000000083,3009.049999999992
BREAKDOWN,10.0,30.0,8.0,500.0,52,11.538461538461538,799.7649999999285,1.1910990948798896,2895.5050000000074,2100.214999999993
BREAKDOWN,10.0,30.0,8.0,800.0,52,11.538461538461538,799.7649999999285,1.1910990948798896,2895.5050000000074,2100.214999999993
BREAKDOWN,10.0,30.0,8.0,1000.0,52,11.538461538461538,1305.889999999894,1.3120346564462075,2389.380000000042,2606.3399999999583
BREAKDOWN,10.0,30.0,10.0,300.0,52,23.076923076923077,1449.3149999999341,1.3582177535063067,1978.6849999999986,3017.0350000000017
BREAKDOWN,10.0,30.0,10.0,500.0,52,15.384615384615385,530.479999999935,1.1192123374251939,2484.790000000001,2510.9299999999994
BREAKDOWN,10.0,30.0,10.0,800.0,52,15.384615384615385,553.5549999999066,1.1243978763448201,2461.7150000000292,2534.004999999971
BREAKDOWN,10.0,30.0,10.0,1000.0,52,13.461538461538462,-131.79500000008738,0.9721061403740656,3147.0650000000232,1848.654999999977
BREAKDOWN,10.0,30.0,12.0,300.0,52,23.076923076923077,467.6599999999771,1.1078511863030829,2184.784999999979,2810.9350000000213
BREAKDOWN,10.0,30.0,12.0,500.0,52,15.384615384615385,-459.4900000000516,0.9032768699334921,3111.9350000000077,1883.7849999999926
BREAKDOWN,10.0,30.0,12.0,800.0,52,13.461538461538462,-864.4050000000661,0.8259202870969368,3516.850000000022,1478.869999999978
BREAKDOWN,10.0,30.0,12.0,1000.0,52,11.538461538461538,-1656.9850000000506,0.6862109582866913,4309.430000000007,686.2899999999936
BREAKDOWN,10.0,30.0,15.0,300.0,52,23.076923076923077,-1711.0300000000407,0.6212608185581072,3026.2999999999765,1969.4200000000237
BREAKDOWN,10.0,30.0,15.0,500.0,52,15.384615384615385,-3240.5750000000753,0.43760618939935775,4555.845000000011,439.8749999999891
BREAKDOWN,10.0,30.0,15.0,800.0,52,13.461538461538462,-3828.1550000000598,0.364316659775386,5143.424999999996,-147.70499999999538
BREAKDOWN,10.0,30.0,15.0,1000.0,52,11.538461538461538,-4380.115000000049,0.31529784543332234,6012.184999999998,-1016.4649999999974
BREAKDOWN,12.0,15.0,8.0,300.0,48,16.666666666666664,564.8349999999448,1.1587475794461448,1900.6850000000104,3095.03499999999
BREAKDOWN,12.0,15.0,8.0,500.0,48,10.416666666666668,-194.87000000005423,0.9500726351307933,2660.3900000000094,2335.329999999991
BREAKDOWN,12.0,15.0,8.0,800.0,48,10.416666666666668,-194.87000000005423,0.9500726351307933,2660.3900000000094,2335.329999999991
BREAKDOWN,12.0,15.0,8.0,1000.0,48,10.416666666666668,311.2549999999112,1.0797461997862992,2154.265000000044,2841.4549999999563
BREAKDOWN,12.0,15.0,10.0,300.0,48,18.75,2.5449999999489137,1.0006930620269952,2122.9750000000063,2872.744999999994
BREAKDOWN,12.0,15.0,10.0,500.0,48,12.5,-767.1600000000501,0.8122976871187587,2892.6800000000053,2103.039999999995
BREAKDOWN,12.0,15.0,10.0,800.0,48,12.5,-744.0850000000785,0.817943485739293,2869.6050000000337,2126.1149999999666
BREAKDOWN,12.0,15.0,10.0,1000.0,48,10.416666666666668,-1429.4350000000727,0.6723065213852765,3554.9550000000277,1440.7649999999726
BREAKDOWN,12.0,15.0,12.0,300.0,48,18.75,-1001.310000000052,0.7576758605167696,2786.830000000007,2208.889999999993
BREAKDOWN,12.0,15.0,12.0,500.0,48,12.5,-1729.3250000000478,0.6159466557105715,3514.845000000003,1480.8749999999973
BREAKDOWN,12.0,15.0,12.0,800.0,48,10.416666666666668,-2134.2400000000625,0.5476220504151681,3919.7600000000175,1075.9599999999828
BREAKDOWN,12.0,15.0,12.0,1000.0,48,8.333333333333332,-2926.820000000047,0.41845385047164496,4712.340000000002,283.3799999999983
BREAKDOWN,12.0,15.0,15.0,300.0,48,18.75,-2091.5700000000506,0.5204333495743779,3367.0900000000056,1628.6299999999947
BREAKDOWN,12.0,15.0,15.0,500.0,48,12.5,-3061.9800000000523,0.39391816060283036,4337.500000000007,658.219999999993
BREAKDOWN,12.0,15.0,15.0,800.0,48,10.416666666666668,-3649.5600000000363,0.3129709775248479,4925.079999999992,70.64000000000851
BREAKDOWN,12.0,15.0,15.0,1000.0,48,10.416666666666668,-3649.5600000000363,0.3129709775248479,4925.079999999992,70.64000000000851
BREAKDOWN,12.0,20.0,8.0,300.0,48,18.75,572.0899999999449,1.1609010164419313,1893.4300000000103,3102.28999999999
BREAKDOWN,12.0,20.0,8.0,500.0,48,12.5,-187.61500000005412,0.9519002497090009,2653.1350000000093,2342.584999999991
BREAKDOWN,12.0,20.0,8.0,800.0,48,12.5,-187.61500000005412,0.9519002497090009,2653.1350000000093,2342.584999999991
BREAKDOWN,12.0,20.0,8.0,1000.0,48,12.5,318.5099999999113,1.0816579242873838,2147.010000000044,2848.7099999999564
BREAKDOWN,12.0,20.0,10.0,300.0,48,20.833333333333336,-33.09500000005187,0.9910854618549481,2158.615000000007,2837.104999999993
BREAKDOWN,12.0,20.0,10.0,500.0,48,14.583333333333334,-802.8000000000509,0.8054985190703637,2928.320000000006,2067.399999999994
BREAKDOWN,12.0,20.0,10.0,800.0,48,14.583333333333334,-779.7250000000793,0.8110891041132705,2905.2450000000345,2090.474999999966
BREAKDOWN,12.0,20.0,10.0,1000.0,48,12.5,-1465.0750000000735,0.6672156003157151,3590.5950000000284,1405.1249999999718
BREAKDOWN,12.0,20.0,12.0,300.0,48,20.833333333333336,-977.8900000000533,0.7622680911116306,2763.410000000008,2232.309999999992
BREAKDOWN,12.0,20.0,12.0,500.0,48,14.583333333333334,-1705.905000000049,0.6195683443611032,3491.425000000004,1504.2949999999964
BREAKDOWN,12.0,20.0,12.0,800.0,48,12.5,-2110.8200000000634,0.5508062130649588,3896.3400000000183,1099.379999999982
BREAKDOWN,12.0,20.0,12.0,1000.0,48,10.416666666666668,-2903.4000000000483,0.4209563772778042,4688.920000000003,306.79999999999745
BREAKDOWN,12.0,20.0,15.0,300.0,48,20.833333333333336,-2143.1500000000515,0.514869795910965,3418.6700000000064,1577.0499999999938
BREAKDOWN,12.0,20.0,15.0,500.0,48,14.583333333333334,-3113.560000000053,0.39050132184374015,4389.080000000008,606.6399999999921
BREAKDOWN,12.0,20.0,15.0,800.0,48,12.5,-3701.1400000000376,0.31056861501435146,4976.659999999993,19.060000000007676
BREAKDOWN,12.0,20.0,15.0,1000.0,48,12.5,-3701.1400000000376,0.31056861501435146,4976.659999999993,19.060000000007676
BREAKDOWN,12.0,25.0,8.0,300.0,48,18.75,492.69499999994537,1.1355443769970976,1972.8250000000098,3022.8949999999904
BREAKDOWN,12.0,25.0,8.0,500.0,48,12.5,-267.01000000005365,0.9329109646262933,2732.530000000009,2263.1899999999914
BREAKDOWN,12.0,25.0,8.0,800.0,48,12.5,-267.01000000005365,0.9329109646262933,2732.530000000009,2263.1899999999914
BREAKDOWN,12.0,25.0,8.0,1000.0,48,12.5,239.1149999999118,1.0600801269367244,2226.4050000000434,2769.314999999957
BREAKDOWN,12.0,25.0,10.0,300.0,48,22.916666666666664,706.2699999999506,1.1900174071194178,1741.095000000003,3254.6249999999973
BREAKDOWN,12.0,25.0,10.0,500.0,48,16.666666666666664,-63.435000000048376,0.984647387260478,2188.9550000000036,2806.7649999999967
BREAKDOWN,12.0,25.0,10.0,800.0,48,16.666666666666664,-40.36000000007675,0.9902320256929483,2165.880000000032,2829.8399999999683
BREAKDOWN,12.0,25.0,10.0,1000.0,48,14.583333333333334,-725.710000000071,0.8353230297240285,2851.230000000026,2144.4899999999743
BREAKDOWN,12.0,25.0,12.0,300.0,48,22.916666666666664,-338.5250000000508,0.9177900388798779,2124.0450000000055,2871.6749999999947
BREAKDOWN,12.0,25.0,12.0,500.0,48,16.666666666666664,-1066.5400000000466,0.7623851933541542,2852.0600000000013,2143.659999999999
BREAKDOWN,12.0,25.0,12.0,800.0,48,14.583333333333334,-1471.455000000061,0.6871590987610231,3256.975000000016,1738.7449999999844
BREAKDOWN,12.0,25.0,12.0,1000.0,48,12.5,-2264.035000000046,0.548864457186117,4049.5550000000003,946.165
BREAKDOWN,12.0,25.0,15.0,300.0,48,22.916666666666664,-1636.3300000000493,0.6284968964405451,2911.850000000004,2083.8699999999963
BREAKDOWN,12.0,25.0,15.0,500.0,48,16.666666666666664,-2606.7400000000507,0.48840655226789886,3882.2600000000057,1113.4599999999946
BREAKDOWN,12.0,25.0,15.0,800.0,48,14.583333333333334,-3194.320000000035,0.40352564312035955,4469.83999999999,525.8800000000101
BREAKDOWN,12.0,25.0,15.0,1000.0,48,12.5,-4063.080000000037,0.2909524486788242,5338.599999999992,-342.8799999999919
BREAKDOWN,12.0,30.0,8.0,300.0,48,18.75,523.6649999999452,1.1453024654789778,1941.8550000000096,3053.8649999999907
BREAKDOWN,12.0,30.0,8.0,500.0,48,12.5,-236.04000000005385,0.9402273760339598,2701.5600000000086,2294.1599999999917
BREAKDOWN,12.0,30.0,8.0,800.0,48,12.5,-236.04000000005385,0.9402273760339598,2701.5600000000086,2294.1599999999917
BREAKDOWN,12.0,30.0,8.0,1000.0,48,12.5,270.0849999999116,1.0683938702925733,2195.435000000043,2800.284999999957
BREAKDOWN,12.0,30.0,10.0,300.0,48,22.916666666666664,712.2399999999503,1.1919318763642108,1710.1250000000027,3285.5949999999975
BREAKDOWN,12.0,30.0,10.0,500.0,48,16.666666666666664,-57.4650000000488,0.9860721297171408,2182.9850000000038,2812.7349999999965
BREAKDOWN,12.0,30.0,10.0,800.0,48,16.666666666666664,-34.390000000077066,0.9916648488814375,2159.910000000032,2835.809999999968
BREAKDOWN,12.0,30.0,10.0,1000.0,48,14.583333333333334,-719.7400000000712,0.8364561794178303,2845.260000000026,2150.459999999974
BREAKDOWN,12.0,30.0,12.0,300.0,48,22.916666666666664,-332.555000000051,0.91912258259075,2118.075000000006,2877.644999999994
BREAKDOWN,12.0,30.0,12.0,500.0,48,16.666666666666664,-1060.5700000000468,0.7634005606177627,2846.090000000002,2149.6299999999983
BREAKDOWN,12.0,30.0,12.0,800.0,48,14.583333333333334,-1465.4850000000613,0.68803239131845,3251.0050000000165,1744.7149999999838
BREAKDOWN,12.0,30.0,12.0,1000.0,48,12.5,-2258.0650000000455,0.5495181599004815,4043.585000000001,952.1349999999993
BREAKDOWN,12.0,30.0,15.0,300.0,48,22.916666666666664,-1666.82500000005,0.6241754723383617,2942.345000000005,2053.3749999999955
BREAKDOWN,12.0,30.0,15.0,500.0,48,16.666666666666664,-2637.2350000000515,0.48550088473475594,3912.7550000000065,1082.9649999999938
BREAKDOWN,12.0,30.0,15.0,800.0,48,14.583333333333334,-3224.815000000036,0.40124084867141563,4500.334999999991,495.3850000000093
BREAKDOWN,12.0,30.0,15.0,1000.0,48,12.5,-4093.575000000038,0.28941228954854936,5369.094999999993,-373.3749999999927
BREAKDOWN,15.0,15.0,8.0,300.0,44,13.636363636363635,185.03499999994574,1.0527055626607418,2345.675000000005,2715.234999999991
BREAKDOWN,15.0,15.0,8.0,500.0,44,6.8181818181818175,-574.6700000000533,0.8509568875413855,3105.380000000004,1955.529999999992
BREAKDOWN,15.0,15.0,8.0,800.0,44,6.8181818181818175,-574.6700000000533,0.8509568875413855,3105.380000000004,1955.529999999992
BREAKDOWN,15.0,15.0,8.0,1000.0,44,6.8181818181818175,-574.6700000000533,0.8509568875413855,3105.380000000004,1955.529999999992
BREAKDOWN,15.0,15.0,10.0,300.0,44,15.909090909090908,-741.7600000000607,0.7993412910424889,2912.4700000000116,2128.4399999999846
BREAKDOWN,15.0,15.0,10.0,500.0,44,9.090909090909092,-1511.4650000000597,0.632392302313548,3682.1750000000106,1358.7349999999856
BREAKDOWN,15.0,15.0,10.0,800.0,44,9.090909090909092,-1511.4650000000597,0.632392302313548,3682.1750000000106,1358.7349999999856
BREAKDOWN,15.0,15.0,10.0,1000.0,44,6.8181818181818175,-2196.815000000054,0.49920155016668827,4367.525000000005,673.3849999999911
BREAKDOWN,15.0,15.0,12.0,300.0,44,18.181818181818183,-1059.3650000000616,0.7385333045382877,2870.0750000000126,2150.8349999999837
BREAKDOWN,15.0,15.0,12.0,500.0,44,11.363636363636363,-1787.3800000000574,0.595829357308562,3598.0900000000083,1422.8199999999879
BREAKDOWN,15.0,15.0,12.0,800.0,44,9.090909090909092,-2746.180000000054,0.4078113746242352,4556.890000000005,464.01999999999134
BREAKDOWN,15.0,15.0,12.0,1000.0,44,9.090909090909092,-2746.180000000054,0.4078113746242352,4556.890000000005,464.01999999999134
BREAKDOWN,15.0,15.0,15.0,300.0,44,18.181818181818183,-2137.425000000053,0.4920803337297704,3408.135000000004,1582.7749999999924
BREAKDOWN,15.0,15.0,15.0,500.0,44,11.363636363636363,-3105.4500000000417,0.3660936820639621,4376.159999999993,614.7500000000036
BREAKDOWN,15.0,15.0,15.0,800.0,44,11.363636363636363,-3145.140000000042,0.3579918798263214,4415.849999999993,575.0600000000031
BREAKDOWN,15.0,15.0,15.0,1000.0,44,11.363636363636363,-3145.140000000042,0.3579918798263214,4415.849999999993,575.0600000000031
BREAKDOWN,15.0,20.0,8.0,300.0,44,13.636363636363635,85.03499999994574,1.0235506393443834,2445.675000000005,2615.234999999991
BREAKDOWN,15.0,20.0,8.0,500.0,44,6.8181818181818175,-674.6700000000533,0.8294448812229213,3205.380000000004,1855.529999999992
BREAKDOWN,15.0,20.0,8.0,800.0,44,6.8181818181818175,-674.6700000000533,0.8294448812229213,3205.380000000004,1855.529999999992
BREAKDOWN,15.0,20.0,8.0,1000.0,44,6.8181818181818175,-674.6700000000533,0.8294448812229213,3205.380000000004,1855.529999999992
BREAKDOWN,15.0,20.0,10.0,300.0,44,15.909090909090908,-891.7600000000607,0.7681707990770976,3062.4700000000116,1978.4399999999846
BREAKDOWN,15.0,20.0,10.0,500.0,44,9.090909090909092,-1661.4650000000597,0.6101334584811996,3832.1750000000106,1208.7349999999856
BREAKDOWN,15.0,20.0,10.0,800.0,44,9.090909090909092,-1661.4650000000597,0.6101334584811996,3832.1750000000106,1208.7349999999856
BREAKDOWN,15.0,20.0,10.0,1000.0,44,6.8181818181818175,-2346.815000000054,0.4826958366627061,4517.525000000005,523.3849999999911
BREAKDOWN,15.0,20.0,12.0,300.0,44,18.181818181818183,-1209.3650000000616,0.7121673162169256,3020.0750000000126,2000.8349999999837
BREAKDOWN,15.0,20.0,12.0,500.0,44,11.363636363636363,-1937.3800000000574,0.5762826036558844,3748.0900000000083,1272.8199999999879
BREAKDOWN,15.0,20.0,12.0,800.0,44,9.090909090909092,-2896.180000000054,0.3950335677014691,4706.890000000005,314.01999999999134
BREAKDOWN,15.0,20.0,12.0,1000.0,44,9.090909090909092,-2896.180000000054,0.3950335677014691,4706.890000000005,314.01999999999134
BREAKDOWN,15.0,20.0,15.0,300.0,44,18.181818181818183,-2330.495000000053,0.4704942783495088,3601.205000000004,1389.7049999999922
BREAKDOWN,15.0,20.0,15.0,500.0,44,11.363636363636363,-3298.5200000000414,0.35221269525802623,4569.229999999992,421.68000000000393
BREAKDOWN,15.0,20.0,15.0,800.0,44,11.363636363636363,-3338.210000000042,0.34441808490998865,4608.919999999993,381.9900000000034
BREAKDOWN,15.0,20.0,15.0,1000.0,44,11.363636363636363,-3338.210000000042,0.34441808490998865,4608.919999999993,381.9900000000034
BREAKDOWN,15.0,25.0,8.0,300.0,44,13.636363636363635,82.26999999994632,1.0227674315309545,2448.4400000000046,2612.4699999999916
BREAKDOWN,15.0,25.0,8.0,500.0,44,6.8181818181818175,-677.4350000000527,0.8288655158083936,3208.1450000000036,1852.7649999999926
BREAKDOWN,15.0,25.0,8.0,800.0,44,6.8181818181818175,-677.4350000000527,0.8288655158083936,3208.1450000000036,1852.7649999999926
BREAKDOWN,15.0,25.0,8.0,1000.0,44,6.8181818181818175,-677.4350000000527,0.8288655158083936,3208.1450000000036,1852.7649999999926
BREAKDOWN,15.0,25.0,10.0,300.0,44,18.181818181818183,-42.88500000005797,0.988538050145514,2213.595000000009,2827.3149999999873
BREAKDOWN,15.0,25.0,10.0,500.0,44,11.363636363636363,-812.590000000057,0.8045018537186109,2983.300000000008,2057.6099999999883
BREAKDOWN,15.0,25.0,10.0,800.0,44,11.363636363636363,-812.590000000057,0.8045018537186109,2983.300000000008,2057.6099999999883
BREAKDOWN,15.0,25.0,10.0,1000.0,44,9.090909090909092,-1497.940000000051,0.6619797766449699,3668.650000000002,1372.2599999999943
BREAKDOWN,15.0,25.0,12.0,300.0,44,20.454545454545457,-460.4900000000589,0.8875896799958846,2271.20000000001,2749.7099999999864
BREAKDOWN,15.0,25.0,12.0,500.0,44,13.636363636363635,-1188.5050000000547,0.7339500472888533,2999.2150000000056,2021.6949999999906
BREAKDOWN,15.0,25.0,12.0,800.0,44,11.363636363636363,-2147.305000000051,0.541392179999883,3958.015000000002,1062.894999999994
BREAKDOWN,15.0,25.0,12.0,1000.0,44,11.363636363636363,-2147.305000000051,0.541392179999883,3958.015000000002,1062.894999999994
BREAKDOWN,15.0,25.0,15.0,300.0,44,20.454545454545457,-1781.6200000000504,0.590069371742796,3052.3300000000013,1938.579999999995
BREAKDOWN,15.0,25.0,15.0,500.0,44,13.636363636363635,-2749.645000000039,0.4540959505565399,4020.35499999999,970.5550000000062
BREAKDOWN,15.0,25.0,15.0,800.0,44,13.636363636363635,-2789.3350000000396,0.4462160490701986,4060.0449999999905,930.8650000000057
BREAKDOWN,15.0,25.0,15.0,1000.0,44,11.363636363636363,-3658.095000000042,0.32406018997147285,4928.804999999993,62.1050000000032
BREAKDOWN,15.0,30.0,8.0,300.0,44,13.636363636363635,64.32499999994661,1.0177133588879195,2466.3850000000043,2594.524999999992
BREAKDOWN,15.0,30.0,8.0,500.0,44,6.8181818181818175,-695.3800000000524,0.8251249861685194,3226.0900000000033,1834.819999999993
BREAKDOWN,15.0,30.0,8.0,800.0,44,6.8181818181818175,-695.3800000000524,0.8251249861685194,3226.0900000000033,1834.819999999993
BREAKDOWN,15.0,30.0,8.0,1000.0,44,6.8181818181818175,-695.3800000000524,0.8251249861685194,3226.0900000000033,1834.819999999993
BREAKDOWN,15.0,30.0,10.0,300.0,44,18.181818181818183,-60.83000000005768,0.9838194631934529,2231.5400000000086,2809.3699999999876
BREAKDOWN,15.0,30.0,10.0,500.0,44,11.363636363636363,-830.5350000000567,0.8010434895093955,3001.2450000000076,2039.6649999999886
BREAKDOWN,15.0,30.0,10.0,800.0,44,11.363636363636363,-830.5350000000567,0.8010434895093955,3001.2450000000076,2039.6649999999886
BREAKDOWN,15.0,30.0,10.0,1000.0,44,9.090909090909092,-1515.8850000000507,0.6593099604333453,3686.5950000000016,1354.3149999999946
BREAKDOWN,15.0,30.0,12.0,300.0,44,20.454545454545457,-478.4350000000586,0.8837184997769915,2289.1450000000095,2731.7649999999867
BREAKDOWN,15.0,30.0,12.0,500.0,44,13.636363636363635,-1206.4500000000544,0.7310135401779526,3017.1600000000053,2003.749999999991
BREAKDOWN,15.0,30.0,12.0,800.0,44,11.363636363636363,-2165.250000000051,0.5393251733447838,3975.960000000002,1044.9499999999944
BREAKDOWN,15.0,30.0,12.0,1000.0,44,11.363636363636363,-2165.250000000051,0.5393251733447838,3975.960000000002,1044.9499999999944
BREAKDOWN,15.0,30.0,15.0,300.0,44,20.454545454545457,-1849.56500000005,0.5809865895500556,3120.275000000001,1870.6349999999952
BREAKDOWN,15.0,30.0,15.0,500.0,44,13.636363636363635,-2817.5900000000393,0.44805193533157284,4088.29999999999,902.610000000006
BREAKDOWN,15.0,30.0,15.0,800.0,44,13.636363636363635,-2857.2800000000398,0.4402769153014443,4127.989999999991,862.9200000000055
BREAKDOWN,15.0,30.0,15.0,1000.0,44,11.363636363636363,-3726.040000000042,0.320042118248619,4996.749999999993,-5.8399999999965075
BREAKDOWN,20.0,15.0,8.0,300.0,42,23.809523809523807,-988.4450000000129,0.6704672557579714,1640.8950000000045,3420.0149999999917
BREAKDOWN,20.0,15.0,8.0,500.0,42,19.047619047619047,154.3999999999778,1.0463728418532852,1613.859999999997,3447.0499999999993
BREAKDOWN,20.0,15.0,8.0,800.0,42,16.666666666666664,-67.46500000001106,0.9806387365889534,1613.859999999997,3447.0499999999993
BREAKDOWN,20.0,15.0,8.0,1000.0,42,14.285714285714285,-723.4750000000395,0.8085847481618383,1935.075000000029,3293.4249999999747
BREAKDOWN,20.0,15.0,10.0,300.0,42,26.190476190476193,-1280.4100000000042,0.6109199253083902,1792.859999999996,3248.05
BREAKDOWN,20.0,15.0,10.0,500.0,42,23.809523809523807,942.0099999999841,1.2765846561739778,1441.3300000000008,3993.6149999999952
BREAKDOWN,20.0,15.0,10.0,800.0,42,19.047619047619047,-185.86500000003332,0.9560180693526099,2491.405000000029,3993.6149999999952
BREAKDOWN,20.0,15.0,10.0,1000.0,42,16.666666666666664,-871.2150000000274,0.8064370998058136,2881.4050000000293,3505.684999999987
BREAKDOWN,20.0,15.0,12.0,300.0,42,26.190476190476193,-1797.245000000014,0.45573984458751265,2169.6950000000056,2851.2149999999906
BREAKDOWN,20.0,15.0,12.0,500.0,42,19.047619047619047,-2695.5000000000337,0.3029804663863525,2979.5100000000157,2041.3999999999805
BREAKDOWN,20.0,15.0,12.0,800.0,42,11.904761904761903,-3944.000000000022,0.1318607543390434,4228.010000000004,792.8999999999924
BREAKDOWN,20.0,15.0,12.0,1000.0,42,9.523809523809524,-2228.6899999999996,0.5536764234675885,4817.974999999988,202.93500000000859
BREAKDOWN,20.0,15.0,15.0,300.0,42,19.047619047619047,-1819.100000000019,0.5294790152451782,1951.4750000000226,3147.914999999973
BREAKDOWN,20.0,15.0,15.0,500.0,42,14.285714285714285,-2616.8750000000273,0.407546054910446,2939.0450000000164,2160.3449999999793
BREAKDOWN,20.0,15.0,15.0,800.0,42,14.285714285714285,-1291.2000000000035,0.724152075268541,3310.4849999999915,1680.4250000000047
BREAKDOWN,20.0,15.0,15.0,1000.0,42,14.285714285714285,-1291.2000000000035,0.724152075268541,3310.4849999999915,1680.4250000000047
BREAKDOWN,20.0,20.0,8.0,300.0,42,23.809523809523807,-938.7050000000136,0.6817728011607539,1591.1550000000052,3469.754999999991
BREAKDOWN,20.0,20.0,8.0,500.0,42,19.047619047619047,204.13999999997714,1.0622416949839784,1564.1199999999976,3496.7899999999986
BREAKDOWN,20.0,20.0,8.0,800.0,42,16.666666666666664,-17.725000000011732,0.9948395755787429,1564.1199999999976,3496.7899999999986
BREAKDOWN,20.0,20.0,8.0,1000.0,42,14.285714285714285,-673.7350000000401,0.81936769914232,1935.0750000000294,3343.164999999974
BREAKDOWN,20.0,20.0,10.0,300.0,42,26.190476190476193,-1295.670000000005,0.6081001172066982,1808.1199999999963,3232.79
BREAKDOWN,20.0,20.0,10.0,500.0,42,23.809523809523807,926.7499999999834,1.2708904234718066,1481.33,4018.3549999999946
BREAKDOWN,20.0,20.0,10.0,800.0,42,19.047619047619047,-201.1250000000341,0.9525782797321436,2531.405000000029,4018.3549999999946
BREAKDOWN,20.0,20.0,10.0,1000.0,42,16.666666666666664,-886.4750000000281,0.8037121916655545,2921.4050000000298,3490.4249999999865
BREAKDOWN,20.0,20.0,12.0,300.0,42,26.190476190476193,-1857.5050000000147,0.44757229868785536,2229.9550000000063,2790.95499999999
BREAKDOWN,20.0,20.0,12.0,500.0,42,19.047619047619047,-2755.7600000000343,0.2983317377222757,3039.7700000000164,1981.1399999999799
BREAKDOWN,20.0,20.0,12.0,800.0,42,11.904761904761903,-4004.260000000022,0.13013462052305644,4288.270000000004,732.6399999999921
BREAKDOWN,20.0,20.0,12.0,1000.0,42,9.523809523809524,-2288.95,0.5470744207214505,4878.234999999988,142.67500000000837
BREAKDOWN,20.0,20.0,15.0,300.0,42,19.047619047619047,-1934.3600000000197,0.5141508012256978,2066.475000000023,3032.6549999999725
BREAKDOWN,20.0,20.0,15.0,500.0,42,14.285714285714285,-2732.135000000028,0.3971817654288004,3054.045000000017,2045.0849999999787
BREAKDOWN,20.0,20.0,15.0,800.0,42,14.285714285714285,-1406.4600000000041,0.7067492337524232,3425.744999999992,1565.165000000004
BREAKDOWN,20.0,20.0,15.0,1000.0,42,14.285714285714285,-1406.4600000000041,0.7067492337524232,3425.744999999992,1565.165000000004
BREAKDOWN,20.0,25.0,8.0,300.0,42,23.809523809523807,-938.7050000000136,0.6817728011607539,1591.1550000000052,3469.754999999991
BREAKDOWN,20.0,25.0,8.0,500.0,42,19.047619047619047,204.13999999997714,1.0622416949839784,1564.1199999999976,3496.7899999999986
BREAKDOWN,20.0,25.0,8.0,800.0,42,16.666666666666664,-17.725000000011732,0.9948395755787429,1564.1199999999976,3496.7899999999986
BREAKDOWN,20.0,25.0,8.0,1000.0,42,14.285714285714285,-673.7350000000401,0.81936769914232,1935.0750000000294,3343.164999999974
BREAKDOWN,20.0,25.0,10.0,300.0,42,26.190476190476193,-1287.790000000005,0.6095529592252835,1800.2399999999961,3240.67
BREAKDOWN,20.0,25.0,10.0,500.0,42,23.809523809523807,934.6299999999835,1.27382446909026,1481.3300000000008,4026.2349999999947
BREAKDOWN,20.0,25.0,10.0,800.0,42,19.047619047619047,-193.245000000034,0.9543514310281215,2531.4050000000298,4026.2349999999947
BREAKDOWN,20.0,25.0,10.0,1000.0,42,16.666666666666664,-878.595000000028,0.8051169837101132,2921.405000000029,3498.3049999999866
BREAKDOWN,20.0,25.0,12.0,300.0,42,26.190476190476193,-1874.6250000000146,0.44530501011965834,2247.075000000006,2773.83499999999
BREAKDOWN,20.0,25.0,12.0,500.0,42,19.047619047619047,-2772.880000000034,0.29703693187579217,3056.8900000000162,1964.01999999998
BREAKDOWN,20.0,25.0,12.0,800.0,42,11.904761904761903,-4021.380000000022,0.129652434946529,4305.390000000004,715.5199999999923
BREAKDOWN,20.0,25.0,12.0,1000.0,42,9.523809523809524,-2306.0699999999997,0.5452273991188792,4895.354999999988,125.55500000000848
BREAKDOWN,20.0,25.0,15.0,300.0,42,19.047619047619047,-1976.4800000000196,0.5087684415636043,2091.475000000023,2990.5349999999726
BREAKDOWN,20.0,25.0,15.0,500.0,42,14.285714285714285,-2774.255000000028,0.39352460109435117,3079.045000000017,2002.9649999999788
BREAKDOWN,20.0,25.0,15.0,800.0,42,14.285714285714285,-1448.580000000004,0.7005965003658364,3467.864999999992,1523.0450000000042
BREAKDOWN,20.0,25.0,15.0,1000.0,42,14.285714285714285,-1448.580000000004,0.7005965003658364,3467.864999999992,1523.0450000000042
BREAKDOWN,20.0,30.0,8.0,300.0,42,23.809523809523807,-938.7050000000136,0.6817728011607539,1591.1550000000052,3469.754999999991
BREAKDOWN,20.0,30.0,8.0,500.0,42,19.047619047619047,204.13999999997714,1.0622416949839784,1564.1199999999976,3496.7899999999986
BREAKDOWN,20.0,30.0,8.0,800.0,42,16.666666666666664,-17.725000000011732,0.9948395755787429,1564.1199999999976,3496.7899999999986
BREAKDOWN,20.0,30.0,8.0,1000.0,42,14.285714285714285,-673.7350000000401,0.81936769914232,1935.0750000000294,3343.164999999974
BREAKDOWN,20.0,30.0,10.0,300.0,42,26.190476190476193,-1287.790000000005,0.6095529592252835,1800.2399999999961,3240.67
BREAKDOWN,20.0,30.0,10.0,500.0,42,23.809523809523807,934.6299999999835,1.27382446909026,1481.3300000000008,4026.2349999999947
BREAKDOWN,20.0,30.0,10.0,800.0,42,19.047619047619047,-193.245000000034,0.9543514310281215,2531.4050000000298,4026.2349999999947
BREAKDOWN,20.0,30.0,10.0,1000.0,42,16.666666666666664,-878.595000000028,0.8051169837101132,2921.405000000029,3498.3049999999866
BREAKDOWN,20.0,30.0,12.0,300.0,42,26.190476190476193,-1890.265000000013,0.4432537111215814,2262.7150000000047,2758.1949999999915
BREAKDOWN,20.0,30.0,12.0,500.0,42,19.047619047619047,-2788.5200000000327,0.2958638452603341,3072.5300000000148,1948.3799999999815
BREAKDOWN,20.0,30.0,12.0,800.0,42,11.904761904761903,-4037.0200000000204,0.12921504636469924,4321.0300000000025,699.8799999999937
BREAKDOWN,20.0,30.0,12.0,1000.0,42,9.523809523809524,-2321.709999999998,0.5435509175340011,4910.994999999986,109.91500000000997
BREAKDOWN,20.0,30.0,15.0,300.0,42,19.047619047619047,-2017.120000000018,0.5036809574426189,2116.475000000023,2949.894999999974
BREAKDOWN,20.0,30.0,15.0,500.0,42,14.285714285714285,-2814.8950000000264,0.39005921955003325,3104.045000000017,1962.3249999999803
BREAKDOWN,20.0,30.0,15.0,800.0,42,14.285714285714285,-1489.2200000000025,0.694760661302025,3508.5049999999906,1482.4050000000057
BREAKDOWN,20.0,30.0,15.0,1000.0,42,14.285714285714285,-1489.2200000000025,0.694760661302025,3508.5049999999906,1482.4050000000057
BREAKDOWN,25.0,15.0,8.0,300.0,37,24.324324324324326,-1030.880000000011,0.6029908168904469,1199.0550000000003,3861.854999999996
BREAKDOWN,25.0,15.0,8.0,500.0,37,18.91891891891892,-1483.2249999999908,0.46773235628172805,1544.134999999987,3516.775000000009
BREAKDOWN,25.0,15.0,8.0,800.0,37,16.216216216216218,-1705.0899999999797,0.4203558249465068,1765.999999999976,3294.9100000000203
BREAKDOWN,25.0,15.0,8.0,1000.0,37,16.216216216216218,-493.27000000000453,0.8323132021015649,1227.3800000000024,3833.529999999994
BREAKDOWN,25.0,15.0,10.0,300.0,37,27.027027027027028,-1421.4650000000054,0.5272459695188353,1462.3750000000018,3578.5349999999944
BREAKDOWN,25.0,15.0,10.0,500.0,37,21.62162162162162,-1953.8099999999852,0.39637138818732115,1994.7199999999812,3046.190000000015
BREAKDOWN,25.0,15.0,10.0,800.0,37,18.91891891891892,-2185.6749999999743,0.3612452601354641,2226.5849999999705,2814.3250000000257
BREAKDOWN,25.0,15.0,10.0,1000.0,37,13.513513513513514,-3292.4049999999947,0.17104946780721655,3333.314999999991,1707.5950000000053
BREAKDOWN,25.0,15.0,12.0,300.0,37,35.13513513513514,-1368.3350000000019,0.5194162055467844,1579.924999999991,3440.985000000005
BREAKDOWN,25.0,15.0,12.0,500.0,37,27.027027027027028,-2566.0749999999803,0.24607809004197548,2586.9849999999765,2433.9250000000197
BREAKDOWN,25.0,15.0,12.0,800.0,37,18.91891891891892,-3597.749999999994,0.09541427650113872,3618.6599999999903,1402.250000000006
BREAKDOWN,25.0,15.0,12.0,1000.0,37,16.216216216216218,-3975.7499999999914,0.05690923841106637,3996.6599999999876,1024.2500000000086
BREAKDOWN,25.0,15.0,15.0,300.0,37,27.027027027027028,-2377.1100000000138,0.2871079575103606,2368.02000000001,2622.8899999999862
BREAKDOWN,25.0,15.0,15.0,500.0,37,18.91891891891892,-3544.6049999999855,0.10446352777104159,3535.5149999999817,1455.3950000000145
BREAKDOWN,25.0,15.0,15.0,800.0,37,18.91891891891892,-4134.25,0.05423412809617316,4125.159999999996,865.75
BREAKDOWN,25.0,15.0,15.0,1000.0,37,18.91891891891892,-4134.25,0.05423412809617316,4125.159999999996,865.75
BREAKDOWN,25.0,20.0,8.0,300.0,37,24.324324324324326,-1030.880000000011,0.6029908168904469,1199.0550000000003,3861.854999999996
BREAKDOWN,25.0,20.0,8.0,500.0,37,18.91891891891892,-1483.2249999999908,0.46773235628172805,1544.134999999987,3516.775000000009
BREAKDOWN,25.0,20.0,8.0,800.0,37,16.216216216216218,-1705.0899999999797,0.4203558249465068,1765.999999999976,3294.9100000000203
BREAKDOWN,25.0,20.0,8.0,1000.0,37,16.216216216216218,-493.27000000000453,0.8323132021015649,1227.3800000000024,3833.529999999994
BREAKDOWN,25.0,20.0,10.0,300.0,37,27.027027027027028,-1421.4650000000054,0.5272459695188353,1462.3750000000018,3578.5349999999944
BREAKDOWN,25.0,20.0,10.0,500.0,37,21.62162162162162,-1953.8099999999852,0.39637138818732115,1994.7199999999812,3046.190000000015
BREAKDOWN,25.0,20.0,10.0,800.0,37,18.91891891891892,-2185.6749999999743,0.3612452601354641,2226.5849999999705,2814.3250000000257
BREAKDOWN,25.0,20.0,10.0,1000.0,37,13.513513513513514,-3292.4049999999947,0.17104946780721655,3333.314999999991,1707.5950000000053
BREAKDOWN,25.0,20.0,12.0,300.0,37,35.13513513513514,-1368.3350000000019,0.5194162055467844,1579.924999999991,3440.985000000005
BREAKDOWN,25.0,20.0,12.0,500.0,37,27.027027027027028,-2566.0749999999803,0.24607809004197548,2586.9849999999765,2433.9250000000197
BREAKDOWN,25.0,20.0,12.0,800.0,37,18.91891891891892,-3597.749999999994,0.09541427650113872,3618.6599999999903,1402.250000000006
BREAKDOWN,25.0,20.0,12.0,1000.0,37,16.216216216216218,-3975.7499999999914,0.05690923841106637,3996.6599999999876,1024.2500000000086
BREAKDOWN,25.0,20.0,15.0,300.0,37,27.027027027027028,-2427.1100000000138,0.28286639522996193,2418.02000000001,2572.8899999999862
BREAKDOWN,25.0,20.0,15.0,500.0,37,18.91891891891892,-3594.6049999999855,0.10316036606055874,3585.5149999999817,1405.3950000000145
BREAKDOWN,25.0,20.0,15.0,800.0,37,18.91891891891892,-4184.25,0.05362080371834329,4175.159999999996,815.75
BREAKDOWN,25.0,20.0,15.0,1000.0,37,18.91891891891892,-4184.25,0.05362080371834329,4175.159999999996,815.75
BREAKDOWN,25.0,25.0,8.0,300.0,37,24.324324324324326,-1030.880000000011,0.6029908168904469,1199.0550000000003,3861.854999999996
BREAKDOWN,25.0,25.0,8.0,500.0,37,18.91891891891892,-1483.2249999999908,0.46773235628172805,1544.134999999987,3516.775000000009
BREAKDOWN,25.0,25.0,8.0,800.0,37,16.216216216216218,-1705.0899999999797,0.4203558249465068,1765.999999999976,3294.9100000000203
BREAKDOWN,25.0,25.0,8.0,1000.0,37,16.216216216216218,-493.27000000000453,0.8323132021015649,1227.3800000000024,3833.529999999994
BREAKDOWN,25.0,25.0,10.0,300.0,37,27.027027027027028,-1421.4650000000054,0.5272459695188353,1462.3750000000018,3578.5349999999944
BREAKDOWN,25.0,25.0,10.0,500.0,37,21.62162162162162,-1953.8099999999852,0.39637138818732115,1994.7199999999812,3046.190000000015
BREAKDOWN,25.0,25.0,10.0,800.0,37,18.91891891891892,-2185.6749999999743,0.3612452601354641,2226.5849999999705,2814.3250000000257
BREAKDOWN,25.0,25.0,10.0,1000.0,37,13.513513513513514,-3292.4049999999947,0.17104946780721655,3333.314999999991,1707.5950000000053
BREAKDOWN,25.0,25.0,12.0,300.0,37,35.13513513513514,-1368.3350000000019,0.5194162055467844,1579.924999999991,3440.985000000005
BREAKDOWN,25.0,25.0,12.0,500.0,37,27.027027027027028,-2566.0749999999803,0.24607809004197548,2586.9849999999765,2433.9250000000197
BREAKDOWN,25.0,25.0,12.0,800.0,37,18.91891891891892,-3597.749999999994,0.09541427650113872,3618.6599999999903,1402.250000000006
BREAKDOWN,25.0,25.0,12.0,1000.0,37,16.216216216216218,-3975.7499999999914,0.05690923841106637,3996.6599999999876,1024.2500000000086
BREAKDOWN,25.0,25.0,15.0,300.0,37,27.027027027027028,-2469.785000000013,0.2793441168789666,2460.6950000000093,2530.214999999987
BREAKDOWN,25.0,25.0,15.0,500.0,37,18.91891891891892,-3637.2799999999847,0.1020735640639842,3628.189999999981,1362.7200000000153
BREAKDOWN,25.0,25.0,15.0,800.0,37,18.91891891891892,-4226.924999999999,0.05310819892473212,4217.8349999999955,773.0750000000007
BREAKDOWN,25.0,25.0,15.0,1000.0,37,18.91891891891892,-4226.924999999999,0.05310819892473212,4217.8349999999955,773.0750000000007
BREAKDOWN,25.0,30.0,8.0,300.0,37,24.324324324324326,-1030.880000000011,0.6029908168904469,1199.0550000000003,3861.854999999996
BREAKDOWN,25.0,30.0,8.0,500.0,37,18.91891891891892,-1483.2249999999908,0.46773235628172805,1544.134999999987,3516.775000000009
BREAKDOWN,25.0,30.0,8.0,800.0,37,16.216216216216218,-1705.0899999999797,0.4203558249465068,1765.999999999976,3294.9100000000203
BREAKDOWN,25.0,30.0,8.0,1000.0,37,16.216216216216218,-493.27000000000453,0.8323132021015649,1227.3800000000024,3833.529999999994
BREAKDOWN,25.0,30.0,10.0,300.0,37,27.027027027027028,-1421.4650000000054,0.5272459695188353,1462.3750000000018,3578.5349999999944
BREAKDOWN,25.0,30.0,10.0,500.0,37,21.62162162162162,-1953.8099999999852,0.39637138818732115,1994.7199999999812,3046.190000000015
BREAKDOWN,25.0,30.0,10.0,800.0,37,18.91891891891892,-2185.6749999999743,0.3612452601354641,2226.5849999999705,2814.3250000000257
BREAKDOWN,25.0,30.0,10.0,1000.0,37,13.513513513513514,-3292.4049999999947,0.17104946780721655,3333.314999999991,1707.5950000000053
BREAKDOWN,25.0,30.0,12.0,300.0,37,35.13513513513514,-1368.3350000000019,0.5194162055467844,1579.924999999991,3440.985000000005
BREAKDOWN,25.0,30.0,12.0,500.0,37,27.027027027027028,-2566.0749999999803,0.24607809004197548,2586.9849999999765,2433.9250000000197
BREAKDOWN,25.0,30.0,12.0,800.0,37,18.91891891891892,-3597.749999999994,0.09541427650113872,3618.6599999999903,1402.250000000006
BREAKDOWN,25.0,30.0,12.0,1000.0,37,16.216216216216218,-3975.7499999999914,0.05690923841106637,3996.6599999999876,1024.2500000000086
BREAKDOWN,25.0,30.0,15.0,300.0,37,27.027027027027028,-2494.785000000013,0.2773211360505882,2485.6950000000093,2505.214999999987
BREAKDOWN,25.0,30.0,15.0,500.0,37,18.91891891891892,-3662.2799999999847,0.10144746188129668,3653.189999999981,1337.7200000000153
BREAKDOWN,25.0,30.0,15.0,800.0,37,18.91891891891892,-4251.924999999999,0.05281243038538743,4242.8349999999955,748.0750000000007
BREAKDOWN,25.0,30.0,15.0,1000.0,37,18.91891891891892,-4251.924999999999,0.05281243038538743,4242.8349999999955,748.0750000000007
