time,open,high,low,close,tick_volume,spread,real_volume
2014-01-14,1253.967,1255.028,1241.646,1243.309,68832,0,0
2014-01-15,1243.3,1243.919,1234.216,1240.926,78349,0,0
2014-01-16,1240.921,1245.04,1236.312,1241.981,72621,0,0
2014-01-17,1241.983,1254.789,1237.708,1253.669,76228,0,0
2014-01-19,1253.814,1260.701,1251.23,1256.148,3730,0,0
2014-01-20,1256.135,1258.051,1251.832,1255.17,30868,0,0
2014-01-21,1255.171,1255.175,1235.572,1242.842,79806,0,0
2014-01-22,1242.821,1243.498,1235.523,1236.97,51658,0,0
2014-01-23,1236.939,1265.188,1231.36,1262.493,101321,0,0
2014-01-24,1262.488,1272.425,1256.864,1269.783,103553,0,0
2014-01-26,1269.189,1278.654,1266.663,1275.328,4026,0,0
2014-01-27,1275.332,1276.315,1251.934,1257.931,92653,0,0
2014-01-28,1257.928,1261.174,1247.776,1252.49,78000,0,0
2014-01-29,1252.474,1269.933,1250.861,1266.592,84614,0,0
2014-01-30,1266.596,1267.48,1237.949,1244.695,86551,0,0
2014-01-31,1244.639,1254.823,1238.433,1243.995,73264,0,0
2014-02-02,1243.734,1243.908,1241.855,1243.555,2134,0,0
2014-02-03,1243.563,1266.152,1240.72,1259.562,86327,0,0
2014-02-04,1259.566,1260.697,1247.24,1252.813,70580,0,0
2014-02-05,1252.81,1274.076,1252.114,1258.916,76845,0,0
2014-02-06,1258.905,1266.872,1252.749,1256.432,63156,0,0
2014-02-07,1256.44,1271.628,1255.152,1267.011,77777,0,0
2014-02-09,1266.683,1269.68,1265.08,1267.262,2215,0,0
2014-02-10,1267.252,1277.743,1264.936,1273.779,69231,0,0
2014-02-11,1273.784,1293.633,1273.624,1286.769,86855,0,0
2014-02-12,1286.767,1296.123,1283.916,1291.676,55848,0,0
2014-02-13,1291.684,1302.732,1286.177,1300.285,84540,0,0
2014-02-14,1300.303,1321.032,1299.777,1318.291,90615,0,0
2014-02-16,1318.293,1324.007,1318.293,1323.363,3558,0,0
2014-02-17,1323.359,1339.823,1320.987,1328.289,43582,0,0
2014-02-18,1328.268,1329.02,1312.541,1320.415,88976,0,0
2014-02-19,1320.437,1322.206,1308.815,1311.737,60314,0,0
2014-02-20,1311.715,1324.834,1306.939,1320.551,104572,0,0
2014-02-21,1320.561,1328.311,1316.005,1323.959,83443,0,0
2014-02-23,1323.031,1325.576,1323.007,1323.905,1530,0,0
2014-02-24,1324.038,1338.832,1318.703,1335.491,99135,0,0
2014-02-25,1335.542,1343.487,1331.148,1340.904,87395,0,0
2014-02-26,1340.941,1345.266,1322.214,1330.558,103318,0,0
2014-02-27,1330.563,1336.036,1323.788,1331.258,83789,0,0
2014-02-28,1331.246,1333.156,1319.586,1326.199,100594,0,0
2014-03-02,1326.025,1338.095,1326.025,1338.095,5236,0,0
2014-03-03,1338.101,1354.593,1336.105,1350.413,119256,0,0
2014-03-04,1350.43,1352.365,1331.18,1336.15,112589,0,0
2014-03-05,1336.129,1341.61,1332.572,1335.862,80089,0,0
2014-03-06,1335.869,1353.407,1331.099,1349.627,101338,0,0
2014-03-07,1349.629,1352.846,1328.279,1339.152,116765,0,0
2014-03-09,1339.605,1341.368,1336.333,1338.105,4772,0,0
2014-03-10,1338.113,1344.507,1328.011,1340.294,100710,0,0
2014-03-11,1340.311,1352.423,1337.629,1347.481,87965,0,0
2014-03-12,1347.427,1370.711,1345.316,1366.127,117213,0,0
2014-03-13,1366.146,1374.859,1364.405,1373.183,111322,0,0
2014-03-14,1373.192,1387.789,1367.757,1382.254,97382,0,0
2014-03-16,1382.194,1391.931,1381.943,1386.463,5660,0,0
2014-03-17,1386.473,1388.324,1361.867,1366.322,111849,0,0
2014-03-18,1366.319,1367.395,1350.632,1356.051,105258,0,0
2014-03-19,1356.009,1359.511,1325.66,1328.228,122867,0,0
2014-03-20,1328.175,1334.518,1320.384,1330.885,117794,0,0
2014-03-21,1330.88,1342.306,1329.072,1333.495,88186,0,0
2014-03-23,1333.981,1334.629,1329.409,1332.178,3812,0,0
2014-03-24,1332.178,1334.054,1307.861,1311.184,103998,0,0
2014-03-25,1311.207,1317.218,1305.237,1309.683,107846,0,0
2014-03-26,1309.683,1316.188,1298.573,1306.216,80369,0,0
2014-03-27,1306.201,1306.631,1288.995,1293.051,112100,0,0
2014-03-28,1293.049,1298.599,1285.657,1294.133,97380,0,0
2014-03-30,1293.855,1297.763,1292.333,1295.929,3551,0,0
2014-03-31,1295.907,1298.402,1282.36,1284.364,96721,0,0
2014-04-01,1284.351,1287.851,1277.614,1281.063,93367,0,0
2014-04-02,1281.045,1294.371,1280.391,1290.696,91814,0,0
2014-04-03,1290.69,1293.793,1281.538,1284.888,84599,0,0
2014-04-04,1284.882,1306.564,1284.122,1302.55,91097,0,0
2014-04-06,1304.682,1304.682,1300.678,1303.659,2932,0,0
2014-04-07,1303.708,1304.004,1295.548,1298.369,81353,0,0
2014-04-08,1298.369,1314.243,1296.847,1309.632,96307,0,0
2014-04-09,1309.635,1314.931,1300.82,1310.915,95537,0,0
2014-04-10,1310.919,1324.362,1310.756,1318.196,106068,0,0
2014-04-11,1318.189,1323.723,1313.962,1317.594,86974,0,0
2014-04-13,1319.744,1328.395,1319.188,1326.327,4614,0,0
2014-04-14,1326.345,1331.036,1318.684,1325.538,85671,0,0
2014-04-15,1325.518,1326.495,1285.745,1302.631,117612,0,0
2014-04-16,1302.564,1306.901,1293.391,1303.526,97136,0,0
2014-04-17,1303.527,1304.055,1293.104,1294.405,62495,0,0
2014-04-18,1294.718,1294.871,1294.718,1294.871,2,0,0
2014-04-20,1298.182,1298.182,1290.55,1291.529,3922,0,0
2014-04-21,1291.528,1301.362,1281.856,1289.486,72533,0,0
2014-04-22,1289.483,1292.667,1276.65,1284.631,85581,0,0
2014-04-23,1284.648,1288.807,1280.824,1283.913,41325,0,0
2014-04-24,1283.877,1298.284,1268.438,1291.383,109002,0,0
2014-04-25,1291.392,1304.92,1290.285,1301.967,88739,0,0
2014-04-27,1302.282,1305.043,1302.282,1303.933,3766,0,0
2014-04-28,1303.96,1306.285,1291.914,1296.386,86548,0,0
2014-04-29,1296.368,1301.097,1286.235,1295.914,83812,0,0
2014-04-30,1295.929,1297.807,1284.656,1291.53,79489,0,0
2014-05-01,1291.566,1291.729,1277.24,1283.95,66458,0,0
2014-05-02,1283.973,1304.486,1273.942,1298.981,90836,0,0
2014-05-04,1300.495,1302.352,1299.266,1300.277,3379,0,0
2014-05-05,1300.294,1315.443,1299.998,1310.882,57574,0,0
2014-05-06,1310.879,1313.928,1304.255,1307.303,76110,0,0
2014-05-07,1307.294,1314.395,1286.534,1290.282,92619,0,0
2014-05-08,1290.261,1295.198,1284.985,1290.761,87034,0,0
2014-05-09,1290.764,1294.222,1285.389,1288.003,73449,0,0
2014-05-11,1289.55,1289.585,1277.364,1283.212,2894,0,0
2014-05-12,1283.199,1303.617,1281.996,1295.428,85212,0,0
2014-05-13,1295.469,1298.465,1288.967,1294.855,88461,0,0
2014-05-14,1294.853,1308.914,1291.42,1305.115,78450,0,0
2014-05-15,1305.147,1306.93,1290.831,1296.958,74288,0,0
2014-05-16,1296.985,1298.103,1287.699,1292.942,67085,0,0
2014-05-18,1292.812,1292.812,1288.55,1292.571,3039,0,0
2014-05-19,1292.565,1305.25,1291.516,1293.347,81841,0,0
2014-05-20,1293.332,1296.756,1285.478,1294.63,92598,0,0
2014-05-21,1294.629,1296.13,1283.265,1291.457,82767,0,0
2014-05-22,1291.457,1303.53,1289.937,1293.872,86577,0,0
2014-05-23,1293.915,1295.388,1286.567,1292.254,72533,0,0
2014-05-25,1292.242,1293.41,1290.744,1291.285,2387,0,0
2014-05-26,1291.297,1293.978,1290.962,1292.186,40403,0,0
2014-05-27,1292.148,1293.222,1263.009,1263.271,102161,0,0
2014-05-28,1263.279,1266.97,1255.863,1257.466,83772,0,0
2014-05-29,1257.447,1260.221,1251.327,1256.745,91280,0,0
2014-05-30,1256.75,1260.247,1242.173,1249.322,82801,0,0
2014-06-01,1249.224,1250.567,1246.931,1246.937,2793,0,0
2014-06-02,1246.942,1250.547,1240.928,1244.902,72769,0,0
2014-06-03,1244.881,1247.548,1240.333,1245.306,36538,0,0
2014-06-04,1245.321,1248.866,1242.746,1244.155,72908,0,0
2014-06-05,1244.15,1257.301,1240.935,1252.652,80881,0,0
2014-06-06,1252.648,1257.529,1245.859,1252.945,75717,0,0
2014-06-08,1252.741,1253.993,1251.524,1253.955,2620,0,0
2014-06-09,1253.936,1256.909,1250.139,1251.982,59197,0,0
2014-06-10,1251.963,1263.406,1251.123,1259.714,68774,0,0
2014-06-11,1259.711,1265.111,1258.454,1261.27,62636,0,0
2014-06-12,1261.269,1274.712,1259.734,1272.612,86059,0,0
2014-06-13,1272.618,1277.777,1270.649,1276.829,80078,0,0
2014-06-15,1277.203,1278.796,1277.148,1278.294,1800,0,0
2014-06-16,1278.288,1284.752,1270.517,1271.916,82123,0,0
2014-06-17,1271.906,1273.121,1258.509,1270.774,79961,0,0
2014-06-18,1270.792,1278.446,1266.248,1278.423,52233,0,0
2014-06-19,1278.431,1321.766,1275.851,1314.404,119041,0,0
2014-06-20,1314.425,1319.609,1306.323,1314.459,111397,0,0
2014-06-22,1313.333,1314.071,1312.701,1313.56,1311,0,0
2014-06-23,1313.525,1318.34,1309.876,1314.079,83690,0,0
2014-06-24,1314.095,1325.736,1313.957,1318.15,71704,0,0
2014-06-25,1318.158,1324.697,1307.239,1318.381,88321,0,0
2014-06-26,1318.382,1319.647,1306.138,1315.665,87768,0,0
2014-06-27,1315.701,1322.19,1312.621,1315.854,81609,0,0
2014-06-29,1315.335,1315.878,1314.753,1314.773,904,0,0
2014-06-30,1314.765,1329.297,1310.249,1326.23,88513,0,0
2014-07-01,1326.233,1332.379,1323.655,1325.423,94090,0,0
2014-07-02,1325.413,1331.826,1321.212,1325.516,84155,0,0
2014-07-03,1325.521,1326.476,1308.316,1319.808,93357,0,0
2014-07-04,1319.767,1323.019,1318.579,1320.081,38767,0,0
2014-07-06,1317.922,1318.209,1316.932,1317.344,751,0,0
2014-07-07,1317.343,1319.695,1311.188,1317.866,54054,0,0
2014-07-08,1317.884,1324.656,1313.346,1317.891,62849,0,0
2014-07-09,1317.889,1332.023,1317.688,1327.06,81561,0,0
2014-07-10,1327.036,1344.889,1327.01,1335.992,90634,0,0
2014-07-11,1335.993,1339.043,1333.646,1338.508,42146,0,0
2014-07-13,1338.594,1338.938,1337.97,1338.564,1047,0,0
2014-07-14,1338.58,1338.647,1302.178,1308.969,116491,0,0
2014-07-15,1308.968,1313.624,1292.053,1295.419,104981,0,0
2014-07-16,1295.362,1303.631,1294.84,1299.078,85131,0,0
2014-07-17,1299.062,1324.449,1298.755,1319.571,109488,0,0
2014-07-18,1319.558,1319.971,1304.454,1310.655,81147,0,0
2014-07-20,1310.409,1312.025,1310.057,1310.551,615,0,0
2014-07-21,1310.538,1318.235,1307.245,1311.057,29502,0,0
2014-07-22,1311.038,1315.461,1301.88,1307.657,81611,0,0
2014-07-23,1307.671,1311.052,1303.019,1304.108,67955,0,0
2014-07-24,1304.111,1304.652,1287.587,1292.74,43719,0,0
2014-07-25,1292.777,1308.377,1290.788,1306.889,72442,0,0
2014-07-27,1307.072,1307.921,1305.767,1305.767,1411,0,0
2014-07-28,1305.776,1309.109,1301.257,1304.208,74021,0,0
2014-07-29,1304.208,1312.025,1296.038,1299.211,88409,0,0
2014-07-30,1299.208,1303.419,1291.728,1295.485,62305,0,0
2014-07-31,1295.45,1297.154,1280.418,1282.943,80389,0,0
2014-08-01,1282.878,1297.004,1280.247,1293.382,85231,0,0
2014-08-03,1292.952,1294.04,1292.798,1293.935,538,0,0
2014-08-04,1293.893,1295.292,1286.021,1288.414,66769,0,0
2014-08-05,1288.395,1293.786,1282.394,1288.347,78018,0,0
2014-08-06,1288.34,1309.387,1287.861,1305.947,94197,0,0
2014-08-07,1306.004,1314.319,1301.891,1311.036,41027,0,0
2014-08-08,1311.039,1322.545,1305.858,1309.346,96543,0,0
2014-08-10,1310.128,1311.261,1309.31,1309.48,1051,0,0
2014-08-11,1309.531,1311.177,1305.041,1307.592,59624,0,0
2014-08-12,1307.591,1317.772,1305.578,1308.554,56559,0,0
2014-08-13,1308.539,1314.804,1304.759,1311.531,76827,0,0
2014-08-14,1311.511,1319.181,1308.664,1312.809,63115,0,0
2014-08-15,1312.816,1314.97,1292.517,1304.486,45400,0,0
2014-08-17,1302.392,1302.596,1301.32,1301.585,998,0,0
2014-08-18,1301.586,1303.545,1295.484,1297.94,65183,0,0
2014-08-19,1297.974,1302.143,1293.833,1294.641,31663,0,0
2014-08-20,1294.636,1297.802,1287.79,1290.129,71961,0,0
2014-08-21,1290.094,1290.412,1272.873,1277.528,85166,0,0
2014-08-22,1277.523,1282.754,1274.069,1279.83,61807,0,0
2014-08-24,1277.513,1280.388,1276.389,1277.065,20,0,0
2014-08-25,1277.989,1280.716,1274.321,1276.045,52891,0,0
2014-08-26,1276.032,1290.712,1275.701,1280.919,68205,0,0
2014-08-27,1280.913,1287.202,1280.606,1283.25,48612,0,0
2014-08-28,1283.264,1296.338,1282.907,1290.287,65994,0,0
2014-08-29,1290.299,1291.143,1283.17,1286.91,44504,0,0
2014-08-31,1285.893,1287.279,1285.647,1286.577,711,0,0
2014-09-01,1286.575,1289.779,1284.715,1286.297,26857,0,0
2014-09-02,1286.292,1286.475,1262.362,1266.688,68928,0,0
2014-09-03,1266.685,1271.334,1261.178,1269.055,58563,0,0
2014-09-04,1269.062,1277.003,1257.14,1258.856,70225,0,0
2014-09-05,1258.847,1273.406,1258.275,1268.524,59923,0,0
2014-09-07,1268.397,1268.401,1266.713,1266.756,1066,0,0
2014-09-08,1266.749,1271.638,1251.333,1255.962,62374,0,0
2014-09-09,1255.958,1258.004,1247.443,1254.826,68153,0,0
2014-09-10,1254.825,1257.603,1243.6,1248.796,71648,0,0
2014-09-11,1248.789,1249.972,1234.849,1240.294,73156,0,0
2014-09-12,1240.327,1240.518,1227.49,1229.28,68872,0,0
2014-09-14,1227.034,1228.538,1226.055,1228.133,1254,0,0
2014-09-15,1228.154,1238.463,1227.724,1233.196,58456,0,0
2014-09-16,1233.213,1241.896,1231.628,1234.946,69388,0,0
2014-09-17,1234.942,1239.041,1216.056,1219.587,72055,0,0
2014-09-18,1219.6,1227.716,1215.687,1224.702,79294,0,0
2014-09-19,1224.704,1228.425,1213.71,1214.915,85419,0,0
2014-09-21,1214.844,1216.256,1214.66,1215.933,749,0,0
2014-09-22,1215.954,1220.279,1208.126,1214.798,73075,0,0
2014-09-23,1214.806,1235.334,1214.112,1221.764,91422,0,0
2014-09-24,1221.757,1225.88,1214.892,1215.595,68661,0,0
2014-09-25,1215.614,1224.301,1206.69,1222.527,83741,0,0
2014-09-26,1222.529,1231.111,1212.305,1217.855,67140,0,0
2014-09-28,1216.805,1217.638,1216.049,1216.585,1006,0,0
2014-09-29,1216.58,1223.188,1214.686,1216.335,73809,0,0
2014-09-30,1216.301,1219.908,1204.462,1207.831,86634,0,0
2014-10-01,1207.83,1219.175,1204.529,1215.06,84083,0,0
2014-10-02,1215.047,1222.14,1208.644,1213.213,83135,0,0
2014-10-03,1213.22,1213.413,1189.93,1190.821,67368,0,0
2014-10-05,1185.645,1188.716,1185.645,1186.178,1914,0,0
2014-10-06,1186.179,1208.841,1182.778,1206.512,50353,0,0
2014-10-07,1206.55,1213.288,1202.817,1209.899,73947,0,0
2014-10-08,1209.926,1223.907,1204.865,1219.624,86956,0,0
2014-10-09,1219.632,1233.136,1218.868,1223.319,83860,0,0
2014-10-10,1223.317,1225.324,1217.273,1222.889,74635,0,0
2014-10-12,1229.844,1232.004,1229.839,1230.856,1949,0,0
2014-10-13,1230.886,1237.585,1224.948,1235.226,66222,0,0
2014-10-14,1235.33,1237.984,1228.644,1229.107,76996,0,0
2014-10-15,1229.108,1249.37,1221.751,1239.992,102537,0,0
2014-10-16,1240.005,1244.991,1235.363,1238.333,107980,0,0
2014-10-17,1238.349,1241.591,1231.611,1237.997,75614,0,0
2014-10-19,1236.164,1236.436,1234.49,1234.49,1032,0,0
2014-10-20,1234.477,1248.488,1234.468,1245.548,72238,0,0
2014-10-21,1245.567,1255.06,1245.241,1248.436,84960,0,0
2014-10-22,1248.426,1249.228,1240.381,1242.397,67475,0,0
2014-10-23,1242.392,1244.473,1226.204,1231.291,74143,0,0
2014-10-24,1231.275,1234.055,1228.766,1230.734,63863,0,0
2014-10-26,1228.114,1228.328,1227.269,1227.868,627,0,0
2014-10-27,1227.895,1231.85,1225.198,1226.036,64263,0,0
2014-10-28,1226.032,1235.328,1222.39,1228.847,73013,0,0
2014-10-29,1228.883,1230.409,1208.232,1212.43,66960,0,0
2014-10-30,1212.435,1215.471,1195.851,1200.048,94724,0,0
2014-10-31,1200.049,1202.587,1161.127,1171.73,115724,0,0
2014-11-02,1170.916,1170.989,1163.409,1166.219,2512,0,0
2014-11-03,1166.205,1173.719,1161.531,1165.063,72307,0,0
2014-11-04,1165.057,1174.805,1163.793,1168.803,77036,0,0
2014-11-05,1168.798,1169.208,1137.665,1143.333,101629,0,0
2014-11-06,1143.343,1149.4,1138.042,1140.4,84070,0,0
2014-11-07,1140.384,1178.514,1131.425,1177.748,105793,0,0
2014-11-09,1177.516,1177.545,1169.826,1170.371,3639,0,0
2014-11-10,1170.351,1177.08,1147.197,1155.188,104205,0,0
2014-11-11,1155.194,1173.086,1146.019,1161.657,61196,0,0
2014-11-12,1161.637,1169.902,1157.212,1158.689,91952,0,0
2014-11-13,1158.732,1167.796,1153.857,1160.72,96199,0,0
2014-11-14,1160.703,1193.443,1146.779,1188.428,106986,0,0
2014-11-16,1186.726,1187.49,1182.011,1182.011,3082,0,0
2014-11-17,1182.05,1194.037,1181.391,1186.116,65458,0,0
2014-11-18,1186.107,1204.397,1183.293,1194.892,86080,0,0
2014-11-19,1194.913,1202.096,1175.07,1181.97,122826,0,0
2014-11-20,1181.933,1196.988,1176.691,1192.99,101125,0,0
2014-11-21,1192.992,1207.6,1187.146,1201.19,99133,0,0
2014-11-23,1200.965,1204.05,1200.296,1201.425,2739,0,0
2014-11-24,1201.403,1203.512,1192.68,1196.963,71536,0,0
2014-11-25,1197.004,1202.761,1190.306,1201.144,77927,0,0
2014-11-26,1201.165,1201.486,1194.889,1197.469,64898,0,0
2014-11-27,1197.481,1199.488,1185.573,1189.337,65874,0,0
2014-11-28,1189.318,1190.691,1165.163,1167.063,91887,0,0
2014-11-30,1158.327,1159.844,1142.627,1150.723,10097,0,0
2014-12-01,1150.674,1220.862,1146.601,1205.79,191363,0,0
2014-12-02,1205.785,1210.46,1191.878,1197.689,113446,0,0
2014-12-03,1197.661,1214.8,1194.396,1207.915,94356,0,0
2014-12-04,1207.916,1213.177,1201.131,1204.131,86869,0,0
2014-12-05,1204.158,1207.363,1185.957,1191.998,87049,0,0
2014-12-07,1190.466,1190.755,1187.021,1189.177,2461,0,0
2014-12-08,1189.113,1208.728,1188.481,1202.934,80336,0,0
2014-12-09,1202.882,1238.017,1199.259,1229.024,112570,0,0
2014-12-10,1229.023,1238.095,1224.515,1229.472,111026,0,0
2014-12-11,1229.452,1232.51,1215.826,1226.377,67708,0,0
2014-12-12,1226.399,1227.238,1214.393,1222.247,95072,0,0
2014-12-14,1222.039,1223.999,1220.778,1221.735,2206,0,0
2014-12-15,1221.729,1223.946,1190.617,1198.45,110460,0,0
2014-12-16,1198.45,1223.245,1187.314,1197.529,124978,0,0
2014-12-17,1197.519,1202.672,1183.698,1190.288,115944,0,0
2014-12-18,1190.162,1213.65,1189.083,1196.546,95227,0,0
2014-12-19,1196.525,1201.097,1193.593,1195.503,45535,0,0
2014-12-21,1195.427,1195.532,1193.669,1195.425,1572,0,0
2014-12-22,1195.422,1203.113,1170.62,1173.711,71819,0,0
2014-12-23,1173.756,1184.728,1172.521,1178.186,62933,0,0
2014-12-24,1178.181,1180.989,1172.699,1174.917,41475,0,0
2014-12-25,1174.354,1178.847,1174.354,1176.754,1682,0,0
2014-12-26,1175.308,1198.923,1174.574,1195.514,62789,0,0
2014-12-28,1194.789,1196.195,1193.801,1193.801,1285,0,0
2014-12-29,1193.774,1197.235,1178.743,1181.613,40336,0,0
2014-12-30,1181.617,1210.372,1180.579,1199.301,52855,0,0
2014-12-31,1199.305,1203.631,1179.44,1184.046,34320,0,0
2015-01-01,1183.09,1187.38,1183.09,1186.726,1356,0,0
2015-01-02,1184.766,1194.722,1167.226,1188.411,96023,0,0
2015-01-04,1188.115,1188.356,1177.256,1183.744,3413,0,0
2015-01-05,1183.795,1207.267,1182.795,1203.188,53051,0,0
2015-01-06,1203.174,1222.821,1201.538,1215.996,53666,0,0
2015-01-07,1216.116,1218.42,1208.929,1212.244,45481,0,0
2015-01-08,1212.248,1216.24,1204.709,1208.009,42616,0,0
2015-01-09,1208.007,1223.861,1207.179,1222.998,66688,0,0
2015-01-11,1223.055,1226.198,1222.708,1225.442,2252,0,0
2015-01-12,1225.459,1235.757,1217.463,1231.231,75580,0,0
2015-01-13,1231.222,1243.981,1227.214,1232.893,98187,0,0
2015-01-14,1232.902,1244.179,1225.006,1230.741,105409,0,0
2015-01-15,1230.76,1266.53,1225.919,1261.762,100140,0,0
2015-01-16,1261.775,1281.807,1254.919,1280.287,99290,0,0
2015-01-18,1280.045,1281.353,1275.286,1278.426,2508,0,0
2015-01-19,1278.485,1278.946,1272.009,1275.341,68942,0,0
2015-01-20,1275.337,1296.911,1273.918,1291.915,134557,0,0
2015-01-21,1291.927,1304.819,1284.638,1291.666,118796,0,0
2015-01-22,1291.663,1307.178,1279.407,1300.763,118600,0,0
2015-01-23,1300.767,1301.713,1284.3,1294.084,94258,0,0
2015-01-25,1293.783,1297.796,1289.908,1296.816,2715,0,0
2015-01-26,1296.806,1298.97,1275.756,1279.763,106215,0,0
2015-01-27,1279.755,1297.414,1272.178,1293.28,98174,0,0
2015-01-28,1293.277,1293.528,1279.698,1284.85,90132,0,0
2015-01-29,1284.858,1285.724,1251.874,1260.596,99638,0,0
2015-01-30,1260.6,1284.507,1257.034,1283.266,81225,0,0
2015-02-01,1281.812,1282.481,1279.374,1280.555,2142,0,0
2015-02-02,1280.565,1283.189,1266.273,1274.492,92293,0,0
2015-02-03,1274.498,1285.538,1255.371,1261.364,86367,0,0
2015-02-04,1261.373,1273.791,1256.579,1272.308,60651,0,0
2015-02-05,1272.309,1273.586,1256.251,1265.254,84381,0,0
2015-02-06,1265.245,1268.617,1228.355,1232.828,76417,0,0
2015-02-08,1236.036,1238.686,1234.162,1237.816,2377,0,0
2015-02-09,1237.834,1243.443,1235.009,1238.564,39968,0,0
2015-02-10,1238.57,1245.716,1230.909,1233.345,81166,0,0
2015-02-11,1233.347,1238.57,1216.653,1220.396,74497,0,0
2015-02-12,1220.406,1232.332,1219.014,1223.498,76195,0,0
2015-02-13,1223.49,1234.762,1222.789,1229.425,77700,0,0
2015-02-15,1227.513,1229.305,1227.47,1228.863,1540,0,0
2015-02-16,1228.863,1236.44,1228.619,1231.787,28945,0,0
2015-02-17,1231.767,1233.762,1203.681,1209.283,72631,0,0
2015-02-18,1209.277,1214.217,1197.533,1212.996,40919,0,0
2015-02-19,1212.997,1222.871,1205.355,1208.786,43667,0,0
2015-02-20,1208.752,1214.938,1198.239,1201.662,41278,0,0
2015-02-22,1203.335,1203.446,1200.652,1202.228,2077,0,0
2015-02-23,1202.23,1210.116,1189.176,1202.993,68697,0,0
2015-02-24,1202.989,1204.825,1190.457,1204.79,74548,0,0
2015-02-25,1204.797,1211.72,1200.986,1205.454,72496,0,0
2015-02-26,1205.418,1219.828,1203.519,1209.988,84024,0,0
2015-02-27,1209.997,1219.132,1204.373,1212.857,81057,0,0
2015-03-01,1213.676,1215.257,1212.404,1213.943,1948,0,0
2015-03-02,1213.919,1223.072,1204.498,1206.765,57913,0,0
2015-03-03,1206.773,1214.554,1195.222,1204.517,66727,0,0
2015-03-04,1204.496,1208.832,1198.105,1202.03,67658,0,0
2015-03-05,1202.03,1209.231,1196.346,1199.999,67748,0,0
2015-03-06,1199.958,1200.538,1163.694,1167.03,79902,0,0
2015-03-08,1168.106,1170.438,1168.106,1169.595,1722,0,0
2015-03-09,1169.578,1175.194,1165.706,1166.474,66122,0,0
2015-03-10,1166.452,1170.255,1155.011,1163.8,51154,0,0
2015-03-11,1163.802,1165.057,1147.424,1155.428,72974,0,0
2015-03-12,1155.433,1166.354,1148.499,1153.985,72122,0,0
2015-03-13,1153.983,1161.535,1151.349,1158.162,61570,0,0
2015-03-15,1155.866,1156.991,1155.663,1156.751,674,0,0
2015-03-16,1156.755,1163.898,1150.28,1156.303,33651,0,0
2015-03-17,1156.257,1159.521,1142.795,1149.614,38021,0,0
2015-03-18,1149.632,1175.068,1145.81,1171.534,76116,0,0
2015-03-19,1171.53,1177.621,1159.642,1171.782,75747,0,0
2015-03-20,1171.816,1187.806,1168.686,1182.294,69172,0,0
2015-03-22,1185.786,1187.023,1185.405,1186.354,641,0,0
2015-03-23,1186.356,1191.439,1179.241,1189.477,67988,0,0
2015-03-24,1189.479,1194.863,1185.354,1191.659,34794,0,0
2015-03-25,1191.661,1199.545,1186.594,1194.782,34553,0,0
2015-03-26,1194.802,1219.439,1194.351,1203.159,75604,0,0
2015-03-27,1203.147,1205.985,1192.499,1198.111,64650,0,0
2015-03-29,1197.704,1198.042,1196.267,1197.118,979,0,0
2015-03-30,1197.109,1198.172,1182.33,1185.807,61844,0,0
2015-03-31,1185.81,1190.634,1178.413,1183.506,68316,0,0
2015-04-01,1183.499,1208.417,1180.845,1203.781,36987,0,0
2015-04-02,1203.782,1207.208,1194.909,1202.247,64158,0,0
2015-04-03,1202.473,1202.651,1202.473,1202.651,3,0,0
2015-04-05,1216.208,1217.782,1215.683,1217.615,1448,0,0
2015-04-06,1217.607,1224.052,1213.828,1214.628,69807,0,0
2015-04-07,1214.605,1214.679,1207.442,1208.814,32039,0,0
2015-04-08,1208.817,1212.164,1197.394,1201.073,63928,0,0
2015-04-09,1201.066,1202.273,1192.509,1194.32,62047,0,0
2015-04-10,1194.321,1210.581,1193.173,1206.962,58927,0,0
2015-04-12,1207.046,1208.564,1207.046,1207.857,463,0,0
2015-04-13,1207.859,1209.313,1196.238,1199.075,59767,0,0
2015-04-14,1199.074,1201.305,1183.907,1193.787,45847,0,0
2015-04-15,1193.795,1204.805,1188.851,1204.692,38983,0,0
2015-04-16,1204.665,1208.967,1194.645,1198.963,83771,0,0
2015-04-17,1198.965,1207.596,1197.289,1203.553,69770,0,0
2015-04-19,1203.896,1206.493,1203.676,1206.398,1274,0,0
2015-04-20,1206.391,1208.948,1191.282,1195.911,80400,0,0
2015-04-21,1195.91,1204.126,1193.033,1201.715,64897,0,0
2015-04-22,1201.716,1204.625,1185.656,1188.84,78053,0,0
2015-04-23,1188.842,1197.877,1184.202,1193.725,73269,0,0
2015-04-24,1193.704,1195.746,1175.153,1179.21,68622,0,0
2015-04-26,1178.866,1180.09,1178.862,1179.818,683,0,0
2015-04-27,1179.807,1207.095,1178.55,1199.738,80302,0,0
2015-04-28,1199.738,1214.997,1199.149,1211.563,61906,0,0
2015-04-29,1211.569,1213.22,1201.22,1204.61,71285,0,0
2015-04-30,1204.601,1207.038,1176.958,1184.3,78989,0,0
2015-05-01,1184.326,1185.069,1170.069,1178.224,66996,0,0
2015-05-03,1178.171,1178.592,1177.611,1178.407,702,0,0
2015-05-04,1178.408,1192.745,1177.783,1188.28,59619,0,0
2015-05-05,1188.281,1199.736,1185.672,1195.146,58993,0,0
2015-05-06,1195.143,1197.257,1188.187,1190.176,45354,0,0
2015-05-07,1190.163,1191.221,1178.834,1184.077,58842,0,0
2015-05-08,1184.105,1193.333,1181.798,1187.986,72684,0,0
2015-05-10,1188.746,1190.217,1188.325,1189.783,1380,0,0
2015-05-11,1189.774,1191.646,1178.854,1183.633,61878,0,0
2015-05-12,1183.626,1196.828,1180.755,1192.277,71852,0,0
2015-05-13,1192.268,1218.747,1191.152,1213.504,79101,0,0
2015-05-14,1213.497,1227.031,1212.259,1220.999,82402,0,0
2015-05-15,1220.966,1226.053,1210.942,1223.911,68231,0,0
2015-05-17,1225.165,1225.232,1223.36,1223.638,1538,0,0
2015-05-18,1223.679,1232.227,1221.516,1224.095,63296,0,0
2015-05-19,1224.07,1224.557,1205.745,1209.339,72305,0,0
2015-05-20,1209.366,1213.092,1203.255,1209.839,34689,0,0
2015-05-21,1209.859,1212.625,1201.452,1205.817,54285,0,0
2015-05-22,1205.811,1214.746,1201.506,1205.767,52576,0,0
2015-05-24,1204.983,1204.983,1203.322,1203.871,575,0,0
2015-05-25,1203.86,1209.094,1202.761,1206.761,33307,0,0
2015-05-26,1206.745,1206.874,1185.456,1188.215,67161,0,0
2015-05-27,1188.22,1190.77,1183.51,1187.386,59432,0,0
2015-05-28,1187.39,1192.036,1180.36,1188.667,35772,0,0
2015-05-29,1188.692,1193.277,1185.609,1190.302,54112,0,0
2015-05-31,1193.505,1193.505,1190.856,1191.187,926,0,0
2015-06-01,1191.164,1204.168,1184.497,1188.891,67061,0,0
2015-06-02,1188.913,1195.978,1185.886,1193.482,61065,0,0
2015-06-03,1193.499,1195.301,1179.387,1185.483,59824,0,0
2015-06-04,1185.483,1186.081,1172.845,1177.658,73350,0,0
2015-06-05,1177.66,1178.414,1162.671,1171.494,76443,0,0
2015-06-07,1170.944,1171.195,1169.497,1171.186,1395,0,0
2015-06-08,1171.18,1177.46,1169.52,1173.351,70321,0,0
2015-06-09,1173.36,1182.834,1173.076,1177.148,58254,0,0
2015-06-10,1177.157,1192.171,1175.185,1186.222,65509,0,0
2015-06-11,1186.212,1187.816,1175.701,1181.564,61914,0,0
2015-06-12,1181.557,1184.157,1176.687,1181.321,53211,0,0
2015-06-14,1183.635,1185.677,1183.488,1183.86,850,0,0
2015-06-15,1183.849,1190.233,1172.737,1185.868,69901,0,0
2015-06-16,1185.87,1187.764,1176.034,1182.08,59885,0,0
2015-06-17,1182.072,1189.042,1174.518,1184.866,52373,0,0
2015-06-18,1184.865,1205.573,1183.95,1200.316,39200,0,0
2015-06-19,1200.321,1204.04,1198.283,1199.837,53369,0,0
2015-06-21,1198.476,1199.239,1198.052,1198.813,588,0,0
2015-06-22,1198.842,1199.916,1182.097,1185.629,52472,0,0
2015-06-23,1185.639,1187.95,1176.207,1178.634,29335,0,0
2015-06-24,1178.636,1180.029,1170.552,1175.345,28398,0,0
2015-06-25,1175.325,1177.949,1171.338,1174.322,29808,0,0
2015-06-26,1174.329,1178.52,1168.761,1174.609,28921,0,0
2015-06-28,1185.046,1187.299,1183.114,1185.65,1701,0,0
2015-06-29,1185.624,1187.001,1173.807,1178.971,72285,0,0
2015-06-30,1178.979,1180.374,1166.78,1172.516,60878,0,0
2015-07-01,1172.506,1174.993,1167.565,1168.149,73489,0,0
2015-07-02,1168.15,1169.538,1156.976,1165.845,66267,0,0
2015-07-03,1165.844,1169.962,1165.352,1168.528,21274,0,0
2015-07-05,1174.345,1174.345,1171.701,1173.096,2652,0,0
2015-07-06,1173.078,1174.237,1162.77,1169.348,67996,0,0
2015-07-07,1169.345,1169.783,1147.876,1154.423,97097,0,0
2015-07-08,1154.427,1164.578,1147.132,1156.743,110689,0,0
2015-07-09,1156.718,1167.604,1155.943,1158.018,87048,0,0
2015-07-10,1158.006,1165.272,1157.754,1163.17,73849,0,0
2015-07-12,1162.899,1162.965,1161.658,1162.364,1073,0,0
2015-07-13,1162.375,1164.111,1151.077,1156.503,78026,0,0
2015-07-14,1156.494,1159.516,1152.858,1156.095,70686,0,0
2015-07-15,1156.095,1156.407,1143.155,1147.968,74699,0,0
2015-07-16,1147.969,1148.723,1142.303,1144.521,84865,0,0
2015-07-17,1144.524,1145.609,1131.088,1134.344,42904,0,0
2015-07-19,1131.787,1132.701,1131.721,1132.118,1089,0,0
2015-07-20,1132.121,1132.828,1085.908,1099.282,134123,0,0
2015-07-21,1099.29,1109.706,1098.24,1099.486,52075,0,0
2015-07-22,1099.509,1102.545,1086.957,1094.004,56165,0,0
2015-07-23,1094.037,1105.612,1087.172,1090.866,99363,0,0
2015-07-24,1090.856,1101.351,1077.035,1098.873,109364,0,0
2015-07-26,1097.191,1097.531,1095.324,1097.064,1438,0,0
2015-07-27,1097.116,1104.891,1088.374,1094.181,98296,0,0
2015-07-28,1094.183,1098.868,1091.523,1095.792,86454,0,0
2015-07-29,1095.813,1101.671,1090.398,1097.471,102093,0,0
2015-07-30,1097.475,1098.513,1082.478,1088.922,97373,0,0
2015-07-31,1088.939,1103.308,1079.928,1095.192,92037,0,0
2015-08-02,1094.678,1094.958,1092.718,1093.145,1481,0,0
2015-08-03,1093.152,1097.596,1083.76,1084.193,83966,0,0
2015-08-04,1084.177,1094.611,1080.935,1085.721,94399,0,0
2015-08-05,1085.72,1092.426,1082.863,1084.923,93162,0,0
2015-08-06,1084.926,1093.874,1083.414,1089.219,78242,0,0
2015-08-07,1089.236,1099.408,1082.699,1093.926,77037,0,0
2015-08-09,1093.068,1093.068,1091.752,1091.752,2011,0,0
2015-08-10,1091.754,1108.759,1089.633,1105.682,88006,0,0
2015-08-11,1105.652,1119.233,1093.792,1108.546,112123,0,0
2015-08-12,1108.547,1125.612,1101.735,1123.978,118358,0,0
2015-08-13,1123.986,1126.468,1113.524,1114.247,56735,0,0
2015-08-14,1114.291,1120.968,1111.75,1114.75,47434,0,0
2015-08-16,1114.347,1114.821,1114.133,1114.275,1121,0,0
2015-08-17,1114.277,1122.693,1113.837,1116.973,80193,0,0
2015-08-18,1116.965,1121.072,1109.468,1117.603,82604,0,0
2015-08-19,1117.572,1134.5,1116.135,1133.648,94639,0,0
2015-08-20,1133.641,1155.631,1133.215,1155.615,107077,0,0
2015-08-21,1155.604,1168.079,1148.887,1159.948,68653,0,0
2015-08-23,1161.588,1163.04,1160.357,1162.764,1599,0,0
2015-08-24,1162.832,1169.82,1145.706,1153.614,106821,0,0
2015-08-25,1153.61,1156.403,1134.559,1146.05,80028,0,0
2015-08-26,1146.048,1146.085,1117.672,1124.299,133354,0,0
2015-08-27,1124.309,1129.159,1118.159,1126.721,125890,0,0
2015-08-28,1126.726,1140.768,1123.707,1133.358,116987,0,0
2015-08-30,1132.589,1132.83,1131.31,1132.313,960,0,0
2015-08-31,1132.318,1136.538,1125.685,1134.728,54530,0,0
2015-09-01,1134.711,1147.685,1134.282,1139.304,112389,0,0
2015-09-02,1139.302,1142.326,1132.03,1132.994,62669,0,0
2015-09-03,1132.99,1134.201,1121.836,1125.621,87331,0,0
2015-09-04,1125.628,1130.706,1116.425,1121.936,88915,0,0
2015-09-06,1122.396,1122.754,1120.367,1120.537,1020,0,0
2015-09-07,1120.537,1124.646,1115.826,1120.593,56525,0,0
2015-09-08,1120.594,1126.592,1118.565,1122.671,52552,0,0
2015-09-09,1122.66,1125.282,1101.214,1107.756,97960,0,0
2015-09-10,1107.739,1114.831,1103.758,1111.599,100528,0,0
2015-09-11,1111.6,1112.693,1098.676,1107.348,43984,0,0
2015-09-13,1106.728,1106.728,1104.714,1104.822,622,0,0
2015-09-14,1104.783,1110.375,1103.402,1109.014,40422,0,0
2015-09-15,1109.026,1109.151,1102.467,1105.06,38098,0,0
2015-09-16,1105.069,1124.05,1103.851,1119.661,94490,0,0
2015-09-17,1119.674,1135.017,1115.287,1130.871,108077,0,0
2015-09-18,1130.867,1141.579,1127.457,1138.473,108303,0,0
2015-09-20,1137.62,1137.851,1137.114,1137.268,1906,0,0
2015-09-21,1137.258,1139.771,1129.507,1132.194,71460,0,0
2015-09-22,1132.196,1136.41,1121.261,1124.361,85455,0,0
2015-09-23,1124.36,1134.151,1121.78,1131.961,79487,0,0
2015-09-24,1131.959,1156.568,1130.466,1149.763,65816,0,0
2015-09-25,1149.764,1151.097,1140.668,1145.77,91947,0,0
2015-09-27,1146.317,1146.707,1146.245,1146.66,467,0,0
2015-09-28,1146.671,1148.079,1127.953,1132.208,61641,0,0
2015-09-29,1132.205,1134.419,1124.197,1125.79,55542,0,0
2015-09-30,1125.783,1127.969,1111.574,1115.054,109253,0,0
2015-10-01,1115.058,1118.969,1110.986,1113.605,48659,0,0
2015-10-02,1113.606,1141.155,1104.518,1137.928,118049,0,0
2015-10-04,1137.037,1138.414,1136.45,1136.609,960,0,0
2015-10-05,1136.643,1141.782,1130.052,1135.618,59911,0,0
2015-10-06,1135.614,1151.037,1134.888,1146.457,95927,0,0
2015-10-07,1146.452,1153.458,1141.73,1145.088,100776,0,0
2015-10-08,1145.085,1151.138,1136.549,1140.773,103174,0,0
2015-10-09,1140.776,1159.558,1139.807,1155.392,106083,0,0
2015-10-11,1155.275,1156.01,1155.122,1155.594,528,0,0
2015-10-12,1155.559,1168.858,1154.801,1161.576,46016,0,0
2015-10-13,1161.563,1168.9,1151.781,1167.619,114960,0,0
2015-10-14,1167.609,1189.656,1163.224,1185.156,121384,0,0
2015-10-15,1185.17,1191.352,1174.723,1181.599,115586,0,0
2015-10-16,1181.604,1184.223,1174.264,1176.624,97888,0,0
2015-10-18,1175.687,1177.406,1175.666,1177.344,749,0,0
2015-10-19,1177.342,1177.995,1168.485,1169.015,99772,0,0
2015-10-20,1169.012,1180.527,1167.271,1177.205,57812,0,0
2015-10-21,1177.197,1179.093,1163.704,1165.834,111884,0,0
2015-10-22,1165.808,1171.671,1162.519,1165.432,108176,0,0
2015-10-23,1165.422,1179.221,1158.86,1164.248,70216,0,0
2015-10-25,1163.54,1164.088,1162.755,1164.018,990,0,0
2015-10-26,1164.015,1169.445,1162.071,1163.728,57652,0,0
2015-10-27,1163.713,1168.558,1160.708,1166.21,53850,0,0
2015-10-28,1166.214,1182.804,1152.285,1158.664,116777,0,0
2015-10-29,1158.683,1162.496,1143.709,1147.177,70560,0,0
2015-10-30,1147.162,1149.924,1139.022,1141.8,63517,0,0
2015-11-01,1141.734,1141.966,1134.133,1140.461,3588,0,0
2015-11-02,1140.459,1142.837,1132.567,1133.117,89912,0,0
2015-11-03,1133.116,1138.152,1114.315,1119.872,59119,0,0
2015-11-04,1119.871,1122.714,1106.334,1109.848,113657,0,0
2015-11-05,1109.805,1111.34,1102.881,1105.28,92588,0,0
2015-11-06,1105.29,1110.279,1085.382,1087.548,105223,0,0
2015-11-08,1089.728,1091.243,1088.12,1089.884,3419,0,0
2015-11-09,1089.885,1095.582,1088.286,1092.716,106144,0,0
2015-11-10,1092.721,1094.49,1085.158,1090.052,78931,0,0
2015-11-11,1090.043,1093.416,1084.037,1086.69,98444,0,0
2015-11-12,1086.693,1089.27,1074.039,1083.863,104653,0,0
2015-11-13,1083.861,1088.289,1079.625,1081.866,92668,0,0
2015-11-15,1089.638,1090.104,1085.786,1089.098,4332,0,0
2015-11-16,1089.127,1097.928,1081.262,1083.547,63618,0,0
2015-11-17,1083.52,1084.747,1065.387,1069.195,66647,0,0
2015-11-18,1069.206,1075.044,1064.144,1071.601,64939,0,0
2015-11-19,1071.639,1087.261,1069.251,1081.954,121786,0,0
2015-11-20,1081.912,1087.853,1075.765,1077.067,60218,0,0
2015-11-22,1077.02,1077.023,1073.364,1075.732,3001,0,0
2015-11-23,1075.722,1076.577,1066.399,1069.906,107526,0,0
2015-11-24,1069.935,1080.944,1068.982,1075.262,106861,0,0
2015-11-25,1075.257,1080.679,1067.824,1070.703,57261,0,0
2015-11-26,1070.675,1074.657,1069.576,1071.782,36174,0,0
2015-11-27,1071.778,1073.649,1052.597,1057.395,102409,0,0
2015-11-29,1056.825,1058.654,1056.825,1057.076,2858,0,0
2015-11-30,1057.082,1069.614,1053.122,1064.134,55232,0,0
2015-12-01,1064.137,1074.523,1063.163,1069.819,106592,0,0
2015-12-02,1069.834,1070.488,1050.575,1054.043,116264,0,0
2015-12-03,1054.023,1065.34,1046.247,1063.126,163845,0,0
2015-12-04,1063.168,1088.69,1058.079,1086.763,138720,0,0
2015-12-06,1086.192,1086.192,1082.615,1083.073,3746,0,0
2015-12-07,1083.071,1086.491,1066.262,1070.962,65264,0,0
2015-12-08,1070.968,1078.874,1067.627,1075.934,71338,0,0
2015-12-09,1075.921,1085.163,1069.444,1072.205,123021,0,0
2015-12-10,1072.207,1076.28,1069.352,1071.922,60308,0,0
2015-12-11,1071.905,1079.502,1062.323,1077.054,126107,0,0
2015-12-13,1075.026,1075.026,1072.031,1072.088,2778,0,0
2015-12-14,1072.09,1077.291,1058.546,1061.437,69907,0,0
2015-12-15,1061.443,1068.452,1058.561,1061.171,67849,0,0
2015-12-16,1061.169,1078.206,1061.164,1069.382,113903,0,0
2015-12-17,1069.377,1072.797,1047.593,1052.861,121923,0,0
2015-12-18,1052.877,1071.387,1051.152,1066.103,116448,0,0
2015-12-20,1065.888,1066.303,1064.224,1065.131,2295,0,0
2015-12-21,1065.152,1081.589,1063.783,1077.318,112031,0,0
2015-12-22,1077.323,1080.63,1071.72,1073.479,95588,0,0
2015-12-23,1073.475,1075.383,1068.155,1071.513,88715,0,0
2015-12-24,1071.511,1076.845,1071.061,1076.181,36546,0,0
2015-12-27,1075.916,1076.856,1075.573,1075.764,2282,0,0
2015-12-28,1075.759,1076.242,1066.374,1068.204,45596,0,0
2015-12-29,1068.207,1075.116,1067.402,1068.951,46672,0,0
2015-12-30,1068.942,1072.056,1059.335,1061.715,41760,0,0
2015-12-31,1061.716,1063.424,1057.879,1060.965,85764,0,0
2016-01-03,1061.955,1066.046,1061.692,1062.978,3904,0,0
2016-01-04,1062.991,1083.337,1062.205,1072.941,114707,0,0
2016-01-05,1072.945,1081.904,1072.678,1077.56,60928,0,0
2016-01-06,1077.569,1095.073,1074.896,1092.521,73208,0,0
2016-01-07,1092.52,1109.959,1091.319,1109.154,152617,0,0
2016-01-08,1109.146,1112.866,1091.77,1103.908,144809,0,0
2016-01-10,1103.761,1108.128,1103.566,1106.635,2444,0,0
2016-01-11,1106.639,1108.3,1093.44,1095.702,133246,0,0
2016-01-12,1095.7,1098.996,1083.355,1086.403,128084,0,0
2016-01-13,1086.417,1095.296,1079.707,1094.857,130933,0,0
2016-01-14,1094.861,1095.103,1071.34,1076.815,70068,0,0
2016-01-15,1076.811,1097.166,1076.15,1087.933,110060,0,0
2016-01-17,1089.391,1090.594,1089.121,1090.302,2710,0,0
2016-01-18,1090.264,1093.079,1087.419,1088.499,45641,0,0
2016-01-19,1088.475,1094.389,1082.486,1087.707,130478,0,0
2016-01-20,1087.707,1109.512,1087.702,1099.351,162316,0,0
2016-01-21,1099.279,1104.441,1092.318,1100.613,164527,0,0
2016-01-22,1100.6,1102.667,1093.974,1097.546,120327,0,0
2016-01-24,1097.285,1098.007,1097.135,1097.817,2128,0,0
2016-01-25,1097.767,1108.954,1097.556,1108.68,111347,0,0
2016-01-26,1108.678,1122.788,1107.394,1119.378,63946,0,0
2016-01-27,1119.393,1127.933,1114.827,1124.663,126151,0,0
2016-01-28,1124.664,1124.802,1111.418,1114.148,127534,0,0
2016-01-29,1114.137,1118.226,1108.423,1117.593,63572,0,0
2016-01-31,1117.575,1117.97,1115.272,1117.547,3033,0,0
2016-02-01,1117.516,1129.589,1116.858,1128.261,83866,0,0
2016-02-02,1128.22,1130.879,1122.223,1127.27,116450,0,0
2016-02-03,1127.261,1145.346,1124.299,1141.798,97369,0,0
2016-02-04,1141.817,1157.215,1139.44,1155.372,76579,0,0
2016-02-05,1155.367,1174.362,1145.175,1174.009,75811,0,0
2016-02-07,1173.366,1173.366,1164.651,1164.757,6179,0,0
2016-02-08,1164.785,1200.721,1164.179,1190.973,80156,0,0
2016-02-09,1190.942,1198.74,1185.572,1189.105,84695,0,0
2016-02-10,1189.087,1198.487,1181.391,1198.478,151284,0,0
2016-02-11,1198.47,1263.254,1198.141,1240.302,119847,0,0
2016-02-12,1240.26,1245.879,1232.369,1237.77,85111,0,0
2016-02-14,1231.077,1234.24,1230.788,1233.331,4383,0,0
2016-02-15,1233.305,1234.688,1201.992,1207.651,60345,0,0
2016-02-16,1207.678,1216.783,1190.745,1202.46,90560,0,0
2016-02-17,1202.461,1213.537,1195.633,1206.909,132659,0,0
2016-02-18,1206.935,1239.627,1200.66,1230.892,81753,0,0
2016-02-19,1230.929,1234.365,1219.853,1228.843,167975,0,0
2016-02-21,1225.047,1226.479,1223.419,1225.389,5626,0,0
2016-02-22,1225.383,1226.068,1201.853,1208.709,158567,0,0
2016-02-23,1208.708,1232.458,1207.129,1230.271,159151,0,0
2016-02-24,1230.267,1252.99,1221.039,1224.351,98135,0,0
2016-02-25,1224.347,1242.609,1223.897,1233.587,96851,0,0
2016-02-26,1233.581,1240.141,1211.355,1224.221,128023,0,0
2016-02-28,1223.222,1223.222,1215.496,1221.193,5448,0,0
2016-02-29,1221.231,1241.73,1219.881,1240.237,161393,0,0
2016-03-01,1240.244,1248.358,1227.133,1232.011,88648,0,0
2016-03-02,1232.024,1243.895,1224.627,1240.834,145670,0,0
2016-03-03,1240.842,1268.122,1237.311,1259.885,153063,0,0
2016-03-04,1259.887,1279.607,1249.99,1260.74,152186,0,0
2016-03-06,1260.226,1263.824,1258.155,1263.611,5050,0,0
2016-03-07,1263.606,1273.059,1256.553,1267.723,159378,0,0
2016-03-08,1267.726,1277.841,1260.153,1263.061,85751,0,0
2016-03-09,1263.056,1264.791,1242.83,1253.455,79021,0,0
2016-03-10,1253.44,1273.194,1236.989,1270.929,140300,0,0
2016-03-11,1270.924,1283.454,1248.4,1249.174,144057,0,0
2016-03-13,1250.808,1253.335,1250.536,1252.723,3395,0,0
2016-03-14,1252.741,1260.95,1229.225,1236.109,135157,0,0
2016-03-15,1236.115,1237.906,1225.529,1232.753,72358,0,0
2016-03-16,1232.752,1263.784,1226.645,1258.797,95385,0,0
2016-03-17,1258.8,1270.768,1254.323,1258.885,158485,0,0
2016-03-18,1258.91,1266.72,1247.75,1254.899,71415,0,0
2016-03-20,1255.077,1255.507,1252.568,1253.096,3301,0,0
2016-03-21,1253.087,1255.131,1240.497,1243.349,108768,0,0
2016-03-22,1243.427,1259.614,1243.02,1248.266,85428,0,0
2016-03-23,1248.24,1249.244,1215.29,1221.885,115290,0,0
2016-03-24,1221.882,1223.564,1212.121,1216.804,100425,0,0
2016-03-25,1216.819,1216.826,1216.819,1216.826,2,0,0
2016-03-27,1214.006,1214.5,1213.258,1213.595,545,0,0
2016-03-28,1213.58,1222.895,1205.978,1222.522,81194,0,0
2016-03-29,1222.489,1242.731,1215.227,1238.92,132912,0,0
2016-03-30,1238.907,1243.854,1223.121,1226.63,120384,0,0
2016-03-31,1226.656,1240.181,1223.689,1231.578,114624,0,0
2016-04-01,1231.606,1235.093,1208.898,1221.495,120143,0,0
2016-04-03,1219.937,1220.725,1218.375,1220.277,1674,0,0
2016-04-04,1220.283,1222.434,1214.476,1215.07,106630,0,0
2016-04-05,1215.073,1236.577,1214.829,1230.741,122230,0,0
2016-04-06,1230.745,1231.971,1216.313,1225.074,115370,0,0
2016-04-07,1225.068,1243.072,1223.501,1238.464,117292,0,0
2016-04-08,1238.467,1242.529,1229.52,1238.997,102738,0,0
2016-04-10,1244.914,1245.862,1243.897,1244.57,3826,0,0
2016-04-11,1244.567,1259.746,1243.935,1257.088,88794,0,0
2016-04-12,1257.09,1262.434,1251.132,1254.053,104707,0,0
2016-04-13,1254.051,1256.558,1239.685,1240.896,106984,0,0
2016-04-14,1240.885,1243.906,1223.759,1229.264,121936,0,0
2016-04-15,1229.252,1235.685,1225.16,1233.383,97254,0,0
2016-04-17,1235.775,1237.883,1235.068,1237.014,1542,0,0
2016-04-18,1237.0,1241.476,1227.767,1229.215,99314,0,0
2016-04-19,1229.219,1256.455,1227.583,1249.535,118981,0,0
2016-04-20,1249.542,1257.783,1242.329,1245.201,115521,0,0
2016-04-21,1245.199,1270.053,1243.241,1249.128,129180,0,0
2016-04-22,1249.104,1252.415,1227.339,1231.716,111452,0,0
2016-04-24,1231.514,1232.786,1230.81,1232.663,3497,0,0
2016-04-25,1232.639,1242.022,1229.936,1237.918,99222,0,0
2016-04-26,1237.914,1244.658,1231.245,1242.602,107033,0,0
2016-04-27,1242.613,1252.606,1239.293,1245.379,114105,0,0
2016-04-28,1245.377,1269.444,1237.647,1265.417,127689,0,0
2016-04-29,1265.437,1296.518,1264.871,1292.678,117427,0,0
2016-05-01,1292.365,1295.853,1291.838,1294.922,2233,0,0
2016-05-02,1294.907,1303.586,1287.578,1289.662,112628,0,0
2016-05-03,1289.667,1301.626,1282.149,1286.781,114329,0,0
2016-05-04,1286.785,1289.565,1271.748,1282.559,112412,0,0
2016-05-05,1282.566,1286.278,1268.751,1277.337,109301,0,0
2016-05-06,1277.314,1295.323,1274.311,1286.968,113454,0,0
2016-05-08,1286.769,1287.23,1284.706,1285.52,3038,0,0
2016-05-09,1285.522,1287.405,1261.201,1262.336,110478,0,0
2016-05-10,1262.353,1269.386,1256.786,1264.838,102252,0,0
2016-05-11,1264.837,1278.909,1264.773,1277.488,101603,0,0
2016-05-12,1277.474,1280.725,1261.408,1266.619,109891,0,0
2016-05-13,1266.631,1276.206,1262.86,1273.064,64235,0,0
2016-05-15,1272.58,1275.085,1272.295,1273.728,3330,0,0
2016-05-16,1273.731,1288.529,1270.644,1275.12,103171,0,0
2016-05-17,1275.076,1281.994,1268.922,1279.326,89498,0,0
2016-05-18,1279.312,1280.227,1254.966,1260.368,117335,0,0
2016-05-19,1260.378,1261.082,1243.766,1256.65,118562,0,0
2016-05-20,1256.676,1260.045,1248.763,1251.574,89023,0,0
2016-05-22,1251.68,1252.393,1250.915,1252.084,1049,0,0
2016-05-23,1252.059,1255.886,1243.086,1249.402,102247,0,0
2016-05-24,1249.399,1252.026,1223.227,1225.232,106635,0,0
2016-05-25,1225.238,1230.054,1217.678,1224.911,113900,0,0
2016-05-26,1224.907,1234.109,1218.268,1222.048,107932,0,0
2016-05-27,1222.024,1223.368,1206.706,1212.266,105504,0,0
2016-05-29,1208.972,1209.113,1205.68,1207.584,3932,0,0
2016-05-30,1207.562,1210.742,1199.566,1209.783,64776,0,0
2016-05-31,1209.784,1218.083,1208.335,1216.62,98683,0,0
2016-06-01,1216.635,1220.265,1205.903,1213.398,94200,0,0
2016-06-02,1213.379,1217.479,1206.854,1207.894,88782,0,0
2016-06-03,1207.875,1244.591,1207.469,1243.73,102708,0,0
2016-06-05,1244.45,1248.002,1244.45,1248.002,2114,0,0
2016-06-06,1248.009,1248.537,1239.748,1244.731,92455,0,0
2016-06-07,1244.741,1246.408,1234.727,1243.824,83905,0,0
2016-06-08,1243.82,1266.185,1242.994,1264.735,97723,0,0
2016-06-09,1264.736,1271.541,1256.682,1265.618,87270,0,0
2016-06-10,1265.623,1278.027,1264.458,1273.736,52514,0,0
2016-06-12,1276.55,1278.079,1276.167,1277.558,1583,0,0
2016-06-13,1277.525,1287.04,1272.35,1282.431,95586,0,0
2016-06-14,1282.429,1289.654,1276.082,1284.333,89311,0,0
2016-06-15,1284.34,1296.689,1278.343,1293.564,80861,0,0
2016-06-16,1293.57,1315.429,1276.766,1281.885,99973,0,0
2016-06-17,1281.883,1299.515,1276.386,1298.037,62355,0,0
2016-06-19,1293.845,1293.845,1288.485,1289.354,2377,0,0
2016-06-20,1289.293,1291.044,1277.88,1287.808,75184,0,0
2016-06-21,1287.816,1294.013,1264.484,1268.897,69537,0,0
2016-06-22,1268.896,1270.435,1259.386,1262.573,83370,0,0
2016-06-23,1262.573,1271.598,1250.359,1267.183,109438,0,0
2016-06-24,1267.192,1358.069,1264.129,1315.407,238587,0,0
2016-06-26,1322.688,1335.191,1322.688,1332.747,6623,0,0
2016-06-27,1332.71,1333.455,1317.602,1324.485,139986,0,0
2016-06-28,1324.508,1325.746,1305.332,1313.861,75006,0,0
2016-06-29,1313.868,1327.657,1313.272,1315.857,100057,0,0
2016-06-30,1315.886,1326.493,1312.729,1321.697,68296,0,0
2016-07-01,1321.709,1344.314,1320.499,1340.675,82983,0,0
2016-07-03,1341.568,1344.826,1341.006,1342.788,3123,0,0
2016-07-04,1342.781,1357.313,1340.384,1349.445,74831,0,0
2016-07-05,1349.439,1364.478,1337.954,1362.489,274538,0,0
2016-07-06,1362.451,1374.993,1359.512,1366.227,142143,0,0
2016-07-07,1366.226,1370.537,1350.754,1360.712,86489,0,0
2016-07-08,1360.816,1370.221,1335.366,1365.92,100748,0,0
2016-07-10,1372.62,1372.76,1369.367,1369.787,1533,0,0
2016-07-11,1369.665,1371.061,1350.809,1354.18,101463,0,0
2016-07-12,1354.192,1357.537,1330.266,1333.72,98869,0,0
2016-07-13,1333.716,1346.503,1327.439,1345.405,94866,0,0
2016-07-14,1345.413,1346.865,1320.116,1335.204,102953,0,0
2016-07-15,1335.212,1338.535,1322.428,1336.795,88447,0,0
2016-07-17,1330.51,1333.504,1330.085,1332.49,2464,0,0
2016-07-18,1332.524,1335.313,1323.377,1328.562,77443,0,0
2016-07-19,1328.546,1334.748,1325.324,1332.566,60020,0,0
2016-07-20,1332.557,1337.034,1312.329,1312.582,72156,0,0
2016-07-21,1312.537,1333.693,1310.551,1332.13,81036,0,0
2016-07-22,1332.117,1333.244,1319.606,1321.794,73585,0,0
2016-07-24,1321.038,1323.059,1320.133,1323.054,2707,0,0
2016-07-25,1323.103,1323.527,1311.947,1315.912,69157,0,0
2016-07-26,1315.884,1324.338,1313.647,1318.87,66923,0,0
2016-07-27,1318.854,1342.098,1315.663,1339.454,72678,0,0
2016-07-28,1339.473,1345.408,1332.397,1335.85,76396,0,0
2016-07-29,1335.885,1354.815,1328.376,1350.72,40679,0,0
2016-07-31,1350.739,1350.834,1348.055,1348.872,3231,0,0
2016-08-01,1348.839,1354.733,1346.073,1352.541,66572,0,0
2016-08-02,1352.551,1367.07,1346.93,1362.831,69877,0,0
2016-08-03,1362.737,1366.332,1354.033,1355.971,67118,0,0
2016-08-04,1355.968,1364.821,1349.025,1360.036,76249,0,0
2016-08-05,1360.038,1364.514,1334.558,1335.196,77935,0,0
2016-08-07,1332.928,1334.067,1331.252,1333.367,4062,0,0
2016-08-08,1333.376,1338.1,1329.774,1335.829,68750,0,0
2016-08-09,1335.807,1342.728,1330.464,1341.674,65499,0,0
2016-08-10,1341.662,1357.048,1340.666,1347.414,76894,0,0
2016-08-11,1347.374,1353.17,1335.698,1339.247,72013,0,0
2016-08-12,1339.155,1356.118,1332.711,1335.298,81262,0,0
2016-08-14,1337.168,1339.193,1336.573,1338.906,3370,0,0
2016-08-15,1338.897,1343.642,1335.654,1340.935,66107,0,0
2016-08-16,1340.939,1357.892,1340.465,1347.694,82665,0,0
2016-08-17,1347.653,1352.807,1335.857,1352.129,79456,0,0
2016-08-18,1352.136,1355.938,1345.986,1350.016,82622,0,0
2016-08-19,1349.999,1350.939,1337.687,1340.98,75121,0,0
2016-08-21,1338.539,1339.635,1334.903,1337.196,3629,0,0
2016-08-22,1337.206,1339.821,1331.65,1337.539,82799,0,0
2016-08-23,1337.5,1344.486,1335.065,1337.751,75273,0,0
2016-08-24,1337.742,1339.838,1323.157,1325.839,62197,0,0
2016-08-25,1325.832,1326.869,1317.952,1321.96,44785,0,0
2016-08-26,1321.978,1342.157,1318.277,1320.627,78285,0,0
2016-08-28,1319.637,1321.256,1318.413,1320.533,2684,0,0
2016-08-29,1320.515,1324.885,1314.727,1323.653,75534,0,0
2016-08-30,1323.637,1325.237,1309.139,1312.049,75422,0,0
2016-08-31,1312.104,1315.936,1304.28,1309.511,69695,0,0
2016-09-01,1309.577,1314.902,1302.388,1314.249,72243,0,0
2016-09-02,1314.236,1329.778,1304.837,1324.674,95312,0,0
2016-09-04,1324.728,1324.941,1322.396,1322.459,2698,0,0
2016-09-05,1322.479,1328.369,1321.696,1327.141,50378,0,0
2016-09-06,1327.139,1352.352,1324.64,1348.956,79009,0,0
2016-09-07,1348.958,1352.408,1341.558,1344.149,74935,0,0
2016-09-08,1344.238,1349.144,1335.367,1337.13,79966,0,0
2016-09-09,1337.121,1339.405,1327.255,1327.497,72710,0,0
2016-09-11,1328.609,1329.733,1327.267,1329.329,4107,0,0
2016-09-12,1329.319,1330.161,1320.266,1329.704,84315,0,0
2016-09-13,1329.693,1331.842,1313.198,1320.888,88204,0,0
2016-09-14,1320.832,1325.862,1315.985,1322.765,77106,0,0
2016-09-15,1322.739,1327.816,1309.239,1316.771,81479,0,0
2016-09-16,1316.771,1317.874,1306.158,1309.835,68853,0,0
2016-09-18,1309.789,1312.399,1309.555,1310.862,3842,0,0
2016-09-19,1310.835,1318.125,1309.329,1313.81,66390,0,0
2016-09-20,1313.793,1317.669,1311.883,1315.713,58937,0,0
2016-09-21,1315.768,1336.581,1307.516,1333.157,59716,0,0
2016-09-22,1333.147,1343.494,1331.117,1337.006,75814,0,0
2016-09-23,1337.009,1340.439,1333.674,1337.129,63982,0,0
2016-09-25,1336.639,1338.67,1336.612,1338.237,1681,0,0
2016-09-26,1338.196,1341.928,1332.614,1337.267,69894,0,0
2016-09-27,1337.232,1339.362,1324.541,1326.393,74819,0,0
2016-09-28,1326.383,1326.965,1317.895,1323.377,70863,0,0
2016-09-29,1323.347,1325.597,1315.975,1321.953,71256,0,0
2016-09-30,1321.962,1327.907,1313.092,1315.103,75700,0,0
2016-10-02,1317.16,1317.16,1315.041,1315.602,2648,0,0
2016-10-03,1315.578,1319.453,1309.262,1311.717,67727,0,0
2016-10-04,1311.72,1311.976,1266.371,1267.979,90917,0,0
2016-10-05,1268.034,1276.94,1262.056,1269.089,74596,0,0
2016-10-06,1269.049,1269.1,1249.712,1255.783,72133,0,0
2016-10-07,1255.764,1265.12,1241.32,1255.954,79062,0,0
2016-10-09,1257.379,1261.49,1257.271,1259.865,3195,0,0
2016-10-10,1259.816,1264.785,1256.501,1258.394,56437,0,0
2016-10-11,1258.391,1261.976,1251.081,1254.394,70967,0,0
2016-10-12,1254.379,1258.626,1249.642,1253.855,66684,0,0
2016-10-13,1253.859,1262.071,1253.078,1256.949,68437,0,0
2016-10-14,1256.861,1259.333,1246.075,1250.476,67649,0,0
2016-10-16,1251.249,1252.974,1250.092,1252.905,1659,0,0
2016-10-17,1252.901,1256.972,1250.419,1255.671,60792,0,0
2016-10-18,1255.685,1264.547,1255.521,1263.52,61019,0,0
2016-10-19,1263.515,1273.164,1260.174,1269.902,61862,0,0
2016-10-20,1269.882,1274.199,1264.719,1264.898,56475,0,0
2016-10-21,1264.854,1267.822,1261.016,1265.909,48559,0,0
2016-10-23,1265.952,1266.455,1265.355,1266.066,1881,0,0
2016-10-24,1266.062,1271.707,1260.118,1263.317,59024,0,0
2016-10-25,1263.321,1276.516,1262.008,1274.25,61740,0,0
2016-10-26,1274.284,1276.317,1264.603,1266.385,61466,0,0
2016-10-27,1266.353,1272.528,1264.964,1269.419,63191,0,0
2016-10-28,1269.414,1283.973,1261.375,1274.656,68341,0,0
2016-10-30,1277.969,1279.092,1276.202,1278.598,1792,0,0
2016-10-31,1278.618,1279.309,1271.143,1275.998,50260,0,0
2016-11-01,1275.995,1291.674,1275.534,1287.612,74894,0,0
2016-11-02,1287.588,1307.811,1287.242,1298.321,82039,0,0
2016-11-03,1298.321,1306.37,1285.549,1301.882,85247,0,0
2016-11-04,1301.886,1306.942,1294.622,1303.78,71793,0,0
2016-11-06,1292.768,1293.964,1287.673,1289.135,5207,0,0
2016-11-07,1289.143,1295.7,1278.097,1282.34,76558,0,0
2016-11-08,1282.327,1290.429,1267.793,1273.142,79132,0,0
2016-11-09,1273.163,1337.126,1268.796,1276.119,184826,0,0
2016-11-10,1276.07,1292.034,1252.176,1260.654,115541,0,0
2016-11-11,1260.691,1265.202,1218.888,1227.492,118487,0,0
2016-11-13,1227.984,1231.134,1226.91,1229.581,4346,0,0
2016-11-14,1229.554,1230.045,1211.39,1223.511,120471,0,0
2016-11-15,1223.491,1231.31,1218.779,1226.864,93438,0,0
2016-11-16,1226.835,1232.852,1221.405,1226.562,84912,0,0
2016-11-17,1226.586,1231.167,1210.934,1214.637,90202,0,0
2016-11-18,1214.624,1215.921,1202.785,1207.958,88384,0,0
2016-11-20,1207.419,1208.011,1205.456,1206.096,1884,0,0
2016-11-21,1206.106,1217.416,1206.106,1215.986,78409,0,0
2016-11-22,1215.96,1220.851,1206.036,1212.688,78898,0,0
2016-11-23,1212.673,1214.743,1181.658,1189.404,77203,0,0
2016-11-24,1189.38,1190.613,1180.194,1185.935,59245,0,0
2016-11-25,1185.914,1193.088,1170.713,1183.811,77909,0,0
2016-11-27,1183.589,1186.836,1182.502,1186.69,2110,0,0
2016-11-28,1186.638,1197.418,1182.917,1194.532,88240,0,0
2016-11-29,1194.527,1194.787,1180.951,1188.742,82797,0,0
2016-11-30,1188.76,1194.782,1170.218,1172.232,89772,0,0
2016-12-01,1172.235,1176.519,1160.603,1173.33,91861,0,0
2016-12-02,1173.289,1177.858,1166.647,1176.504,78468,0,0
2016-12-04,1176.164,1187.832,1176.164,1180.103,4102,0,0
2016-12-05,1180.112,1181.233,1157.021,1169.987,94353,0,0
2016-12-06,1170.0,1175.107,1166.588,1169.218,74090,0,0
2016-12-07,1169.221,1180.034,1165.423,1174.768,70387,0,0
2016-12-08,1174.769,1178.389,1169.101,1170.448,74782,0,0
2016-12-09,1170.449,1171.842,1156.187,1159.06,72541,0,0
2016-12-11,1158.439,1159.822,1156.577,1158.375,1505,0,0
2016-12-12,1158.347,1165.511,1151.058,1162.923,78786,0,0
2016-12-13,1162.912,1164.803,1154.498,1158.445,71200,0,0
2016-12-14,1158.465,1165.082,1138.751,1142.731,82342,0,0
2016-12-15,1142.722,1144.239,1122.548,1127.958,94574,0,0
2016-12-16,1127.948,1141.079,1126.557,1134.153,75998,0,0
2016-12-18,1133.819,1136.629,1132.941,1135.576,1442,0,0
2016-12-19,1135.637,1142.137,1135.445,1138.469,71906,0,0
2016-12-20,1138.472,1139.528,1125.657,1131.833,76949,0,0
2016-12-21,1131.863,1136.922,1129.236,1130.794,65725,0,0
2016-12-22,1130.79,1133.883,1127.584,1128.653,61083,0,0
2016-12-23,1128.643,1135.501,1128.2,1132.497,28754,0,0
2016-12-27,1133.199,1150.547,1131.563,1139.1,44419,0,0
2016-12-28,1139.138,1144.322,1136.387,1142.195,50342,0,0
2016-12-29,1142.225,1161.72,1142.225,1160.08,57921,0,0
2016-12-30,1160.072,1162.98,1149.569,1150.787,51696,0,0
2017-01-03,1150.029,1163.937,1145.948,1157.095,69241,0,0
2017-01-04,1157.058,1167.71,1156.119,1165.657,73390,0,0
2017-01-05,1165.695,1184.776,1165.695,1180.779,82687,0,0
2017-01-06,1180.749,1182.473,1170.825,1172.189,71963,0,0
2017-01-08,1172.949,1173.873,1171.646,1173.652,1755,0,0
2017-01-09,1173.679,1185.936,1172.596,1182.416,62516,0,0
2017-01-10,1182.389,1190.359,1180.067,1185.966,73092,0,0
2017-01-11,1185.97,1198.015,1177.13,1193.33,76120,0,0
2017-01-12,1193.345,1206.807,1192.697,1196.205,76066,0,0
2017-01-13,1196.121,1200.559,1187.77,1196.785,69923,0,0
2017-01-15,1196.709,1204.604,1196.709,1203.285,1951,0,0
2017-01-16,1203.289,1208.368,1200.129,1202.982,50723,0,0
2017-01-17,1202.999,1218.65,1202.999,1215.053,67328,0,0
2017-01-18,1215.028,1217.343,1201.748,1202.89,75109,0,0
2017-01-19,1202.902,1206.317,1195.713,1203.451,81986,0,0
2017-01-20,1203.455,1214.666,1198.49,1209.318,77119,0,0
2017-01-22,1209.389,1215.477,1209.239,1215.345,2567,0,0
2017-01-23,1215.342,1219.775,1209.121,1217.264,78257,0,0
2017-01-24,1217.277,1218.425,1206.493,1209.013,67478,0,0
2017-01-25,1209.059,1209.588,1193.159,1200.753,72159,0,0
2017-01-26,1200.771,1202.416,1184.33,1188.183,71168,0,0
2017-01-27,1188.184,1191.372,1180.36,1190.228,66632,0,0
2017-01-29,1190.079,1194.402,1190.079,1194.028,2313,0,0
2017-01-30,1194.016,1199.173,1188.12,1196.477,67880,0,0
2017-01-31,1196.524,1215.142,1195.993,1211.525,78606,0,0
2017-02-01,1211.475,1212.157,1198.08,1209.758,79440,0,0
2017-02-02,1209.673,1225.079,1209.601,1214.5,81190,0,0
2017-02-03,1214.545,1221.133,1206.642,1219.586,73432,0,0
2017-02-05,1218.23,1222.961,1218.23,1220.752,2442,0,0
2017-02-06,1220.754,1235.385,1220.005,1233.224,76600,0,0
2017-02-07,1233.212,1235.535,1227.635,1231.843,79777,0,0
2017-02-08,1231.852,1244.544,1229.981,1239.765,82023,0,0
2017-02-09,1239.744,1244.341,1225.044,1226.333,82065,0,0
2017-02-10,1226.309,1236.847,1221.548,1233.013,80284,0,0
2017-02-12,1232.629,1232.719,1228.626,1230.119,1873,0,0
2017-02-13,1230.138,1232.175,1219.231,1226.096,73119,0,0
2017-02-14,1226.099,1234.383,1221.874,1228.342,81074,0,0
2017-02-15,1228.349,1233.894,1216.646,1232.928,78345,0,0
2017-02-16,1232.932,1242.243,1232.099,1238.452,85505,0,0
2017-02-17,1238.444,1243.695,1233.67,1233.95,71580,0,0
2017-02-19,1234.49,1238.059,1234.097,1236.173,1685,0,0
2017-02-20,1236.173,1238.908,1232.362,1236.993,46120,0,0
2017-02-21,1236.997,1238.793,1226.008,1234.8,77684,0,0
2017-02-22,1234.828,1240.324,1230.626,1236.805,92182,0,0
2017-02-23,1236.783,1251.066,1235.727,1249.263,85988,0,0
2017-02-24,1249.264,1260.086,1247.915,1256.607,86393,0,0
2017-02-26,1257.67,1257.7,1254.929,1255.817,1595,0,0
2017-02-27,1255.821,1263.771,1250.907,1252.053,148784,0,0
2017-02-28,1252.227,1258.284,1247.56,1247.56,91964,0,0
2017-03-01,1247.65,1250.561,1236.866,1248.821,106842,0,0
2017-03-02,1249.014,1249.751,1230.804,1233.19,92879,0,0
2017-03-03,1233.663,1236.081,1222.909,1234.245,93839,0,0
2017-03-05,1233.045,1233.045,1232.464,1232.923,136,0,0
2017-03-06,1232.938,1236.735,1224.324,1224.454,75009,0,0
2017-03-07,1224.873,1227.1,1214.094,1215.137,79306,0,0
2017-03-08,1215.239,1218.492,1206.675,1207.546,85416,0,0
2017-03-09,1207.711,1208.943,1199.011,1200.599,86837,0,0
2017-03-10,1200.602,1206.263,1194.976,1204.032,86063,0,0
2017-03-12,1204.385,1206.934,1204.385,1205.916,939,0,0
2017-03-13,1205.899,1211.109,1201.387,1201.95,77266,0,0
2017-03-14,1201.951,1207.52,1197.332,1198.895,78598,0,0
2017-03-15,1198.86,1221.866,1197.39,1219.157,88136,0,0
2017-03-16,1219.159,1233.506,1218.601,1226.298,88495,0,0
2017-03-17,1226.301,1231.597,1224.482,1228.7,70753,0,0
2017-03-19,1229.045,1230.893,1228.974,1230.461,778,0,0
2017-03-20,1230.472,1235.425,1229.379,1234.36,67067,0,0
2017-03-21,1234.385,1247.479,1226.864,1245.661,84348,0,0
2017-03-22,1245.665,1251.204,1243.985,1247.116,85222,0,0
2017-03-23,1247.109,1253.118,1242.771,1244.663,83093,0,0
2017-03-24,1244.662,1251.782,1240.948,1242.324,77057,0,0
2017-03-26,1245.45,1254.158,1245.45,1252.394,2265,0,0
2017-03-27,1252.414,1260.968,1251.506,1253.953,77900,0,0
2017-03-28,1253.963,1258.304,1247.623,1250.859,74420,0,0
2017-03-29,1250.863,1254.601,1247.267,1253.022,74862,0,0
2017-03-30,1253.028,1253.679,1241.933,1243.478,72247,0,0
2017-03-31,1243.479,1250.54,1239.627,1248.434,75087,0,0
2017-04-02,1249.381,1249.776,1247.451,1249.206,1126,0,0
2017-04-03,1249.215,1255.742,1244.458,1254.437,68622,0,0
2017-04-04,1254.436,1261.138,1253.985,1255.534,73567,0,0
2017-04-05,1255.535,1257.27,1243.716,1256.054,79030,0,0
2017-04-06,1256.077,1258.844,1249.742,1251.495,80688,0,0
2017-04-07,1251.501,1270.404,1250.572,1253.894,94512,0,0
2017-04-09,1253.95,1255.173,1253.423,1254.452,1577,0,0
2017-04-10,1254.458,1257.007,1246.897,1255.689,77218,0,0
2017-04-11,1255.709,1275.111,1253.117,1274.533,82581,0,0
2017-04-12,1274.526,1286.673,1271.891,1286.48,88832,0,0
2017-04-13,1286.48,1288.551,1281.852,1286.623,88109,0,0
2017-04-14,1287.0,1287.183,1287.0,1287.183,2,0,0
2017-04-16,1290.281,1294.379,1289.934,1293.355,3076,0,0
2017-04-17,1293.359,1295.426,1281.326,1284.056,75105,0,0
2017-04-18,1284.057,1292.218,1278.83,1288.895,89651,0,0
2017-04-19,1288.894,1289.845,1273.723,1278.521,86627,0,0
2017-04-20,1278.523,1283.275,1276.564,1281.25,85568,0,0
2017-04-21,1281.249,1288.155,1278.474,1284.454,82526,0,0
2017-04-23,1275.735,1275.783,1265.419,1269.188,5281,0,0
2017-04-24,1269.193,1277.317,1266.668,1275.838,90957,0,0
2017-04-25,1275.84,1278.085,1261.537,1263.504,85203,0,0
2017-04-26,1263.505,1270.517,1259.681,1268.254,89075,0,0
2017-04-27,1268.253,1268.453,1261.017,1264.137,82431,0,0
2017-04-28,1264.139,1268.433,1263.275,1267.334,74156,0,0
2017-04-30,1268.15,1271.036,1268.035,1270.646,1304,0,0
2017-05-01,1270.649,1271.08,1254.152,1256.338,63272,0,0
2017-05-02,1256.34,1257.685,1251.922,1256.385,74304,0,0
2017-05-03,1256.387,1256.901,1235.807,1238.093,72112,196,0
2017-05-04,1238.097,1241.224,1225.586,1228.021,81173,176,0
2017-05-05,1228.023,1235.543,1226.048,1226.986,80192,195,0
2017-05-08,1234.592,1236.475,1225.452,1227.712,72172,178,0
2017-05-09,1227.723,1228.531,1214.228,1223.378,81836,187,0
2017-05-10,1223.389,1225.599,1217.575,1217.71,76495,207,0
2017-05-11,1217.705,1227.37,1216.76,1224.963,75280,199,0
2017-05-12,1224.905,1231.665,1224.429,1227.673,69785,173,0
2017-05-15,1229.691,1237.235,1226.984,1231.414,73855,197,0
2017-05-16,1231.417,1244.338,1230.407,1243.339,76185,166,0
2017-05-17,1243.355,1262.993,1240.947,1260.173,94838,184,0
2017-05-18,1260.216,1264.947,1245.966,1248.552,102413,181,0
2017-05-19,1248.524,1256.396,1247.252,1255.172,80518,199,0
2017-05-22,1256.945,1263.454,1251.766,1263.064,77863,177,0
2017-05-23,1263.069,1263.726,1250.45,1250.978,81801,160,0
2017-05-24,1251.034,1258.839,1247.888,1257.805,79712,183,0
2017-05-25,1257.805,1259.638,1253.022,1255.197,76408,169,0
2017-05-26,1255.147,1269.423,1254.112,1266.578,74032,170,0
2017-05-29,1268.008,1268.628,1265.031,1266.83,37152,150,0
2017-05-30,1266.769,1270.42,1259.329,1262.332,69461,171,0
2017-05-31,1262.331,1274.031,1259.513,1268.664,73060,165,0
2017-06-01,1268.663,1270.26,1261.496,1264.656,72018,150,0
2017-06-02,1264.653,1279.389,1258.986,1278.497,69708,160,0
2017-06-05,1279.761,1283.38,1277.725,1280.443,65377,182,0
2017-06-06,1280.443,1295.975,1279.639,1293.675,80098,166,0
2017-06-07,1293.675,1294.244,1282.571,1284.567,79058,156,0
2017-06-08,1284.569,1288.877,1271.254,1279.878,83431,161,0
2017-06-09,1279.88,1280.086,1264.52,1266.313,81690,193,0
2017-06-12,1267.647,1270.273,1263.57,1265.205,78579,177,0
2017-06-13,1265.178,1268.848,1258.719,1267.12,72410,165,0
2017-06-14,1267.119,1280.408,1257.107,1263.36,86857,177,0
2017-06-15,1263.347,1266.535,1251.403,1253.871,83295,150,0
2017-06-16,1253.84,1257.073,1251.821,1253.344,68719,150,0
2017-06-19,1254.641,1255.215,1242.822,1243.775,77060,171,0
2017-06-20,1243.775,1248.041,1241.269,1244.838,77099,179,0
2017-06-21,1244.864,1249.729,1240.876,1248.941,80862,170,0
2017-06-22,1248.933,1254.651,1246.583,1251.441,76784,150,0
2017-06-23,1251.439,1258.769,1249.816,1256.265,66724,184,0
2017-06-26,1257.289,1257.389,1234.913,1243.106,76063,157,0
2017-06-27,1243.11,1253.067,1241.334,1249.172,83549,170,0
2017-06-28,1249.189,1254.763,1247.863,1249.659,83381,167,0
2017-06-29,1249.673,1253.151,1239.739,1246.444,87736,167,0
2017-06-30,1246.405,1248.231,1239.066,1240.66,79791,150,0
2017-07-03,1241.61,1241.99,1218.483,1223.394,80115,172,0
2017-07-04,1223.389,1227.257,1220.586,1226.66,57632,171,0
2017-07-05,1226.66,1229.024,1217.238,1226.533,85556,170,0
2017-07-06,1226.529,1227.884,1218.804,1222.764,80103,156,0
2017-07-07,1222.759,1227.758,1207.289,1212.436,73520,156,0
2017-07-10,1213.129,1215.431,1204.698,1213.603,72928,176,0
2017-07-11,1213.623,1218.026,1208.169,1217.778,76172,175,0
2017-07-12,1217.781,1225.66,1213.552,1219.021,78814,175,0
2017-07-13,1219.025,1224.357,1216.387,1217.551,75473,160,0
2017-07-14,1217.554,1232.736,1214.577,1228.535,71874,172,0
2017-07-17,1230.737,1235.886,1229.333,1232.835,68413,173,0
2017-07-18,1232.834,1244.497,1232.766,1242.68,81172,170,0
2017-07-19,1242.681,1243.977,1235.724,1241.313,72614,182,0
2017-07-20,1241.321,1247.52,1235.185,1243.907,80168,174,0
2017-07-21,1243.907,1255.652,1243.402,1254.783,73984,180,0
2017-07-24,1256.156,1258.746,1251.886,1253.663,77383,176,0
2017-07-25,1253.666,1257.666,1246.577,1246.709,80324,160,0
2017-07-26,1246.722,1263.376,1243.71,1260.223,84132,162,0
2017-07-27,1260.22,1265.241,1254.538,1260.065,91981,167,0
2017-07-28,1260.064,1270.793,1257.361,1268.97,77495,150,0
2017-07-31,1270.192,1270.422,1265.746,1267.473,77400,158,0
2017-08-01,1267.478,1274.058,1262.407,1267.55,83248,150,0
2017-08-02,1267.564,1272.735,1256.304,1263.048,81900,173,0
2017-08-03,1263.048,1270.775,1259.817,1269.155,80969,177,0
2017-08-04,1269.147,1270.098,1254.153,1258.206,72749,182,0
2017-08-07,1257.325,1259.857,1255.745,1257.633,67885,163,0
2017-08-08,1257.634,1265.135,1251.407,1261.886,78215,176,0
2017-08-09,1261.88,1278.585,1261.296,1275.814,88850,170,0
2017-08-10,1275.812,1287.762,1274.617,1286.559,86447,165,0
2017-08-11,1286.577,1291.876,1280.904,1288.449,81186,169,0
2017-08-14,1288.817,1289.466,1278.599,1279.136,81499,184,0
2017-08-15,1279.134,1279.536,1267.167,1272.879,79742,180,0
2017-08-16,1272.875,1284.18,1267.665,1282.966,80318,150,0
2017-08-17,1282.944,1290.074,1281.114,1288.488,91535,159,0
2017-08-18,1288.487,1300.739,1283.374,1283.76,86514,177,0
2017-08-21,1283.366,1293.628,1281.761,1291.616,80636,170,0
2017-08-22,1291.636,1291.636,1281.982,1283.218,79476,160,0
2017-08-23,1283.223,1291.339,1282.745,1290.493,79083,166,0
2017-08-24,1290.5,1290.716,1284.343,1286.512,80539,170,0
2017-08-25,1286.543,1294.539,1276.587,1290.708,77696,167,0
2017-08-28,1292.44,1324.474,1291.817,1317.503,81262,170,0
2017-08-29,1317.486,1325.918,1305.057,1308.895,97732,163,0
2017-08-30,1308.859,1313.599,1304.535,1307.157,85520,160,0
2017-08-31,1307.166,1323.581,1298.604,1321.203,89461,157,0
2017-09-01,1321.204,1328.737,1316.27,1323.917,78392,150,0
2017-09-04,1336.129,1339.659,1331.766,1332.843,62999,167,0
2017-09-05,1332.848,1344.271,1325.956,1341.582,93416,169,0
2017-09-06,1341.556,1342.427,1331.568,1333.42,89307,166,0
2017-09-07,1333.421,1349.797,1332.606,1348.838,90986,150,0
2017-09-08,1348.856,1357.412,1342.6,1346.19,90404,155,0
2017-09-11,1337.527,1338.966,1326.361,1327.101,83773,160,0
2017-09-12,1327.125,1334.524,1322.573,1330.884,87974,157,0
2017-09-13,1330.876,1334.566,1320.702,1322.224,83555,178,0
2017-09-14,1322.23,1334.247,1315.328,1333.875,85459,189,0
2017-09-15,1333.893,1334.027,1319.518,1319.839,80921,175,0
2017-09-18,1316.163,1319.583,1304.579,1308.837,79269,180,0
2017-09-19,1308.842,1311.604,1304.991,1310.785,81564,194,0
2017-09-20,1310.785,1315.953,1296.026,1298.917,84469,181,0
2017-09-21,1298.89,1300.794,1288.045,1291.913,85102,199,0
2017-09-22,1291.913,1298.602,1291.244,1297.117,78801,205,0
2017-09-25,1291.867,1311.938,1290.692,1308.253,86983,214,0
2017-09-26,1308.254,1313.511,1292.024,1293.211,88519,180,0
2017-09-27,1293.21,1296.059,1281.362,1283.409,88490,199,0
2017-09-28,1283.418,1288.692,1277.711,1286.926,86215,186,0
2017-09-29,1286.932,1290.19,1275.27,1279.153,78867,193,0
2017-10-02,1277.757,1277.757,1269.228,1271.111,80984,163,0
2017-10-03,1271.114,1274.647,1268.298,1272.45,78615,150,0
2017-10-04,1272.453,1282.176,1270.585,1273.98,79041,150,0
2017-10-05,1273.977,1278.964,1265.942,1269.061,78118,150,0
2017-10-06,1269.064,1276.445,1260.595,1276.258,79145,150,0
2017-10-09,1276.473,1285.343,1275.247,1283.163,74480,150,0
2017-10-10,1283.127,1294.177,1282.108,1289.588,86759,150,0
2017-10-11,1289.577,1293.476,1284.391,1292.374,86604,150,0
2017-10-12,1292.384,1297.379,1289.617,1293.934,80856,150,0
2017-10-13,1293.932,1303.739,1290.76,1303.521,79926,150,0
2017-10-16,1304.124,1305.994,1290.381,1294.995,83215,150,0
2017-10-17,1294.961,1295.203,1281.216,1285.949,85704,150,0
2017-10-18,1285.945,1288.825,1276.96,1280.294,81634,150,0
2017-10-19,1280.273,1291.032,1276.306,1290.024,92591,150,0
2017-10-20,1290.019,1290.581,1277.95,1279.944,85929,150,0
2017-10-23,1274.778,1283.205,1272.505,1282.618,83509,150,0
2017-10-24,1282.619,1283.602,1273.63,1275.71,85596,150,0
2017-10-25,1275.683,1279.928,1270.867,1279.266,91967,150,0
2017-10-26,1279.199,1282.372,1265.622,1267.2,90268,150,0
2017-10-27,1267.162,1273.982,1263.36,1273.811,86000,150,0
2017-10-30,1272.554,1278.782,1268.905,1277.147,81462,150,0
2017-10-31,1277.144,1278.055,1267.68,1269.92,80048,150,0
2017-11-01,1269.935,1280.804,1267.944,1275.349,90134,150,0
2017-11-02,1275.36,1284.039,1273.124,1277.669,90443,150,0
2017-11-03,1277.636,1280.199,1265.391,1269.712,73984,150,0
2017-11-06,1270.501,1282.858,1266.031,1279.999,87585,150,0
2017-11-07,1280.007,1280.688,1271.79,1277.566,88706,150,0
2017-11-08,1277.565,1287.138,1275.91,1281.876,87614,150,0
2017-11-09,1281.865,1288.439,1279.927,1285.994,96808,150,0
2017-11-10,1286.006,1287.037,1273.374,1275.15,86007,150,0
2017-11-13,1275.223,1279.712,1274.833,1277.805,79482,150,0
2017-11-14,1277.805,1283.538,1269.824,1280.881,85980,150,0
2017-11-15,1280.882,1289.445,1276.612,1279.368,93520,150,0
2017-11-16,1279.379,1281.726,1275.115,1279.246,85604,150,0
2017-11-17,1279.223,1296.83,1278.894,1293.84,88772,150,0
2017-11-20,1293.464,1294.122,1274.297,1279.293,88985,150,0
2017-11-21,1279.294,1284.664,1276.275,1281.906,85376,150,0
2017-11-22,1281.911,1294.621,1279.024,1290.869,87843,150,0
2017-11-23,1290.875,1293.487,1286.959,1291.325,57663,150,0
2017-11-24,1291.284,1293.159,1285.476,1288.371,67508,156,0
2017-11-27,1287.427,1299.133,1286.73,1294.441,82978,150,0
2017-11-28,1294.452,1297.364,1290.544,1293.944,89571,150,0
2017-11-29,1293.945,1296.615,1282.053,1284.061,92339,150,0
2017-11-30,1284.064,1285.236,1270.367,1274.904,95875,153,0
2017-12-01,1274.908,1289.139,1271.57,1279.889,97562,150,0
2017-12-04,1273.83,1277.067,1270.759,1276.511,89664,150,0
2017-12-05,1276.495,1276.916,1260.856,1266.154,90477,150,0
2017-12-06,1266.161,1269.17,1262.51,1264.009,94003,150,0
2017-12-07,1263.942,1264.06,1243.78,1247.041,94278,150,0
2017-12-08,1247.057,1252.314,1243.205,1248.137,84608,158,0
2017-12-11,1248.601,1251.481,1240.627,1242.79,81994,150,0
2017-12-12,1242.786,1246.183,1236.445,1243.359,82487,150,0
2017-12-13,1243.353,1256.949,1240.252,1253.965,89274,150,0
2017-12-14,1253.933,1259.009,1250.485,1253.479,92308,150,0
2017-12-15,1253.483,1261.769,1253.07,1254.982,87613,150,0
2017-12-18,1253.823,1263.917,1252.727,1261.397,80995,150,0
2017-12-19,1261.413,1265.171,1259.22,1261.705,77540,150,0
2017-12-20,1261.699,1267.752,1261.366,1266.407,76525,150,0
2017-12-21,1266.402,1268.882,1262.705,1266.952,73675,150,0
2017-12-22,1266.954,1276.087,1264.908,1274.762,68392,150,0
2017-12-26,1278.706,1283.692,1277.026,1282.067,43284,150,0
2017-12-27,1282.069,1288.909,1281.327,1287.624,74066,150,0
2017-12-28,1287.634,1295.161,1287.157,1294.062,76858,150,0
2017-12-29,1294.062,1307.502,1293.964,1302.632,72074,152,0
2018-01-02,1307.421,1321.326,1307.393,1320.187,67312,150,0
2018-01-03,1320.185,1321.208,1307.448,1311.119,86585,150,0
2018-01-04,1311.108,1325.917,1305.757,1320.912,87571,150,0
2018-01-05,1320.844,1323.349,1313.663,1319.231,78554,150,0
2018-01-08,1319.525,1322.096,1314.762,1317.997,74120,150,0
2018-01-09,1318.007,1320.129,1308.841,1310.342,85390,150,0
2018-01-10,1310.341,1327.657,1308.08,1317.744,90455,150,0
2018-01-11,1317.743,1323.885,1315.675,1322.757,86706,150,0
2018-01-12,1322.754,1339.288,1322.754,1337.542,90568,150,0
2018-01-15,1336.878,1344.658,1336.475,1341.511,69258,150,0
2018-01-16,1341.523,1341.929,1331.857,1340.697,94604,150,0
2018-01-17,1340.7,1343.89,1325.858,1328.515,100209,150,0
2018-01-18,1328.543,1333.027,1324.145,1327.924,95900,150,0
2018-01-19,1327.92,1337.98,1326.78,1331.642,88612,150,0
2018-01-21,1333.8,1335.53,1331.81,1334.72,3264,180,0
2018-01-22,1334.733,1335.535,1328.35,1333.15,83251,150,0
2018-01-23,1333.152,1342.243,1331.322,1341.828,87525,150,0
2018-01-24,1341.769,1361.966,1339.483,1356.106,96771,151,0
2018-01-25,1356.115,1366.009,1342.33,1346.749,109233,150,0
2018-01-26,1346.738,1357.063,1345.841,1349.819,96764,150,0
2018-01-28,1349.64,1351.135,1348.912,1351.135,2750,180,0
2018-01-29,1351.108,1352.35,1337.606,1341.228,93098,150,0
2018-01-30,1341.228,1348.806,1334.424,1338.505,100557,150,0
2018-01-31,1338.471,1345.093,1336.353,1343.184,57638,150,0
2018-02-02,1344.94,1346.945,1327.434,1332.879,51638,150,0
2018-02-04,1331.76,1333.857,1329.492,1332.563,3725,180,0
2018-02-05,1332.49,1341.507,1328.966,1340.392,104604,150,0
2018-02-06,1340.325,1345.996,1320.126,1325.316,121144,150,0
2018-02-07,1325.317,1332.247,1311.333,1319.033,103190,150,0
2018-02-08,1319.057,1322.607,1307.04,1322.016,107198,150,0
2018-02-09,1322.016,1322.016,1311.135,1315.932,102816,150,0
2018-02-11,1314.95,1316.772,1314.145,1316.27,2652,195,0
2018-02-12,1316.294,1326.39,1315.968,1322.499,87782,150,0
2018-02-13,1322.531,1332.951,1321.583,1331.757,90896,150,0
2018-02-14,1331.793,1355.458,1316.938,1353.812,104291,150,0
2018-02-15,1353.797,1357.052,1348.525,1353.854,93729,150,0
2018-02-16,1353.847,1361.69,1344.787,1347.061,89971,150,0
2018-02-18,1347.25,1349.824,1347.25,1348.028,2806,180,0
2018-02-19,1348.028,1351.31,1343.102,1345.314,61269,150,0
2018-02-20,1345.314,1346.513,1328.452,1329.9,91075,150,0
2018-02-21,1329.914,1336.146,1322.348,1326.758,93504,150,0
2018-02-22,1326.762,1332.115,1320.924,1330.5,90003,150,0
2018-02-23,1330.492,1331.579,1325.777,1328.601,80135,150,0
2018-02-25,1328.2,1329.9,1326.626,1327.032,3194,180,0
2018-02-26,1327.034,1340.98,1327.034,1332.173,87840,150,0
2018-02-27,1332.157,1336.67,1313.4,1317.453,93264,150,0
2018-02-28,1317.468,1322.429,1315.597,1317.365,90725,150,0
2018-03-01,1317.33,1321.008,1302.773,1316.997,101376,150,0
2018-03-02,1317.002,1325.392,1315.179,1322.358,94228,150,0
2018-03-04,1323.682,1324.22,1319.715,1323.064,3078,180,0
2018-03-05,1323.075,1327.742,1317.504,1320.915,101364,150,0
2018-03-06,1320.904,1340.406,1320.48,1339.06,103608,150,0
2018-03-07,1339.045,1340.349,1322.043,1324.498,104499,150,0
2018-03-08,1324.486,1328.971,1319.01,1320.904,96090,150,0
2018-03-09,1320.926,1325.084,1312.78,1323.245,86259,150,0
2018-03-11,1322.7,1323.363,1322.49,1323.083,804,180,0
2018-03-12,1323.123,1325.644,1315.071,1325.0,75918,150,0
2018-03-13,1324.95,1328.22,1313.751,1326.338,88498,150,0
2018-03-14,1326.262,1329.987,1321.495,1325.201,80814,150,0
2018-03-15,1325.202,1327.898,1314.924,1315.818,72101,150,0
2018-03-16,1315.814,1321.667,1309.655,1313.712,67268,150,0
2018-03-18,1313.13,1313.747,1312.77,1313.147,1205,163,0
2018-03-19,1313.157,1319.566,1307.776,1317.024,74208,150,0
2018-03-20,1317.033,1317.375,1307.165,1310.014,70137,150,0
2018-03-21,1309.987,1336.555,1309.812,1332.021,81166,150,0
2018-03-22,1332.021,1334.824,1324.755,1332.686,88125,150,0
2018-03-23,1332.665,1350.166,1331.726,1346.981,85546,150,0
2018-03-25,1350.1,1350.298,1348.188,1348.232,2520,178,0
2018-03-26,1348.289,1355.871,1343.444,1352.894,78128,150,0
2018-03-27,1352.849,1356.789,1339.845,1345.432,82168,150,0
2018-03-28,1345.431,1346.98,1323.475,1326.499,94305,150,0
2018-03-29,1326.49,1328.3,1321.22,1325.183,74266,150,0
2018-03-30,1325.1,1325.1,1325.1,1325.1,1,400,0
2018-04-01,1326.21,1327.482,1326.061,1326.61,2153,178,0
2018-04-02,1326.612,1344.774,1325.768,1341.545,74551,150,0
2018-04-03,1341.538,1342.438,1328.898,1333.149,82653,150,0
2018-04-04,1333.151,1348.148,1331.47,1333.42,86378,150,0
2018-04-05,1333.437,1333.778,1322.693,1330.9,80531,150,0
2018-04-06,1330.894,1335.331,1319.548,1333.108,84779,150,0
2018-04-08,1333.65,1334.057,1331.754,1332.479,2628,187,0
2018-04-09,1332.487,1337.914,1326.836,1336.446,81309,150,0
2018-04-10,1336.451,1342.539,1331.01,1341.741,83230,150,0
2018-04-11,1341.742,1365.089,1339.756,1352.897,88687,150,0
2018-04-12,1352.87,1353.133,1333.776,1337.782,86207,150,0
2018-04-13,1337.741,1347.094,1333.022,1345.245,76397,150,0
2018-04-15,1342.258,1345.655,1342.106,1343.811,3054,180,0
2018-04-16,1343.839,1350.447,1341.167,1348.056,77428,150,0
2018-04-17,1348.046,1349.332,1337.648,1346.234,75168,150,0
2018-04-18,1346.232,1355.631,1342.247,1350.559,78654,150,0
2018-04-19,1350.604,1354.661,1340.923,1344.409,82436,150,0
2018-04-20,1344.405,1345.681,1334.954,1335.145,70657,150,0
2018-04-22,1332.97,1334.586,1332.484,1332.891,2247,179,0
2018-04-23,1332.891,1335.374,1322.102,1324.506,76392,150,0
2018-04-24,1324.537,1332.586,1321.946,1331.625,74809,150,0
2018-04-25,1331.624,1331.641,1318.784,1322.635,72129,150,0
2018-04-26,1322.634,1326.506,1315.229,1317.947,71478,150,0
2018-04-27,1317.951,1325.174,1315.323,1323.296,66375,150,0
2018-04-29,1322.9,1323.751,1322.741,1323.321,1058,180,0
2018-04-30,1323.297,1324.868,1310.252,1315.127,66510,150,0
2018-05-01,1315.09,1315.229,1301.765,1305.515,66745,150,0
2018-05-02,1305.516,1313.354,1303.887,1305.838,79455,150,0
2018-05-03,1305.836,1318.012,1305.442,1312.777,76367,150,0
2018-05-04,1312.792,1315.276,1307.936,1314.821,66596,150,0
2018-05-06,1314.96,1315.334,1314.234,1314.686,1365,180,0
2018-05-07,1314.686,1318.832,1310.197,1315.78,66844,150,0
2018-05-08,1315.782,1317.713,1306.04,1316.337,78235,150,0
2018-05-09,1316.388,1317.308,1304.095,1312.42,78426,150,0
2018-05-10,1312.42,1322.778,1310.753,1321.131,75844,150,0
2018-05-11,1321.079,1325.873,1317.075,1318.125,64855,150,0
2018-05-13,1318.81,1320.16,1318.703,1320.063,1804,197,0
2018-05-14,1320.003,1322.273,1312.916,1313.718,64436,150,0
2018-05-15,1313.706,1314.808,1288.662,1292.756,77800,150,0
2018-05-16,1292.777,1296.834,1286.368,1291.74,75217,150,0
2018-05-17,1291.74,1294.337,1284.745,1289.474,71335,150,0
2018-05-18,1289.479,1294.142,1286.064,1292.962,63909,150,0
2018-05-20,1290.56,1291.76,1290.306,1291.152,1586,171,0
2018-05-21,1291.142,1293.379,1282.056,1292.457,68971,150,0
2018-05-22,1292.486,1296.054,1287.905,1293.461,70082,150,0
2018-05-23,1293.457,1298.268,1287.036,1294.923,85056,150,0
2018-05-24,1294.922,1306.571,1292.709,1304.361,76686,150,0
2018-05-25,1304.331,1307.716,1299.84,1301.264,72311,150,0
2018-05-27,1297.48,1299.39,1296.824,1298.759,1570,217,0
2018-05-28,1298.765,1300.253,1295.472,1298.025,51921,150,0
2018-05-29,1298.024,1306.474,1291.871,1302.115,92861,150,0
2018-05-30,1302.092,1304.208,1295.848,1302.516,85388,150,0
2018-05-31,1302.48,1306.399,1296.941,1299.39,82221,150,0
2018-06-01,1299.377,1300.539,1289.318,1292.928,72628,150,0
2018-06-03,1293.33,1294.461,1292.448,1292.71,1748,212,0
2018-06-04,1292.67,1297.981,1290.13,1291.514,69570,150,0
2018-06-05,1291.503,1300.466,1289.85,1296.876,68476,150,0
2018-06-06,1296.886,1301.728,1293.756,1297.281,69115,150,0
2018-06-07,1297.275,1303.054,1294.868,1297.222,73063,150,0
2018-06-08,1297.188,1300.48,1291.59,1298.456,67573,150,0
2018-06-10,1298.637,1299.717,1298.619,1299.122,1431,188,0
2018-06-11,1299.062,1302.118,1294.092,1298.146,64452,150,0
2018-06-12,1298.113,1299.736,1292.314,1295.435,71494,150,0
2018-06-13,1295.426,1301.124,1291.572,1299.33,66863,150,0
2018-06-14,1299.358,1309.231,1297.507,1302.365,76056,150,0
2018-06-15,1302.352,1302.979,1275.39,1279.602,81746,150,0
2018-06-17,1279.739,1281.192,1279.299,1280.925,1919,199,0
2018-06-18,1280.93,1282.351,1277.006,1281.281,66262,150,0
2018-06-19,1281.261,1284.015,1270.4,1274.982,78698,150,0
2018-06-20,1274.979,1276.32,1267.44,1269.389,76001,150,0
2018-06-21,1269.399,1270.059,1261.332,1267.292,76540,150,0
2018-06-22,1267.296,1271.008,1266.718,1269.088,65202,150,0
2018-06-24,1271.095,1271.624,1270.871,1270.932,1414,225,0
2018-06-25,1270.932,1272.531,1264.363,1265.978,75762,150,0
2018-06-26,1265.962,1267.653,1254.748,1258.143,77825,150,0
2018-06-27,1258.141,1259.989,1250.746,1252.881,84669,150,0
2018-06-28,1252.884,1254.229,1245.91,1248.581,81313,150,0
2018-06-29,1248.551,1255.573,1245.978,1252.533,79160,150,0
2018-07-01,1253.02,1254.149,1252.785,1253.365,2202,216,0
2018-07-02,1253.329,1253.576,1239.648,1242.103,75367,150,0
2018-07-03,1242.105,1256.819,1237.914,1254.923,76943,150,0
2018-07-04,1254.923,1261.034,1253.985,1256.914,59939,150,0
2018-07-05,1256.908,1259.69,1251.262,1257.276,79228,150,0
2018-07-06,1257.317,1258.7,1252.776,1254.736,70201,150,0
2018-07-08,1255.83,1256.555,1255.637,1256.397,1155,183,0
2018-07-09,1256.377,1265.847,1255.423,1258.36,69082,150,0
2018-07-10,1258.35,1260.294,1247.33,1255.913,75041,150,0
2018-07-11,1255.912,1256.024,1241.507,1242.673,82708,150,0
2018-07-12,1242.671,1248.51,1241.29,1245.993,72577,150,0
2018-07-13,1245.942,1248.029,1236.388,1241.512,71700,150,0
2018-07-15,1241.63,1242.103,1241.064,1241.118,1275,229,0
2018-07-16,1241.118,1245.518,1238.302,1240.685,63113,150,0
2018-07-17,1240.688,1244.927,1226.064,1227.119,74918,150,0
2018-07-18,1227.168,1229.081,1221.047,1227.335,71135,150,0
2018-07-19,1227.334,1228.95,1211.435,1223.425,83248,150,0
2018-07-20,1223.439,1232.205,1215.673,1231.498,82784,150,0
2018-07-22,1231.819,1233.267,1231.5,1232.849,2694,183,0
2018-07-23,1232.845,1235.039,1222.211,1224.211,75551,150,0
2018-07-24,1224.211,1229.421,1218.045,1225.12,76108,150,0
2018-07-25,1225.151,1234.107,1223.213,1233.042,79080,150,0
2018-07-26,1233.06,1235.133,1222.31,1224.085,78515,150,0
2018-07-27,1224.066,1227.256,1217.538,1222.619,68370,150,0
2018-07-29,1223.091,1223.572,1222.006,1222.439,1316,188,0
2018-07-30,1222.455,1225.028,1219.0,1222.479,59635,150,0
2018-07-31,1222.503,1228.45,1214.003,1223.896,74550,150,0
2018-08-01,1223.9,1224.683,1215.741,1217.771,70944,150,0
2018-08-02,1217.796,1221.032,1207.015,1208.352,73887,150,0
2018-08-03,1208.351,1219.955,1204.451,1213.262,67725,150,0
2018-08-05,1213.69,1215.044,1213.516,1214.79,1515,215,0
2018-08-06,1214.789,1217.817,1205.895,1208.687,67281,150,0
2018-08-07,1208.691,1216.098,1207.771,1212.388,63870,150,0
2018-08-08,1212.391,1215.755,1206.202,1213.255,65621,150,0
2018-08-09,1213.266,1217.244,1210.744,1212.093,66880,150,0
2018-08-10,1212.077,1217.055,1205.726,1211.004,78903,150,0
2018-08-12,1212.46,1213.801,1211.927,1212.318,2123,207,0
2018-08-13,1212.291,1212.562,1191.497,1192.799,85309,150,0
2018-08-14,1192.767,1198.65,1192.057,1193.887,71931,150,0
2018-08-15,1193.888,1194.128,1173.089,1173.75,83753,150,0
2018-08-16,1173.75,1181.96,1160.182,1175.328,85975,150,0
2018-08-17,1175.324,1184.952,1171.9,1184.73,75507,150,0
2018-08-19,1183.23,1183.792,1182.915,1183.535,1629,150,0
2018-08-20,1183.519,1191.251,1182.868,1191.173,68372,150,0
2018-08-21,1191.174,1196.942,1187.643,1195.951,75486,150,0
2018-08-22,1195.993,1201.544,1192.58,1195.066,71897,150,0
2018-08-23,1195.049,1195.44,1183.861,1184.487,75375,150,0
2018-08-24,1184.489,1208.517,1183.097,1205.638,72855,150,0
2018-08-26,1206.47,1207.867,1206.054,1207.786,2220,213,0
2018-08-27,1207.746,1212.319,1203.205,1211.015,55572,150,0
2018-08-28,1211.007,1214.24,1199.616,1202.634,74779,150,0
2018-08-29,1202.634,1207.793,1201.376,1207.132,72380,150,0
2018-08-30,1207.153,1207.216,1196.244,1199.87,75936,150,0
2018-08-31,1199.865,1208.789,1198.273,1200.848,77393,150,0
2018-09-02,1199.64,1200.007,1198.719,1199.095,1607,180,0
2018-09-03,1199.094,1203.818,1195.522,1200.751,47175,150,0
2018-09-04,1200.745,1201.964,1189.626,1191.991,76939,150,0
2018-09-05,1191.99,1198.332,1190.904,1197.074,70719,150,0
2018-09-06,1197.082,1206.918,1195.68,1201.112,76268,150,0
2018-09-07,1201.116,1203.478,1193.405,1195.623,76285,150,0
2018-09-09,1195.01,1196.234,1194.902,1196.117,1593,192,0
2018-09-10,1196.089,1198.421,1191.524,1195.008,67383,150,0
2018-09-11,1195.011,1199.343,1187.715,1197.004,67654,150,0
2018-09-12,1197.005,1208.441,1192.586,1206.205,75577,150,0
2018-09-13,1206.2,1212.615,1200.116,1202.073,75522,150,0
2018-09-14,1202.074,1208.504,1192.897,1193.235,69848,150,0
2018-09-16,1194.16,1194.368,1193.014,1193.366,1616,150,0
2018-09-17,1193.364,1204.765,1192.773,1198.369,72802,150,0
2018-09-18,1198.371,1203.473,1195.844,1199.503,75974,150,0
2018-09-19,1199.496,1206.147,1198.211,1203.945,71491,150,0
2018-09-20,1203.942,1208.365,1201.037,1207.354,73370,150,0
2018-09-21,1207.365,1211.006,1191.846,1199.512,75198,150,0
2018-09-23,1197.695,1198.44,1197.033,1197.935,1442,171,0
2018-09-24,1197.932,1204.111,1194.391,1199.281,66963,150,0
2018-09-25,1199.307,1203.269,1197.039,1201.191,66699,150,0
2018-09-26,1201.194,1202.393,1190.49,1196.461,74076,150,0
2018-09-27,1196.408,1198.555,1181.877,1183.541,76433,150,0
2018-09-28,1183.53,1193.699,1180.744,1191.768,72587,150,0
2018-09-30,1191.41,1192.131,1190.673,1190.872,1854,205,0
2018-10-01,1190.877,1192.04,1184.552,1188.994,71690,150,0
2018-10-02,1189.013,1208.16,1188.721,1205.487,80538,150,0
2018-10-03,1205.491,1208.216,1196.457,1197.928,79670,150,0
2018-10-04,1197.93,1206.649,1195.979,1199.055,80859,150,0
2018-10-05,1199.048,1205.713,1197.22,1202.678,72844,150,0
2018-10-07,1203.12,1203.97,1202.859,1203.755,1546,180,0
2018-10-08,1203.753,1204.04,1182.418,1190.65,74773,150,0
2018-10-09,1190.672,1191.805,1183.311,1189.84,76690,150,0
2018-10-10,1189.827,1194.775,1185.282,1193.88,78062,150,0
2018-10-11,1193.905,1226.272,1191.24,1221.251,96895,150,0
2018-10-12,1221.266,1223.444,1215.814,1217.801,56398,218,0
2018-10-14,1218.857,1220.249,1218.857,1219.204,1319,218,0
2018-10-15,1219.203,1233.204,1219.203,1226.768,55290,210,0
2018-10-16,1226.77,1232.331,1223.343,1224.911,53841,206,0
2018-10-17,1224.911,1229.433,1220.597,1222.194,57936,204,0
2018-10-18,1222.195,1230.053,1218.669,1225.835,59274,211,0
2018-10-19,1225.834,1230.727,1223.113,1226.292,54756,190,0
2018-10-21,1228.066,1228.122,1226.754,1227.274,2225,228,0
2018-10-22,1227.297,1229.485,1220.088,1222.323,51754,222,0
2018-10-23,1222.321,1239.675,1221.89,1230.884,57730,216,0
2018-10-24,1230.866,1235.205,1225.607,1235.166,59119,210,0
2018-10-25,1235.207,1239.116,1228.072,1231.772,60178,200,0
2018-10-26,1231.742,1243.354,1230.045,1233.594,66020,195,0
2018-10-28,1233.097,1233.928,1232.671,1232.738,2118,192,0
2018-10-29,1232.757,1235.328,1224.317,1230.052,71621,150,0
2018-10-30,1230.065,1230.548,1219.892,1222.556,62889,183,0
2018-10-31,1222.56,1222.812,1211.958,1216.016,60780,173,0
2018-11-01,1216.016,1237.33,1215.883,1232.947,64135,169,0
2018-11-02,1232.959,1236.396,1229.748,1232.876,65481,167,0
2018-11-04,1233.117,1234.183,1233.117,1234.042,1462,167,0
2018-11-05,1234.076,1235.088,1226.875,1231.021,56561,160,0
2018-11-06,1231.026,1235.855,1223.466,1227.877,55311,221,0
2018-11-07,1227.878,1236.346,1222.912,1226.04,66695,213,0
2018-11-08,1226.03,1226.861,1220.112,1223.048,60967,204,0
2018-11-09,1223.047,1223.248,1206.739,1209.584,59529,199,0
2018-11-11,1209.544,1210.727,1209.217,1210.726,1424,224,0
2018-11-12,1210.723,1211.388,1200.085,1202.29,54901,216,0
2018-11-13,1202.296,1205.123,1196.294,1203.024,60926,209,0
2018-11-14,1203.022,1216.282,1197.669,1210.97,65356,204,0
2018-11-15,1210.959,1216.339,1207.648,1213.946,65255,196,0
2018-11-16,1213.961,1225.238,1213.826,1221.559,58274,191,0
2018-11-18,1221.955,1222.686,1221.555,1222.522,1336,193,0
2018-11-19,1222.523,1225.16,1218.009,1224.101,56687,187,0
2018-11-20,1224.1,1228.706,1219.922,1221.625,60471,181,0
2018-11-21,1221.627,1230.015,1219.783,1225.745,54353,180,0
2018-11-22,1225.748,1229.014,1224.873,1227.373,36160,205,0
2018-11-23,1227.372,1228.48,1220.299,1222.983,41975,222,0
2018-11-25,1223.581,1224.339,1223.283,1224.3,1429,223,0
2018-11-26,1224.301,1227.983,1221.685,1222.612,50919,218,0
2018-11-27,1222.626,1225.205,1211.898,1214.449,53272,214,0
2018-11-28,1214.449,1226.609,1211.169,1221.009,55028,216,0
2018-11-29,1221.008,1228.931,1220.668,1224.258,57062,209,0
2018-11-30,1224.262,1225.493,1216.663,1222.016,50161,204,0
2018-12-02,1223.023,1223.174,1221.97,1222.05,1600,211,0
2018-12-03,1222.058,1234.883,1221.28,1231.169,58330,204,0
2018-12-04,1231.176,1241.896,1230.498,1238.768,61145,196,0
2018-12-05,1238.722,1238.987,1233.326,1238.256,44104,195,0
2018-12-06,1238.251,1244.259,1234.732,1237.38,63674,221,0
2018-12-07,1237.366,1249.978,1237.29,1248.211,57352,226,0
2018-12-09,1250.188,1250.477,1248.844,1248.988,1765,234,0
2018-12-10,1248.988,1250.265,1241.6,1244.106,58091,222,0
2018-12-11,1244.11,1249.461,1241.008,1243.09,56509,222,0
2018-12-12,1243.089,1247.163,1241.987,1246.085,55675,217,0
2018-12-13,1246.086,1246.679,1240.099,1242.442,54043,212,0
2018-12-14,1242.445,1242.975,1232.889,1238.244,52015,215,0
2018-12-16,1237.299,1237.913,1236.962,1237.071,1175,236,0
2018-12-17,1237.075,1248.032,1235.793,1245.848,51607,225,0
2018-12-18,1245.848,1250.309,1245.033,1249.468,53870,219,0
2018-12-19,1249.474,1257.967,1241.503,1244.137,62019,211,0
2018-12-20,1244.113,1266.419,1242.739,1261.947,68973,205,0
2018-12-21,1261.961,1262.697,1253.951,1255.655,59029,197,0
2018-12-23,1258.6,1259.027,1257.98,1258.858,1537,228,0
2018-12-24,1258.847,1269.488,1258.768,1268.232,46075,230,0
2018-12-26,1273.719,1278.99,1264.572,1269.12,61059,235,0
2018-12-27,1269.123,1278.876,1266.638,1274.689,65920,225,0
2018-12-28,1274.668,1282.053,1274.251,1280.724,59272,226,0
2018-12-30,1280.074,1280.074,1278.913,1279.756,1305,228,0
2018-12-31,1279.756,1284.009,1277.432,1282.507,46010,225,0
2019-01-02,1281.143,1290.153,1278.603,1285.846,60195,233,0
2019-01-03,1285.835,1295.181,1284.588,1295.159,67129,227,0
2019-01-04,1295.157,1298.467,1276.643,1284.718,65550,217,0
2019-01-06,1285.549,1285.938,1284.114,1284.203,1584,216,0
2019-01-07,1284.201,1295.0,1282.631,1288.844,59536,210,0
2019-01-08,1288.845,1290.159,1279.375,1285.131,58849,203,0
2019-01-09,1285.13,1293.82,1280.111,1292.864,61732,198,0
2019-01-10,1292.873,1297.004,1286.093,1287.914,60141,231,0
2019-01-11,1287.925,1295.105,1286.982,1287.468,55036,224,0
2019-01-13,1288.078,1288.572,1287.884,1288.107,1332,224,0
2019-01-14,1288.102,1295.802,1287.934,1291.468,55337,218,0
2019-01-15,1291.471,1294.617,1286.724,1289.585,59561,210,0
2019-01-16,1289.586,1294.911,1287.899,1292.943,55501,206,0
2019-01-17,1292.943,1295.299,1288.779,1292.281,56047,198,0
2019-01-18,1292.283,1292.398,1280.615,1281.482,53929,192,0
2019-01-20,1282.538,1283.237,1282.464,1282.578,1277,193,0
2019-01-21,1282.587,1283.519,1276.77,1279.645,37332,188,0
2019-01-22,1279.649,1285.441,1277.405,1284.553,53101,185,0
2019-01-23,1284.559,1286.46,1278.67,1283.727,52297,182,0
2019-01-24,1283.723,1284.749,1276.792,1281.339,54623,231,0
2019-01-25,1281.338,1303.585,1279.946,1303.105,54425,227,0
2019-01-27,1302.403,1302.517,1299.918,1300.004,1515,241,0
2019-01-28,1300.002,1304.369,1297.679,1303.816,52473,235,0
2019-01-29,1303.823,1311.923,1302.677,1310.694,53551,237,0
2019-01-30,1310.7,1323.308,1309.012,1319.211,58029,233,0
2019-01-31,1319.211,1326.176,1317.425,1321.024,57271,224,0
2019-02-01,1321.026,1323.471,1316.102,1317.652,53919,219,0
2019-02-03,1317.638,1317.886,1316.529,1317.116,1317,219,0
2019-02-04,1317.133,1317.485,1308.627,1311.736,51850,212,0
2019-02-05,1311.737,1316.817,1310.721,1314.953,50701,207,0
2019-02-06,1314.948,1315.779,1305.718,1306.605,51436,203,0
2019-02-07,1306.596,1311.889,1302.797,1310.419,54701,197,0
2019-02-08,1310.427,1315.583,1307.77,1313.957,49509,196,0
2019-02-10,1313.52,1313.932,1313.372,1313.651,1182,195,0
2019-02-11,1313.637,1314.82,1303.694,1307.749,51997,190,0
2019-02-12,1307.748,1314.713,1306.502,1310.253,52814,187,0
2019-02-13,1310.25,1318.083,1305.036,1307.607,55255,183,0
2019-02-14,1307.612,1314.308,1302.365,1311.89,57632,178,0
2019-02-15,1311.891,1322.507,1311.365,1321.083,51942,239,0
2019-02-17,1320.975,1321.303,1320.583,1321.084,1460,246,0
2019-02-18,1321.101,1327.572,1320.844,1326.386,37424,243,0
2019-02-19,1326.386,1341.724,1322.82,1339.516,54530,241,0
2019-02-20,1339.516,1346.657,1336.863,1340.575,59232,233,0
2019-02-21,1340.573,1341.444,1320.91,1325.818,62332,221,0
2019-02-22,1325.818,1333.047,1321.512,1327.794,54698,214,0
2019-02-24,1327.607,1328.511,1327.511,1327.71,1341,218,0
2019-02-25,1327.717,1332.513,1325.132,1327.498,55306,210,0
2019-02-26,1327.502,1330.145,1323.487,1329.22,54852,204,0
2019-02-27,1329.212,1329.852,1316.911,1321.107,52795,197,0
2019-02-28,1321.086,1327.241,1312.565,1314.18,57159,191,0
2019-03-01,1314.18,1315.118,1290.161,1293.279,58635,233,0
2019-03-03,1295.386,1296.153,1295.016,1295.19,1688,232,0
2019-03-04,1295.206,1297.002,1282.833,1287.066,57075,221,0
2019-03-05,1287.065,1289.509,1281.209,1287.907,55833,215,0
2019-03-06,1287.909,1290.858,1283.601,1287.071,55293,208,0
2019-03-07,1287.096,1288.961,1280.832,1285.953,55667,202,0
2019-03-08,1285.971,1300.681,1285.198,1298.274,58795,198,0
2019-03-10,1296.869,1297.359,1296.613,1297.21,1290,241,0
2019-03-11,1297.214,1299.054,1290.453,1292.538,48100,233,0
2019-03-12,1292.576,1302.114,1292.422,1301.879,50404,227,0
2019-03-13,1301.908,1311.195,1301.674,1309.352,49645,223,0
2019-03-14,1309.353,1309.757,1292.842,1296.08,52470,232,0
2019-03-15,1296.081,1306.327,1293.963,1302.208,49179,225,0
2019-03-17,1302.109,1302.301,1300.568,1300.579,2298,234,0
2019-03-18,1300.586,1306.64,1298.185,1303.442,47914,229,0
2019-03-19,1303.445,1310.827,1303.414,1306.199,48476,223,0
2019-03-20,1306.189,1316.902,1298.671,1315.391,56333,219,0
2019-03-21,1315.392,1320.305,1303.262,1308.571,55424,230,0
2019-03-22,1308.575,1314.894,1306.82,1313.223,53581,222,0
2019-03-24,1313.47,1313.771,1311.644,1311.644,2419,226,0
2019-03-25,1311.608,1324.425,1310.994,1321.287,52107,219,0
2019-03-26,1321.3,1322.142,1312.681,1316.399,53373,236,0
2019-03-27,1316.408,1319.235,1308.129,1309.363,56269,234,0
2019-03-28,1309.36,1312.26,1288.539,1291.52,55807,222,0
2019-03-29,1291.526,1299.724,1286.575,1292.057,52863,217,0
2019-03-31,1292.237,1293.188,1291.446,1291.714,2637,222,0
2019-04-01,1291.725,1296.942,1286.498,1287.363,53127,232,0
2019-04-02,1287.366,1292.826,1285.247,1291.736,49161,226,0
2019-04-03,1291.734,1294.476,1288.39,1291.814,48576,201,0
2019-04-04,1291.813,1294.318,1280.894,1292.117,49369,198,0
2019-04-05,1292.125,1293.106,1284.39,1291.374,46681,231,0
2019-04-07,1292.246,1293.615,1291.401,1291.755,2246,243,0
2019-04-08,1291.725,1303.639,1291.659,1297.977,45640,234,0
2019-04-09,1297.973,1306.112,1296.566,1304.616,47301,231,0
2019-04-10,1304.609,1310.529,1300.937,1308.043,49247,229,0
2019-04-11,1308.044,1308.315,1289.673,1292.195,50991,218,0
2019-04-12,1292.165,1295.691,1290.021,1290.433,46020,215,0
2019-04-14,1291.299,1291.907,1289.32,1289.732,2451,216,0
2019-04-15,1289.732,1290.324,1282.493,1288.357,48413,0,0
2019-04-16,1288.355,1288.36,1272.935,1276.587,49849,227,0
2019-04-17,1276.568,1279.72,1273.014,1274.169,46917,201,0
2019-04-18,1274.169,1277.605,1271.069,1275.593,44975,197,0
2019-04-22,1276.818,1279.736,1273.789,1274.59,36682,233,0
2019-04-23,1274.59,1276.436,1266.285,1271.399,44013,230,0
2019-04-24,1271.414,1278.443,1268.69,1274.664,46660,225,0
2019-04-25,1274.667,1282.534,1273.354,1278.608,46953,219,0
2019-04-26,1278.573,1288.629,1274.502,1285.879,47720,214,0
2019-04-28,1285.979,1286.616,1285.712,1285.822,1862,218,0
2019-04-29,1285.823,1286.58,1278.063,1280.369,42626,213,0
2019-04-30,1280.367,1286.142,1279.854,1283.142,46707,227,0
2019-05-01,1283.119,1287.164,1273.002,1277.049,48767,229,0
2019-05-02,1277.05,1277.372,1266.24,1270.734,47793,222,0
2019-05-03,1270.733,1282.498,1268.47,1278.982,43446,217,0
2019-05-05,1282.584,1285.752,1281.669,1284.203,5129,226,0
2019-05-06,1284.199,1285.111,1276.985,1282.85,50082,230,0
2019-05-07,1282.852,1286.016,1278.185,1284.785,49689,230,0
2019-05-08,1284.785,1291.395,1279.357,1281.319,50498,231,0
2019-05-09,1281.318,1288.114,1279.337,1283.708,53765,230,0
2019-05-10,1283.712,1289.351,1283.144,1285.684,52004,232,0
2019-05-12,1287.211,1288.026,1286.841,1287.176,2574,234,0
2019-05-13,1287.182,1301.69,1281.943,1301.69,49999,232,0
2019-05-14,1301.694,1303.24,1293.705,1297.074,46626,232,0
2019-05-15,1297.042,1300.817,1293.005,1296.476,48430,233,0
2019-05-16,1296.477,1298.663,1284.072,1285.838,46607,233,0
2019-05-17,1285.808,1288.879,1274.87,1277.647,45524,230,0
2019-05-19,1278.353,1278.841,1276.969,1277.713,2226,231,0
2019-05-20,1277.709,1278.891,1273.647,1277.401,44567,230,0
2019-05-21,1277.401,1277.41,1269.472,1274.591,42728,229,0
2019-05-22,1274.59,1277.217,1272.455,1274.226,41408,229,0
2019-05-23,1274.218,1287.194,1272.774,1284.127,48452,230,0
2019-05-24,1284.094,1285.154,1280.742,1284.805,42818,230,0
2019-05-26,1285.418,1285.576,1284.1,1284.679,2000,234,0
2019-05-27,1284.675,1287.325,1283.743,1285.687,27498,231,0
2019-05-28,1285.694,1286.519,1276.128,1279.875,47324,230,0
2019-05-29,1279.875,1285.447,1279.065,1279.836,51163,230,0
2019-05-30,1279.841,1290.554,1274.984,1290.435,47850,230,0
2019-05-31,1290.427,1306.834,1290.347,1305.484,53984,233,0
2019-06-02,1306.676,1309.387,1306.44,1309.259,3541,237,0
2019-06-03,1309.255,1327.91,1308.503,1325.116,57396,236,0
2019-06-04,1325.116,1328.977,1319.935,1325.293,56645,238,0
2019-06-05,1325.289,1343.99,1325.289,1330.876,61616,239,0
2019-06-06,1330.873,1339.718,1327.219,1333.393,56601,240,0
2019-06-07,1333.396,1348.18,1330.178,1340.699,52114,240,0
2019-06-09,1334.655,1335.765,1333.279,1334.981,3508,241,0
2019-06-10,1334.964,1337.615,1325.084,1329.238,52004,239,0
2019-06-11,1329.241,1329.791,1319.857,1327.709,50056,239,0
2019-06-12,1327.712,1338.259,1325.99,1333.523,54077,241,0
2019-06-13,1333.52,1344.552,1332.371,1344.433,53544,241,0
2019-06-14,1344.434,1358.042,1337.781,1341.217,57375,242,0
2019-06-16,1341.811,1341.999,1338.505,1338.532,2700,242,0
2019-06-17,1338.534,1343.424,1332.97,1339.654,54101,242,0
2019-06-18,1339.654,1354.524,1338.59,1345.447,61520,243,0
2019-06-19,1345.447,1362.504,1341.317,1357.883,66327,243,0
2019-06-20,1357.89,1393.816,1357.89,1390.81,80147,249,0
2019-06-21,1390.79,1411.56,1382.379,1399.452,77485,252,0
2019-06-23,1400.407,1410.164,1400.295,1406.811,6390,260,0
2019-06-24,1406.811,1425.953,1400.695,1425.209,69848,255,0
2019-06-25,1425.223,1439.001,1411.903,1418.335,91662,259,0
2019-06-26,1418.358,1420.489,1401.959,1410.685,77391,256,0
2019-06-27,1410.7,1411.999,1398.53,1411.055,66727,254,0
2019-06-28,1411.014,1424.526,1405.67,1409.677,63383,260,0
2019-06-30,1392.789,1397.69,1389.255,1392.085,7788,260,0
2019-07-01,1392.04,1396.989,1381.774,1385.483,70140,260,0
2019-07-02,1385.489,1436.051,1383.866,1431.221,73120,260,0
2019-07-03,1431.263,1437.668,1412.029,1418.383,74620,260,0
2019-07-04,1418.394,1424.11,1410.205,1420.899,45666,260,0
2019-07-05,1420.909,1421.301,1386.529,1398.739,67080,260,0
2019-07-07,1399.279,1399.306,1392.706,1395.651,4869,260,0
2019-07-08,1395.637,1407.526,1391.726,1394.305,59984,260,0
2019-07-09,1394.281,1399.945,1385.732,1395.216,58928,260,0
2019-07-10,1395.241,1422.438,1389.917,1421.981,67763,260,0
2019-07-11,1421.965,1427.032,1400.823,1403.926,66695,260,0
2019-07-12,1403.949,1416.79,1403.075,1415.346,56836,260,0
2019-07-14,1416.621,1419.668,1412.835,1416.199,4437,260,0
2019-07-15,1416.2,1418.197,1407.713,1415.433,55714,260,0
2019-07-16,1415.422,1416.205,1400.935,1405.188,58840,260,0
2019-07-17,1405.167,1428.505,1400.082,1424.592,59156,260,0
2019-07-18,1424.629,1452.884,1414.55,1442.887,74477,260,0
2019-07-19,1442.892,1445.205,1420.192,1425.402,68485,260,0
2019-07-21,1426.629,1427.068,1423.581,1425.038,3545,260,0
2019-07-22,1425.04,1429.939,1422.251,1423.655,56953,260,0
2019-07-23,1423.647,1429.963,1414.109,1417.011,60827,260,0
2019-07-24,1417.011,1429.391,1416.505,1425.282,54050,260,0
2019-07-25,1425.248,1433.723,1411.072,1415.008,59087,260,0
2019-07-26,1415.009,1424.753,1413.451,1418.343,48792,260,0
2019-07-28,1420.739,1420.858,1419.289,1420.079,2221,260,0
2019-07-29,1420.086,1428.062,1414.68,1424.462,47932,260,0
2019-07-30,1424.46,1433.146,1422.268,1430.766,47211,260,0
2019-07-31,1430.785,1434.227,1410.546,1412.164,64840,260,0
2019-08-01,1412.168,1446.613,1400.49,1438.129,76038,260,0
2019-08-02,1438.118,1447.895,1430.254,1440.772,74312,260,0
2019-08-04,1440.304,1441.167,1436.728,1439.554,3103,260,0
2019-08-05,1439.575,1474.68,1438.704,1473.969,82939,260,0
2019-08-06,1473.956,1477.268,1456.421,1476.792,72067,260,0
2019-08-07,1476.772,1510.312,1474.569,1501.585,90920,260,0
2019-08-08,1501.585,1509.418,1489.833,1504.156,76356,260,0
2019-08-09,1504.153,1507.929,1494.751,1497.137,61915,260,0
2019-08-11,1496.193,1501.473,1494.538,1500.747,3500,260,0
2019-08-12,1500.786,1519.962,1487.335,1512.067,62845,260,0
2019-08-13,1512.061,1534.92,1479.833,1500.84,89151,260,0
2019-08-14,1500.839,1523.938,1494.162,1516.954,86568,260,0
2019-08-15,1516.931,1527.065,1507.809,1526.553,88177,260,0
2019-08-16,1526.535,1527.913,1503.709,1512.967,62562,260,0
2019-08-18,1509.674,1512.896,1509.05,1509.341,2974,260,0
2019-08-19,1509.376,1512.655,1492.957,1496.091,59154,260,0
2019-08-20,1496.059,1508.491,1494.344,1506.127,50985,260,0
2019-08-21,1506.128,1507.391,1496.514,1502.554,50615,260,0
2019-08-22,1502.559,1504.539,1492.448,1497.441,49626,260,0
2019-08-23,1497.442,1530.178,1493.504,1526.632,62133,260,0
2019-08-25,1546.31,1554.998,1543.391,1547.301,9366,260,0
2019-08-26,1547.299,1549.096,1525.003,1528.528,77423,260,0
2019-08-27,1528.526,1544.548,1525.568,1543.5,57850,260,0
2019-08-28,1543.477,1546.76,1531.905,1538.687,60930,260,0
2019-08-29,1538.674,1550.322,1519.642,1528.719,68252,260,0
2019-08-30,1528.664,1533.061,1517.002,1520.228,60971,260,0
2019-09-01,1529.614,1533.446,1528.299,1529.069,3903,260,0
2019-09-02,1529.103,1531.098,1519.344,1526.219,39705,260,0
2019-09-03,1526.22,1549.833,1521.608,1549.094,64877,260,0
2019-09-04,1549.056,1556.943,1533.825,1551.234,65523,260,0
2019-09-05,1551.208,1551.629,1505.819,1518.291,73932,260,0
2019-09-06,1518.333,1527.789,1502.426,1506.738,79783,260,0
2019-09-08,1505.025,1507.613,1503.375,1505.81,3825,260,0
2019-09-09,1505.777,1515.394,1495.433,1496.221,63348,260,0
2019-09-10,1496.172,1500.824,1484.457,1486.972,65923,260,0
2019-09-11,1486.969,1498.189,1486.846,1492.98,56015,260,0
2019-09-12,1492.984,1524.109,1489.231,1497.695,71123,260,0
2019-09-13,1497.728,1508.927,1485.772,1488.691,58489,260,0
2019-09-15,1500.527,1507.757,1498.627,1506.059,7207,260,0
2019-09-16,1506.096,1512.025,1495.879,1497.941,64297,260,0
2019-09-17,1497.967,1507.018,1493.178,1500.767,59505,260,0
2019-09-18,1500.771,1511.346,1483.001,1491.123,69565,260,0
2019-09-19,1491.122,1504.384,1488.772,1499.613,62689,260,0
2019-09-20,1499.595,1516.923,1498.3,1516.302,56766,260,0
2019-09-22,1512.952,1514.344,1511.696,1514.329,4316,260,0
2019-09-23,1514.332,1526.722,1511.437,1520.782,63807,260,0
2019-09-24,1520.78,1535.578,1515.597,1531.6,69250,260,0
2019-09-25,1531.552,1535.021,1500.255,1506.433,71547,260,0
2019-09-26,1506.434,1512.24,1500.368,1506.724,65074,260,0
2019-09-27,1506.756,1507.334,1486.852,1496.761,70092,260,0
2019-09-29,1496.467,1500.435,1496.033,1496.222,3686,260,0
2019-09-30,1496.224,1497.156,1464.466,1473.569,70434,260,0
2019-10-01,1473.577,1487.141,1459.052,1481.475,77024,260,0
2019-10-02,1481.513,1504.974,1474.508,1499.975,72162,260,0
2019-10-03,1499.983,1519.49,1495.789,1508.279,78148,260,0
2019-10-04,1508.246,1515.927,1495.826,1504.414,69816,260,0
2019-10-06,1508.319,1508.602,1505.394,1508.064,2559,260,0
2019-10-07,1508.069,1509.211,1488.078,1492.029,60364,260,0
2019-10-08,1492.016,1509.594,1486.904,1508.699,76743,260,0
2019-10-09,1508.71,1516.982,1499.793,1511.551,70155,260,0
2019-10-10,1511.568,1513.81,1491.134,1494.003,75541,260,0
2019-10-11,1493.986,1503.07,1473.972,1488.118,75716,260,0
2019-10-13,1486.82,1487.23,1482.815,1484.586,3656,260,0
2019-10-14,1484.634,1496.997,1483.727,1491.185,55798,260,0
2019-10-15,1491.218,1498.345,1477.203,1481.926,59669,260,0
2019-10-16,1481.926,1491.518,1477.01,1490.028,61871,260,0
2019-10-17,1490.03,1497.259,1483.406,1492.825,58480,260,0
2019-10-18,1492.787,1493.324,1484.85,1490.403,51434,260,0
2019-10-20,1491.988,1492.132,1490.489,1491.538,2774,260,0
2019-10-21,1491.541,1495.147,1481.54,1484.105,52388,260,0
2019-10-22,1484.107,1489.215,1480.846,1488.727,52564,260,0
2019-10-23,1488.738,1496.2,1487.687,1492.078,51932,260,0
2019-10-24,1492.076,1503.911,1487.961,1502.668,52202,260,0
2019-10-25,1502.68,1517.861,1500.591,1504.378,53602,260,0
2019-10-27,1502.711,1504.1,1502.212,1503.947,2241,260,0
2019-10-28,1503.955,1508.124,1490.002,1491.688,53170,260,0
2019-10-29,1491.688,1494.711,1483.555,1487.257,53008,260,0
2019-10-30,1487.249,1496.499,1481.144,1495.176,59084,260,0
2019-10-31,1495.193,1514.123,1493.92,1512.171,59494,260,0
2019-11-01,1512.182,1515.894,1503.321,1514.124,53872,260,0
2019-11-03,1512.838,1513.146,1512.227,1512.852,1265,260,0
2019-11-04,1512.851,1514.707,1504.384,1506.683,51987,260,0
2019-11-05,1506.687,1507.747,1479.308,1484.364,60666,260,0
2019-11-06,1484.398,1494.115,1482.94,1490.152,55562,260,0
2019-11-07,1490.175,1492.117,1460.63,1468.651,64358,260,0
2019-11-08,1468.616,1472.878,1456.2,1458.943,62333,260,0
2019-11-10,1460.307,1461.038,1459.98,1460.966,1448,260,0
2019-11-11,1460.973,1466.367,1448.205,1455.583,50732,260,0
2019-11-12,1455.581,1460.348,1445.578,1458.243,62446,260,0
2019-11-13,1458.265,1466.995,1457.204,1463.483,59300,260,0
2019-11-14,1463.479,1474.549,1461.113,1469.183,57436,260,0
2019-11-15,1469.19,1469.813,1462.402,1467.719,51512,260,0
2019-11-17,1467.963,1469.539,1467.65,1469.001,1330,260,0
2019-11-18,1469.01,1473.833,1456.334,1471.683,54714,260,0
2019-11-19,1471.666,1475.259,1464.773,1474.484,56231,260,0
2019-11-20,1474.477,1478.743,1465.81,1474.363,60904,260,0
2019-11-21,1474.382,1475.555,1462.357,1465.083,61030,260,0
2019-11-22,1465.047,1473.12,1461.334,1461.986,53220,260,0
2019-11-24,1460.59,1460.928,1459.64,1460.412,1493,260,0
2019-11-25,1460.401,1462.041,1453.615,1453.832,49500,260,0
2019-11-26,1453.84,1462.764,1449.895,1460.485,49717,260,0
2019-11-27,1460.45,1461.141,1452.534,1456.845,48888,260,0
2019-11-28,1456.817,1458.191,1454.194,1456.016,31323,260,0
2019-11-29,1456.024,1466.444,1452.991,1463.914,41400,260,0
2019-12-01,1462.603,1462.603,1461.559,1461.778,1604,260,0
2019-12-02,1461.746,1465.735,1453.917,1462.598,55645,260,0
2019-12-03,1462.609,1481.689,1459.793,1476.582,60953,260,0
2019-12-04,1476.593,1483.956,1471.408,1475.523,61313,260,0
2019-12-05,1475.524,1480.262,1472.87,1475.925,55198,260,0
2019-12-06,1475.942,1479.211,1458.659,1459.856,52962,260,0
2019-12-08,1458.717,1459.945,1458.71,1459.899,1533,260,0
2019-12-09,1459.893,1465.306,1459.057,1461.044,46173,260,0
2019-12-10,1461.038,1469.082,1460.008,1463.853,51513,260,0
2019-12-11,1463.814,1478.821,1462.703,1474.533,51963,260,0
2019-12-12,1474.542,1486.641,1461.868,1465.021,62262,260,0
2019-12-13,1465.06,1477.957,1464.768,1475.616,62447,260,0
2019-12-15,1474.939,1474.987,1473.729,1474.073,1686,260,0
2019-12-16,1474.096,1479.786,1473.141,1475.303,48458,260,0
2019-12-17,1475.307,1480.418,1474.185,1475.58,46623,260,0
2019-12-18,1475.577,1479.229,1470.436,1475.724,45443,260,0
2019-12-19,1475.721,1481.614,1473.248,1478.396,45813,260,0
2019-12-20,1478.414,1480.893,1475.817,1477.897,40933,260,0
2019-12-22,1477.946,1478.58,1477.448,1478.463,1329,260,0
2019-12-23,1478.461,1486.068,1478.382,1485.406,42660,260,0
2019-12-24,1485.44,1500.412,1484.343,1499.587,35710,260,0
2019-12-26,1504.34,1512.501,1502.695,1511.122,35982,260,0
2019-12-27,1511.118,1515.222,1507.309,1510.913,47361,260,0
2019-12-29,1511.309,1513.889,1511.012,1513.466,1803,260,0
2019-12-30,1513.459,1516.028,1510.741,1514.854,44922,260,0
2019-12-31,1514.854,1525.185,1514.769,1522.657,39708,260,0
2020-01-02,1518.464,1531.275,1517.172,1528.743,49227,260,0
2020-01-03,1528.725,1553.419,1528.725,1551.883,66506,260,0
2020-01-05,1577.36,1582.102,1566.855,1569.216,5727,260,0
2020-01-06,1569.151,1579.966,1560.818,1563.706,71962,260,0
2020-01-07,1563.723,1598.344,1555.277,1595.013,74597,260,0
2020-01-08,1594.963,1611.365,1552.222,1558.022,102199,260,0
2020-01-09,1558.016,1561.257,1540.211,1552.626,69282,260,0
2020-01-10,1552.59,1563.049,1545.667,1561.958,59424,260,0
2020-01-12,1559.741,1560.563,1557.998,1559.187,1862,260,0
2020-01-13,1559.187,1559.957,1544.911,1545.188,56753,260,0
2020-01-14,1545.196,1549.935,1535.834,1549.498,62787,260,0
2020-01-15,1549.489,1558.082,1546.34,1556.252,59092,260,0
2020-01-16,1556.272,1558.037,1547.955,1552.144,53711,260,0
2020-01-17,1552.147,1561.156,1549.343,1557.33,53162,260,0
2020-01-19,1558.947,1558.947,1556.292,1556.98,1808,260,0
2020-01-20,1556.975,1562.65,1556.627,1561.177,35364,260,0
2020-01-21,1561.174,1568.507,1546.314,1556.466,62737,260,0
2020-01-22,1556.421,1563.677,1550.135,1561.367,54440,260,0
2020-01-23,1561.378,1567.864,1551.892,1560.889,57507,260,0
2020-01-24,1560.883,1575.728,1556.513,1571.333,54198,260,0
2020-01-26,1581.234,1588.516,1581.234,1582.664,4435,260,0
2020-01-27,1582.704,1586.182,1575.831,1581.06,64194,260,0
2020-01-28,1581.057,1582.959,1565.52,1568.436,58785,260,0
2020-01-29,1568.45,1577.879,1563.318,1577.019,53987,260,0
2020-01-30,1577.001,1585.868,1572.23,1575.1,66345,260,0
2020-01-31,1575.101,1590.317,1570.919,1588.804,61502,260,0
2020-02-02,1588.544,1592.017,1587.972,1589.412,3041,260,0
2020-02-03,1589.377,1589.979,1569.346,1578.756,64774,260,0
2020-02-04,1578.768,1579.535,1549.005,1554.073,60412,260,0
2020-02-05,1554.056,1562.305,1547.479,1556.064,61769,260,0
2020-02-06,1556.024,1568.148,1552.461,1565.753,55277,260,0
2020-02-07,1565.757,1573.935,1560.256,1570.145,57104,260,0
2020-02-09,1569.258,1576.551,1569.028,1574.764,2835,260,0
2020-02-10,1574.725,1576.918,1567.939,1571.928,51544,260,0
2020-02-11,1571.929,1573.923,1562.134,1567.034,51215,260,0
2020-02-12,1566.989,1571.314,1561.82,1569.83,49406,260,0
2020-02-13,1569.767,1578.198,1569.1,1577.307,56505,260,0
2020-02-14,1577.266,1584.899,1573.014,1583.991,47731,260,0
2020-02-16,1581.444,1583.045,1580.429,1582.913,1721,260,0
2020-02-17,1582.92,1585.381,1578.824,1584.221,29368,260,0
2020-02-18,1584.228,1605.016,1584.178,1600.794,53279,260,0
2020-02-19,1600.79,1612.845,1599.466,1610.321,56964,260,0
2020-02-20,1610.317,1623.635,1603.853,1622.098,64208,260,0
2020-02-21,1622.072,1649.102,1618.908,1643.319,66614,260,0
2020-02-23,1659.6,1680.967,1657.703,1665.512,5111,260,0
2020-02-24,1665.489,1689.213,1650.801,1653.9,95174,260,0
2020-02-25,1653.86,1658.684,1624.934,1639.815,107202,260,0
2020-02-26,1639.809,1654.877,1624.966,1643.493,94220,260,0
2020-02-27,1643.507,1660.254,1635.286,1645.695,98678,260,0
2020-02-28,1645.667,1648.052,1562.889,1586.023,130833,260,0
2020-03-01,1582.112,1588.335,1575.451,1584.992,4753,260,0
2020-03-02,1584.922,1610.863,1581.675,1591.957,103082,260,0
2020-03-03,1591.903,1652.804,1589.641,1645.697,110332,260,0
2020-03-04,1645.687,1649.283,1631.719,1636.644,86947,260,0
2020-03-05,1636.576,1674.86,1635.574,1674.536,79386,260,0
2020-03-06,1674.495,1691.979,1642.218,1674.32,136886,260,0
2020-03-08,1696.28,1703.179,1679.712,1700.043,12185,260,0
2020-03-09,1700.049,1702.965,1657.45,1666.506,155214,260,0
2020-03-10,1666.535,1671.382,1641.572,1652.331,122479,260,0
2020-03-11,1652.318,1671.183,1633.07,1643.612,102451,260,0
2020-03-12,1643.655,1650.253,1560.721,1576.856,175118,260,0
2020-03-13,1576.861,1597.735,1504.669,1529.245,186921,260,0
2020-03-15,1551.879,1575.37,1540.122,1557.51,20015,260,0
2020-03-16,1557.594,1560.771,1451.281,1507.227,242853,260,0
2020-03-17,1507.234,1553.769,1465.592,1537.77,190988,260,0
2020-03-18,1537.79,1539.831,1472.753,1498.045,213582,260,0
2020-03-19,1498.087,1498.644,1455.292,1471.367,166323,260,0
2020-03-20,1471.35,1515.982,1471.017,1498.718,130889,260,0
2020-03-22,1503.099,1507.935,1482.773,1491.601,12440,260,0
2020-03-23,1491.591,1567.641,1485.073,1567.125,141811,260,0
2020-03-24,1567.119,1636.988,1558.059,1629.148,83609,260,0
2020-03-25,1628.485,1631.432,1596.185,1607.418,54654,1480,0
2020-03-26,1607.758,1641.8,1593.913,1624.864,50233,1480,0
2020-03-27,1625.069,1628.856,1611.31,1622.911,46500,1040,0
2020-03-29,1625.946,1630.463,1616.408,1627.402,3820,1480,0
2020-03-30,1627.07,1628.197,1610.471,1616.282,50960,624,0
2020-03-31,1616.122,1618.266,1569.183,1578.851,60095,624,0
2020-04-01,1578.95,1598.554,1571.348,1590.982,57011,624,0
2020-04-02,1591.25,1618.812,1581.922,1612.393,64635,624,0
2020-04-03,1612.393,1624.359,1605.667,1615.567,60102,624,0
2020-04-05,1614.34,1618.872,1607.546,1618.872,3001,712,0
2020-04-06,1618.7,1671.195,1614.971,1661.375,64215,624,0
2020-04-07,1661.333,1666.946,1641.89,1648.142,59284,624,0
2020-04-08,1648.153,1655.344,1641.045,1647.133,50832,624,0
2020-04-09,1647.127,1689.431,1645.841,1682.944,71422,468,0
2020-04-12,1684.546,1691.291,1683.195,1686.821,2905,534,0
2020-04-13,1686.627,1722.211,1679.798,1717.28,73313,468,0
2020-04-14,1717.163,1746.579,1708.479,1725.543,88951,468,0
2020-04-15,1725.542,1730.654,1707.411,1715.654,86746,468,0
2020-04-16,1715.828,1738.091,1701.989,1715.15,112909,468,0
2020-04-17,1715.137,1717.949,1679.135,1683.655,110070,468,0
2020-04-19,1682.92,1683.235,1673.878,1675.506,4868,468,0
2020-04-20,1675.538,1701.963,1671.277,1690.808,101229,468,0
2020-04-21,1690.812,1697.277,1660.127,1687.417,102667,468,0
2020-04-22,1687.625,1718.218,1679.53,1711.447,115742,468,0
2020-04-23,1711.452,1738.308,1705.969,1727.918,137656,468,0
2020-04-24,1727.925,1736.069,1710.08,1727.93,109819,468,0
2020-04-26,1721.139,1725.615,1718.583,1724.978,4682,468,0
2020-04-27,1724.975,1726.275,1705.618,1709.572,98900,468,0
2020-04-28,1709.351,1713.601,1691.429,1704.711,128272,468,0
2020-04-29,1704.444,1716.769,1697.46,1713.271,106038,468,0
2020-04-30,1713.13,1721.174,1680.724,1687.709,97646,468,0
2020-05-01,1687.443,1705.106,1670.131,1700.028,129372,468,0
2020-05-03,1698.438,1699.649,1691.575,1699.269,5046,468,0
2020-05-04,1699.123,1711.163,1694.678,1703.549,95850,364,0
2020-05-05,1703.562,1711.345,1691.198,1703.8,92857,364,0
2020-05-06,1703.838,1707.818,1681.89,1689.582,88102,364,0
2020-05-07,1689.678,1721.793,1684.097,1714.229,85721,364,0
2020-05-08,1714.234,1722.819,1701.296,1702.329,87645,364,0
2020-05-10,1702.39,1707.454,1701.274,1706.479,5617,364,0
2020-05-11,1706.472,1712.031,1686.864,1697.759,86561,364,0
2020-05-12,1697.721,1710.515,1693.297,1702.424,80916,364,0
2020-05-13,1702.351,1719.371,1698.868,1718.317,90958,364,0
2020-05-14,1718.287,1736.004,1710.464,1732.716,84145,364,0
2020-05-15,1732.708,1750.93,1728.336,1741.974,86128,364,0
2020-05-17,1747.558,1759.776,1743.217,1758.137,8901,364,0
2020-05-18,1758.06,1764.715,1726.823,1734.704,89739,364,0
2020-05-19,1734.711,1747.382,1725.316,1745.97,84547,364,0
2020-05-20,1745.978,1753.684,1742.035,1747.365,81280,364,0
2020-05-21,1747.47,1747.47,1716.751,1725.824,83833,364,0
2020-05-22,1725.953,1739.314,1724.152,1734.06,72211,364,0
2020-05-24,1731.241,1733.303,1729.697,1730.676,3110,364,0
2020-05-25,1730.682,1732.456,1720.967,1726.56,45997,364,0
2020-05-26,1726.542,1735.055,1708.228,1712.678,78481,364,0
2020-05-27,1712.658,1715.746,1693.423,1710.852,80885,364,0
2020-05-28,1710.856,1727.014,1708.767,1721.686,80001,364,0
2020-05-29,1721.66,1737.277,1712.361,1729.475,84149,364,0
2020-05-31,1734.657,1740.011,1731.393,1739.611,5348,364,0
2020-06-01,1739.507,1744.323,1726.744,1741.504,85220,364,0
2020-06-02,1741.58,1744.836,1721.363,1726.591,85191,364,0
2020-06-03,1726.58,1729.312,1689.147,1700.516,97516,364,0
2020-06-04,1700.402,1721.22,1696.548,1712.394,90855,364,0
2020-06-05,1712.41,1715.794,1670.51,1685.512,103971,364,0
2020-06-07,1680.835,1682.98,1677.301,1681.323,4523,364,0
2020-06-08,1681.327,1700.46,1680.698,1697.243,89279,364,0
2020-06-09,1697.238,1720.669,1691.911,1713.099,87625,364,0
2020-06-10,1713.143,1739.586,1707.819,1735.483,93023,364,0
2020-06-11,1735.522,1744.536,1721.451,1726.573,91057,364,0
2020-06-12,1726.524,1742.82,1721.69,1730.552,81008,364,0
2020-06-14,1730.629,1733.37,1729.536,1732.553,3962,364,0
2020-06-15,1732.499,1733.879,1703.902,1724.066,91716,364,0
2020-06-16,1724.084,1732.606,1716.455,1726.328,88241,364,0
2020-06-17,1726.328,1730.079,1712.327,1727.483,78107,286,0
2020-06-18,1727.536,1736.909,1717.376,1723.432,86551,286,0
2020-06-19,1723.433,1745.142,1722.353,1743.537,82390,286,0
2020-06-21,1747.082,1749.969,1743.864,1749.125,5407,360,0
2020-06-22,1749.088,1762.99,1742.326,1755.265,93388,286,0
2020-06-23,1755.303,1770.887,1747.356,1768.606,98295,286,0
2020-06-24,1768.563,1779.247,1754.347,1762.084,99662,286,0
2020-06-25,1762.071,1768.808,1755.362,1765.644,85371,286,0
2020-06-26,1765.647,1771.841,1747.25,1771.28,81713,286,0
2020-06-28,1770.599,1775.047,1769.991,1771.212,4592,360,0
2020-06-29,1771.293,1774.752,1765.607,1772.865,78704,286,0
2020-06-30,1772.864,1785.729,1764.12,1782.721,80823,286,0
2020-07-01,1782.729,1789.089,1759.142,1768.221,88416,286,0
2020-07-02,1768.223,1779.439,1757.464,1775.646,82321,286,0
2020-07-03,1775.599,1777.034,1772.377,1775.703,44696,286,0
2020-07-05,1773.537,1775.963,1773.263,1775.327,2819,260,0
2020-07-06,1775.252,1786.933,1769.855,1785.747,82277,260,0
2020-07-07,1785.785,1797.243,1773.385,1794.333,81022,286,0
2020-07-08,1794.315,1817.833,1791.401,1809.054,78449,286,0
2020-07-09,1809.051,1815.792,1795.289,1803.825,85946,286,0
2020-07-10,1803.829,1810.344,1794.025,1798.621,74484,286,0
2020-07-12,1799.343,1801.095,1797.908,1800.013,3404,286,0
2020-07-13,1799.994,1813.303,1799.771,1802.27,81819,286,0
2020-07-14,1802.282,1810.786,1790.404,1809.434,89401,286,0
2020-07-15,1809.412,1814.553,1802.364,1813.023,74772,286,0
2020-07-16,1813.025,1813.223,1794.869,1798.28,73676,286,0
2020-07-17,1798.282,1811.75,1795.73,1809.765,62092,286,0
2020-07-19,1808.109,1810.619,1807.808,1808.998,3049,286,0
2020-07-20,1808.969,1820.348,1805.658,1817.921,69566,286,0
2020-07-21,1817.913,1847.042,1815.563,1842.981,84559,286,0
2020-07-22,1842.947,1874.261,1842.306,1869.876,113312,396,0
2020-07-23,1869.872,1898.19,1863.526,1885.395,110417,396,0
2020-07-24,1885.396,1906.4,1880.996,1901.143,88411,396,0
2020-07-26,1902.646,1914.58,1902.646,1913.493,7344,396,0
2020-07-27,1913.495,1966.211,1912.295,1964.98,118781,396,0
2020-07-28,1964.873,1980.652,1906.579,1956.072,145260,396,0
2020-07-29,1956.072,1980.601,1941.314,1966.483,112992,396,0
2020-07-30,1966.487,1970.332,1938.975,1956.91,117775,396,0
2020-07-31,1956.926,1982.318,1955.863,1974.958,114787,396,0
2020-08-02,1982.988,1984.734,1977.002,1981.738,7693,396,0
2020-08-03,1981.698,1982.133,1960.418,1975.265,90063,396,0
2020-08-04,1975.174,2030.712,1967.369,2030.712,101940,396,0
2020-08-05,2030.64,2055.403,2009.131,2036.29,128525,396,0
2020-08-06,2036.338,2073.682,2034.336,2069.007,124983,396,0
2020-08-07,2069.1,2071.992,2015.465,2034.818,153841,300,0
2020-08-09,2026.671,2030.778,2018.676,2027.12,7583,300,0
2020-08-10,2027.119,2049.797,2019.265,2028.128,121431,300,0
2020-08-11,2028.129,2028.129,1901.422,1909.025,213203,300,0
2020-08-12,1908.997,1949.171,1863.593,1921.874,214392,300,0
2020-08-13,1921.844,1966.192,1919.895,1957.332,157498,300,0
2020-08-14,1957.304,1961.402,1931.973,1944.376,134341,300,0
2020-08-16,1944.835,1951.221,1931.853,1932.534,6366,300,0
2020-08-17,1932.533,1990.594,1929.205,1983.634,125342,300,0
2020-08-18,1983.647,2015.39,1975.958,2005.186,141901,300,0
2020-08-19,2005.155,2005.869,1924.638,1927.748,171161,300,0
2020-08-20,1927.717,1955.078,1924.085,1952.707,160309,300,0
2020-08-21,1952.789,1955.744,1911.464,1940.113,141278,300,0
2020-08-23,1936.426,1938.261,1929.819,1935.019,5598,300,0
2020-08-24,1935.006,1961.712,1923.666,1929.749,117271,300,0
2020-08-25,1929.699,1937.326,1914.211,1929.596,115242,300,0
2020-08-26,1929.564,1954.68,1902.613,1953.415,121151,300,0
2020-08-27,1953.414,1976.439,1909.707,1928.053,147853,300,0
2020-08-28,1927.921,1973.742,1922.773,1964.591,110684,300,0
2020-08-30,1968.915,1975.843,1968.82,1973.073,6148,300,0
2020-08-31,1973.011,1976.279,1954.269,1967.705,106288,300,0
2020-09-01,1967.778,1992.297,1962.63,1972.465,134390,300,0
2020-09-02,1972.496,1973.171,1932.408,1944.68,142873,300,0
2020-09-03,1944.693,1950.736,1921.824,1927.772,146372,300,0
2020-09-04,1927.73,1948.158,1916.114,1933.518,142551,300,0
2020-09-06,1932.511,1937.574,1932.506,1934.348,4378,300,0
2020-09-07,1934.349,1941.118,1924.114,1930.578,69072,300,0
2020-09-08,1930.577,1940.722,1906.368,1930.233,136362,300,0
2020-09-09,1930.198,1950.741,1919.879,1947.264,105787,300,0
2020-09-10,1947.368,1966.486,1941.211,1943.839,96009,300,0
2020-09-11,1943.722,1954.698,1936.791,1939.938,75392,300,0
2020-09-13,1937.168,1943.02,1937.136,1942.747,3422,300,0
2020-09-14,1942.75,1962.387,1939.74,1957.196,67739,300,0
2020-09-15,1957.187,1972.102,1948.096,1953.851,75606,300,0
2020-09-16,1953.712,1973.421,1949.635,1959.642,89105,300,0
2020-09-17,1959.75,1959.858,1932.831,1947.081,89012,300,0
2020-09-18,1947.082,1959.913,1944.894,1950.013,70384,300,0
2020-09-20,1949.641,1950.829,1946.445,1948.398,3877,300,0
2020-09-21,1948.398,1955.412,1882.213,1917.104,108681,300,0
2020-09-22,1917.115,1919.502,1894.498,1904.223,105769,300,0
2020-09-23,1904.211,1905.083,1853.127,1854.816,120210,300,0
2020-09-24,1854.816,1876.977,1848.076,1867.664,116397,300,0
2020-09-25,1867.544,1874.995,1851.922,1861.155,91078,300,0
2020-09-27,1862.899,1865.865,1860.887,1862.341,3710,300,0
2020-09-28,1862.376,1883.493,1848.204,1882.594,89169,300,0
2020-09-29,1882.546,1899.263,1875.167,1896.775,81510,300,0
2020-09-30,1896.76,1902.169,1881.332,1887.634,100403,200,0
2020-10-01,1887.621,1912.109,1884.618,1903.161,95984,300,0
2020-10-02,1903.158,1916.982,1889.744,1898.723,96361,300,0
2020-10-04,1903.345,1904.29,1898.045,1902.902,4541,300,0
2020-10-05,1902.894,1918.623,1886.933,1912.687,76190,300,0
2020-10-06,1912.683,1921.032,1874.761,1880.067,96499,300,0
2020-10-07,1880.114,1897.899,1872.69,1886.948,88785,300,0
2020-10-08,1886.918,1900.527,1881.839,1895.177,80524,300,0
2020-10-09,1895.168,1930.444,1894.872,1930.147,72851,300,0
2020-10-11,1926.646,1933.178,1926.617,1929.087,5304,300,0
2020-10-12,1929.109,1931.899,1918.214,1925.059,79342,300,0
2020-10-13,1925.013,1925.013,1886.399,1893.336,94912,300,0
2020-10-14,1893.287,1912.786,1882.401,1898.178,83572,300,0
2020-10-15,1898.18,1908.971,1889.438,1906.36,93394,300,0
2020-10-16,1906.311,1913.878,1897.747,1898.825,77680,300,0
2020-10-18,1899.865,1902.928,1898.642,1900.779,3896,300,0
2020-10-19,1900.732,1918.39,1896.993,1902.952,78631,300,0
2020-10-20,1902.96,1914.025,1894.593,1910.682,80998,300,0
2020-10-21,1910.677,1931.281,1910.05,1921.292,84557,300,0
2020-10-22,1921.247,1922.15,1893.928,1904.989,80014,300,0
2020-10-23,1904.943,1914.153,1894.332,1901.602,69601,300,0
2020-10-25,1901.513,1902.021,1891.277,1898.453,5742,300,0
2020-10-26,1898.476,1908.478,1894.839,1902.156,78848,300,0
2020-10-27,1902.102,1911.271,1897.779,1905.187,68662,300,0
2020-10-28,1905.188,1910.77,1869.262,1879.542,92397,300,0
2020-10-29,1879.547,1884.871,1859.815,1868.359,93519,300,0
2020-10-30,1868.353,1889.683,1864.356,1878.858,86879,300,0
2020-11-01,1879.301,1879.301,1875.215,1877.049,2328,330,0
2020-11-02,1877.0,1896.112,1873.364,1894.658,71690,330,0
2020-11-03,1894.66,1916.211,1886.897,1914.392,74540,300,0
2020-11-04,1914.398,1916.311,1881.432,1904.79,140467,300,0
2020-11-05,1904.788,1952.651,1902.405,1946.123,97100,300,0
2020-11-06,1946.169,1960.238,1935.574,1951.855,95289,300,0
2020-11-08,1957.117,1959.741,1955.222,1958.496,2833,300,0
2020-11-09,1958.449,1965.419,1850.423,1870.837,152563,300,0
2020-11-10,1870.883,1890.315,1867.351,1876.657,99712,300,0
2020-11-11,1876.62,1884.333,1856.273,1865.515,80557,300,0
2020-11-12,1865.559,1883.734,1862.647,1875.74,76795,300,0
2020-11-13,1875.733,1896.728,1873.937,1889.358,66632,300,0
2020-11-15,1887.92,1891.535,1887.778,1890.357,2041,300,0
2020-11-16,1890.413,1899.0,1865.134,1889.757,83912,300,0
2020-11-17,1889.711,1893.378,1876.901,1882.577,69746,300,0
2020-11-18,1882.527,1884.719,1863.608,1871.332,78669,300,0
2020-11-19,1871.281,1872.743,1852.547,1863.101,83896,300,0
2020-11-20,1863.156,1879.697,1860.858,1870.923,72894,300,0
2020-11-22,1870.778,1872.086,1870.128,1872.049,1232,300,0
2020-11-23,1872.05,1875.988,1830.81,1835.567,81817,300,0
2020-11-24,1835.614,1836.234,1800.174,1809.11,98960,300,0
2020-11-25,1809.056,1817.625,1801.594,1808.131,79555,300,0
2020-11-26,1808.175,1818.211,1805.714,1809.176,49810,300,0
2020-11-27,1809.18,1813.698,1774.248,1786.899,70152,200,0
2020-11-29,1789.439,1789.747,1785.301,1786.606,1478,480,0
2020-11-30,1786.561,1787.351,1764.16,1778.707,93719,200,0
2020-12-01,1778.729,1817.205,1776.74,1811.217,81557,200,0
2020-12-02,1811.17,1832.344,1807.415,1830.598,80955,300,0
2020-12-03,1830.597,1843.846,1823.686,1839.765,80819,300,0
2020-12-04,1839.771,1848.052,1828.964,1839.01,76150,300,0
2020-12-06,1836.609,1837.985,1832.954,1835.276,2201,300,0
2020-12-07,1835.282,1868.386,1822.532,1863.919,79677,300,0
2020-12-08,1863.919,1875.208,1860.192,1870.053,77253,300,0
2020-12-09,1870.066,1870.427,1825.426,1834.328,94046,300,0
2020-12-10,1834.298,1849.949,1828.597,1836.638,88140,300,0
2020-12-11,1836.639,1847.615,1823.838,1839.55,76150,300,0
2020-12-13,1837.111,1837.993,1835.841,1837.892,1738,300,0
2020-12-14,1837.893,1838.956,1818.532,1827.373,73868,300,0
2020-12-15,1827.325,1855.25,1825.418,1852.296,76859,300,0
2020-12-16,1852.298,1865.631,1844.708,1864.442,91795,300,0
2020-12-17,1864.444,1896.101,1861.948,1883.607,88534,300,0
2020-12-18,1883.606,1889.58,1877.341,1881.271,80607,300,0
2020-12-20,1882.823,1884.935,1882.445,1883.035,1958,300,0
2020-12-21,1883.035,1906.667,1854.984,1879.018,130595,300,0
2020-12-22,1878.972,1884.196,1858.882,1864.211,94646,300,0
2020-12-23,1864.262,1878.493,1856.843,1872.517,87587,300,0
2020-12-24,1872.518,1880.507,1869.428,1879.016,57490,300,0
2020-12-27,1888.893,1889.77,1885.718,1888.248,2554,300,0
2020-12-28,1888.294,1900.127,1869.025,1876.696,92990,300,0
2020-12-29,1876.682,1886.313,1871.64,1878.69,76967,300,0
2020-12-30,1878.689,1895.329,1876.071,1894.947,73041,300,0
2020-12-31,1894.929,1900.29,1885.389,1894.387,63352,300,0
2021-01-03,1909.308,1914.896,1907.729,1913.094,3730,300,0
2021-01-04,1913.048,1945.563,1909.942,1941.686,98678,300,0
2021-01-05,1941.687,1953.14,1934.267,1950.228,94085,300,0
2021-01-06,1950.279,1959.29,1900.692,1923.991,128899,300,0
2021-01-07,1923.943,1927.597,1906.796,1916.548,101216,300,0
2021-01-08,1916.499,1916.605,1828.156,1849.37,140422,300,0
2021-01-10,1855.038,1855.537,1841.553,1844.71,4881,300,0
2021-01-11,1844.68,1855.472,1816.935,1847.233,126206,300,0
2021-01-12,1847.186,1863.726,1836.532,1858.743,102713,300,0
2021-01-13,1858.696,1862.935,1841.859,1848.318,86519,300,0
2021-01-14,1848.315,1857.455,1830.107,1846.836,97648,300,0
2021-01-15,1846.783,1856.935,1823.284,1826.975,89955,300,0
2021-01-17,1827.947,1829.232,1802.438,1810.655,6818,300,0
2021-01-18,1810.726,1840.697,1810.429,1837.213,70741,300,0
2021-01-19,1837.216,1845.426,1832.998,1840.911,73955,300,0
2021-01-20,1840.913,1872.313,1832.342,1869.862,90441,300,0
2021-01-21,1869.91,1874.996,1858.279,1869.551,83966,300,0
2021-01-22,1869.551,1869.85,1837.298,1855.732,91721,300,0
2021-01-24,1858.206,1859.405,1856.571,1856.851,2045,300,0
2021-01-25,1856.871,1867.825,1847.064,1855.39,89145,0,0
2021-01-26,1855.387,1861.62,1848.222,1851.233,75824,300,0
2021-01-27,1851.252,1853.036,1831.211,1839.889,89647,300,0
2021-01-28,1839.936,1864.035,1833.967,1843.81,110592,300,0
2021-01-29,1843.855,1875.519,1839.535,1847.839,119776,300,0
2021-01-31,1855.282,1859.901,1851.596,1855.826,7055,300,0
2021-02-01,1855.772,1871.716,1849.044,1857.582,129007,300,0
2021-02-02,1857.627,1864.005,1829.457,1836.362,111148,300,0
2021-02-03,1836.376,1844.825,1829.505,1834.236,82822,300,0
2021-02-04,1834.218,1834.601,1784.866,1795.793,101171,200,0
2021-02-05,1795.84,1815.038,1792.013,1814.135,87280,200,0
2021-02-07,1817.259,1818.709,1815.763,1817.97,2414,300,0
2021-02-08,1817.923,1839.044,1807.705,1830.481,83431,300,0
2021-02-09,1830.478,1848.472,1829.92,1836.087,82579,300,0
2021-02-10,1836.085,1855.299,1833.996,1841.956,85380,300,0
2021-02-11,1841.956,1847.46,1820.983,1826.652,77499,300,0
2021-02-12,1826.655,1830.614,1810.436,1824.229,73522,300,0
2021-02-14,1824.898,1825.77,1820.1,1820.939,2485,300,0
2021-02-15,1820.988,1826.927,1816.013,1818.654,53783,300,0
2021-02-16,1818.651,1826.391,1786.855,1788.348,101690,200,0
2021-02-17,1788.298,1795.091,1769.408,1778.143,103061,200,0
2021-02-18,1778.142,1789.559,1768.345,1771.659,90338,200,0
2021-02-19,1771.609,1791.504,1760.626,1784.049,105173,200,0
2021-02-21,1786.332,1788.083,1781.291,1783.358,3526,300,0
2021-02-22,1783.408,1812.551,1780.648,1810.406,99802,200,0
2021-02-23,1810.41,1815.906,1795.606,1805.766,92458,300,0
2021-02-24,1805.795,1813.717,1783.473,1802.995,101166,200,0
2021-02-25,1803.002,1804.143,1765.136,1769.86,143949,200,0
2021-02-26,1769.909,1775.714,1717.03,1734.649,192982,200,0
2021-02-28,1737.962,1739.94,1735.286,1739.239,4222,200,0
2021-03-01,1739.206,1759.715,1719.641,1724.988,131756,200,0
2021-03-02,1724.957,1740.464,1707.039,1736.558,138751,200,0
2021-03-03,1736.547,1737.475,1701.613,1710.468,141388,200,0
2021-03-04,1710.464,1723.1,1690.443,1694.31,178878,200,0
2021-03-05,1694.277,1707.631,1687.18,1700.836,153035,200,0
2021-03-07,1706.301,1713.915,1706.268,1707.726,4835,200,0
2021-03-08,1707.706,1714.253,1676.627,1684.653,129373,200,0
2021-03-09,1684.62,1720.566,1680.179,1715.881,125434,200,0
2021-03-10,1715.864,1727.104,1708.131,1726.691,120247,200,0
2021-03-11,1726.699,1739.804,1719.025,1722.645,114329,200,0
2021-03-12,1722.676,1729.171,1699.094,1726.749,122265,200,0
2021-03-14,1728.251,1728.348,1724.244,1725.335,5279,200,0
2021-03-15,1725.33,1734.524,1721.616,1730.698,105663,200,0
2021-03-16,1730.665,1741.077,1725.847,1731.595,101536,200,0
2021-03-17,1731.546,1751.549,1723.856,1748.465,116973,200,0
2021-03-18,1748.464,1755.478,1719.08,1735.193,140629,200,0
2021-03-19,1735.188,1746.644,1728.484,1745.127,116359,200,0
2021-03-21,1743.714,1744.315,1737.981,1738.214,5931,200,0
2021-03-22,1738.182,1743.047,1727.126,1739.306,103430,200,0
2021-03-23,1739.3,1742.509,1724.663,1727.082,104768,200,0
2021-03-24,1727.097,1738.364,1723.546,1734.483,93612,200,0
2021-03-25,1734.492,1745.401,1721.498,1727.293,109149,200,0
2021-03-26,1727.316,1736.683,1721.448,1732.329,86065,200,0
2021-03-28,1731.377,1732.549,1730.611,1730.999,3566,200,0
2021-03-29,1731.014,1732.835,1705.736,1711.932,92570,200,0
2021-03-30,1711.938,1714.342,1678.392,1685.489,115453,200,0
2021-03-31,1685.488,1715.214,1677.769,1707.403,107528,200,0
2021-04-01,1707.405,1730.545,1705.761,1729.75,103831,200,0
2021-04-04,1728.462,1729.917,1726.908,1728.011,4923,200,0
2021-04-05,1727.974,1733.491,1721.285,1729.367,92761,200,0
2021-04-06,1729.367,1745.434,1727.505,1743.252,104288,200,0
2021-04-07,1743.217,1743.332,1730.607,1736.836,93823,200,0
2021-04-08,1736.806,1758.645,1733.133,1754.148,94174,200,0
2021-04-09,1754.178,1757.281,1731.102,1743.842,102691,200,0
2021-04-11,1742.481,1743.475,1740.49,1741.591,3770,200,0
2021-04-12,1741.557,1744.932,1727.324,1731.898,97822,200,0
2021-04-13,1731.902,1748.878,1723.591,1746.581,114901,200,0
2021-04-14,1746.575,1749.367,1732.473,1736.625,102970,200,0
2021-04-15,1736.595,1769.581,1734.297,1763.901,113908,200,0
2021-04-16,1763.87,1783.789,1759.729,1776.523,101046,200,0
2021-04-18,1775.64,1778.053,1774.762,1776.723,3640,200,0
2021-04-19,1776.692,1789.987,1766.526,1772.112,106751,200,0
2021-04-20,1772.115,1780.365,1763.547,1776.737,114285,200,0
2021-04-21,1776.742,1797.549,1776.454,1793.57,96336,200,0
2021-04-22,1793.619,1797.756,1777.332,1783.136,103024,200,0
2021-04-23,1783.126,1795.879,1769.753,1777.023,95581,200,0
2021-04-25,1775.596,1775.98,1773.86,1774.789,2881,200,0
2021-04-26,1774.803,1783.439,1768.539,1780.04,96253,200,0
2021-04-27,1780.046,1785.514,1773.492,1775.436,93515,200,0
2021-04-28,1775.43,1783.905,1762.458,1783.818,111860,200,0
2021-04-29,1783.782,1789.896,1755.874,1773.221,110915,200,0
2021-04-30,1773.22,1773.22,1764.164,1768.776,102953,200,0
2021-05-02,1767.058,1769.024,1766.046,1769.017,3263,200,0
2021-05-03,1768.98,1797.826,1767.314,1792.472,87090,200,0
2021-05-04,1792.425,1798.951,1770.571,1778.627,106706,200,0
2021-05-05,1778.595,1787.898,1770.306,1785.219,96111,200,0
2021-05-06,1785.22,1817.973,1781.934,1814.725,90328,200,0
2021-05-07,1814.715,1843.262,1812.845,1830.979,117988,300,0
2021-05-09,1832.896,1836.787,1831.996,1836.162,4195,300,0
2021-05-10,1836.184,1845.322,1829.947,1836.043,94451,300,0
2021-05-11,1836.045,1841.709,1817.796,1835.433,98093,300,0
2021-05-12,1835.438,1843.462,1813.23,1817.489,116434,300,0
2021-05-13,1817.443,1828.609,1808.675,1825.024,97603,200,0
2021-05-14,1825.026,1845.923,1819.661,1843.486,85594,300,0
2021-05-16,1843.784,1847.964,1843.784,1847.074,3884,300,0
2021-05-17,1847.049,1868.974,1843.54,1868.913,83399,300,0
2021-05-18,1868.871,1874.875,1863.164,1870.086,83198,300,0
2021-05-19,1870.085,1889.986,1852.125,1865.806,113425,300,0
2021-05-20,1865.852,1883.77,1863.801,1873.961,86644,300,0
2021-05-21,1873.94,1889.284,1870.065,1881.659,80927,300,0
2021-05-23,1880.985,1883.761,1880.148,1883.459,3016,300,0
2021-05-24,1883.457,1886.973,1875.167,1877.361,74684,300,0
2021-05-25,1877.323,1900.177,1872.613,1898.083,83832,300,0
2021-05-26,1898.082,1912.616,1890.655,1896.06,83218,300,0
2021-05-27,1896.07,1903.53,1888.111,1897.969,81577,300,0
2021-05-28,1897.992,1905.947,1882.063,1903.706,78735,300,0
2021-05-30,1903.805,1904.75,1903.214,1903.798,2422,300,0
2021-05-31,1903.845,1910.544,1902.063,1907.978,49864,300,0
2021-06-01,1907.987,1916.446,1892.35,1898.747,80275,300,0
2021-06-02,1898.751,1909.474,1894.25,1907.752,71644,300,0
2021-06-03,1907.756,1909.463,1863.442,1870.865,90377,200,0
2021-06-04,1870.856,1896.047,1855.573,1891.138,81372,300,0
2021-06-06,1889.994,1890.631,1888.646,1889.265,2289,300,0
2021-06-07,1889.246,1900.028,1881.455,1898.633,71255,300,0
2021-06-08,1898.622,1903.673,1883.74,1893.327,75925,300,0
2021-06-09,1893.315,1898.912,1887.254,1888.618,68567,300,0
2021-06-10,1888.632,1899.808,1869.798,1898.318,89758,300,0
2021-06-11,1898.294,1902.856,1874.321,1877.401,75860,300,0
2021-06-13,1876.16,1877.608,1873.194,1873.652,3792,300,0
2021-06-14,1873.604,1873.737,1844.212,1866.768,81551,300,0
2021-06-15,1866.757,1869.046,1851.529,1857.846,78065,300,0
2021-06-16,1857.892,1863.506,1803.264,1818.733,107445,200,0
2021-06-17,1818.758,1825.188,1766.982,1776.719,137725,200,0
2021-06-18,1776.672,1797.122,1760.86,1764.562,134267,200,0
2021-06-20,1768.728,1770.029,1767.355,1769.324,5081,200,0
2021-06-21,1769.32,1787.564,1766.41,1783.5,122405,200,0
2021-06-22,1783.49,1790.051,1772.255,1777.581,99541,200,0
2021-06-23,1777.578,1794.85,1773.162,1777.32,95711,200,0
2021-06-24,1777.32,1787.958,1772.832,1775.204,90167,200,0
2021-06-25,1775.204,1790.271,1773.694,1781.361,85909,200,0
2021-06-27,1781.264,1782.753,1780.545,1781.905,2852,200,0
2021-06-28,1781.858,1785.669,1770.538,1778.108,88786,200,0
2021-06-29,1778.097,1778.94,1750.621,1761.441,106264,200,0
2021-06-30,1761.456,1774.372,1753.297,1768.131,98720,200,0
2021-07-01,1768.132,1782.757,1765.633,1775.505,97488,200,0
2021-07-02,1775.495,1794.983,1774.291,1787.446,95209,200,0
2021-07-04,1787.277,1787.581,1785.461,1786.184,2628,200,0
2021-07-05,1786.187,1794.547,1784.426,1791.224,49857,200,0
2021-07-06,1791.212,1814.961,1789.852,1795.55,88126,200,0
2021-07-07,1795.503,1809.674,1793.869,1803.285,82074,200,0
2021-07-08,1803.28,1818.312,1793.986,1803.723,91982,200,0
2021-07-09,1803.736,1812.27,1796.594,1808.222,75885,200,0
2021-07-11,1808.049,1808.455,1806.301,1806.405,2559,300,0
2021-07-12,1806.452,1810.773,1791.409,1807.082,72140,200,0
2021-07-13,1807.079,1816.915,1798.539,1805.994,78929,200,0
2021-07-14,1805.999,1829.707,1804.457,1826.376,77983,200,0
2021-07-15,1826.388,1834.039,1820.217,1829.45,73499,200,0
2021-07-16,1829.45,1831.446,1808.937,1812.007,75863,300,0
2021-07-18,1811.224,1815.844,1810.351,1815.7,3341,300,0
2021-07-19,1815.7,1817.25,1794.815,1811.304,83666,200,0
2021-07-20,1811.325,1824.88,1804.85,1809.737,79682,300,0
2021-07-21,1809.735,1813.643,1794.42,1802.54,75126,200,0
2021-07-22,1802.492,1808.426,1792.692,1807.081,72800,200,0
2021-07-23,1807.077,1810.26,1789.193,1802.126,66689,200,0
2021-07-25,1802.274,1802.712,1800.053,1800.344,2119,300,0
2021-07-26,1800.329,1811.448,1796.276,1797.55,65298,200,0
2021-07-27,1797.556,1805.172,1793.332,1799.873,69728,200,0
2021-07-28,1799.828,1810.216,1792.394,1809.307,77673,200,0
2021-07-29,1809.275,1832.548,1808.585,1830.189,68562,300,0
2021-07-30,1830.198,1831.257,1810.141,1813.934,60203,300,0
2021-08-01,1814.431,1814.955,1812.009,1813.79,2616,300,0
2021-08-02,1813.796,1819.432,1805.525,1812.447,64914,200,0
2021-08-03,1812.492,1814.924,1806.999,1811.071,54660,200,0
2021-08-04,1811.063,1831.657,1806.308,1811.614,67323,200,0
2021-08-05,1811.606,1814.766,1797.515,1803.396,60256,300,0
2021-08-06,1803.351,1803.601,1758.355,1763.819,87376,200,0
2021-08-08,1761.426,1762.323,1686.694,1719.053,34634,200,0
2021-08-09,1719.031,1752.663,1705.881,1731.457,148338,200,0
2021-08-10,1731.45,1738.24,1717.704,1726.89,91854,200,0
2021-08-11,1726.899,1754.404,1723.979,1752.326,101103,200,0
2021-08-12,1752.311,1758.105,1741.322,1753.415,86809,200,0
2021-08-13,1753.382,1779.901,1751.651,1779.509,71797,200,0
2021-08-15,1779.017,1779.976,1778.408,1778.763,2836,200,0
2021-08-16,1778.734,1789.175,1770.84,1787.457,74456,200,0
2021-08-17,1787.424,1795.519,1780.495,1786.126,71102,200,0
2021-08-18,1786.121,1793.685,1777.122,1787.381,72338,200,0
2021-08-19,1787.379,1792.366,1774.043,1778.97,81124,200,0
2021-08-20,1779.033,1788.339,1778.279,1781.235,62966,200,0
2021-08-22,1781.378,1782.284,1777.329,1778.626,2941,200,0
2021-08-23,1778.613,1806.232,1776.413,1804.758,64203,200,0
2021-08-24,1804.712,1809.502,1800.678,1801.705,56414,300,0
2021-08-25,1801.715,1802.593,1782.309,1791.52,66042,200,0
2021-08-26,1791.518,1798.112,1779.77,1793.451,66010,200,0
2021-08-27,1793.4,1819.125,1784.41,1816.778,77017,200,0
2021-08-29,1817.936,1819.111,1817.133,1818.39,2766,300,0
2021-08-30,1818.386,1823.157,1807.65,1810.386,53953,300,0
2021-08-31,1810.341,1819.047,1801.544,1814.435,64913,300,0
2021-09-01,1814.426,1819.911,1808.588,1813.02,61467,200,0
2021-09-02,1813.018,1817.008,1804.63,1809.364,51470,300,0
2021-09-03,1809.362,1833.859,1808.878,1827.573,64099,300,0
2021-09-05,1828.089,1830.149,1827.417,1827.555,2797,300,0
2021-09-06,1827.545,1828.416,1821.315,1823.52,33686,200,0
2021-09-07,1823.475,1827.179,1792.28,1795.591,66486,200,0
2021-09-08,1795.589,1802.087,1782.3,1790.683,71161,200,0
2021-09-09,1790.694,1800.893,1783.752,1794.695,70735,200,0
2021-09-10,1794.67,1803.772,1787.08,1787.614,64258,200,0
2021-09-12,1787.288,1788.683,1786.96,1787.29,2333,200,0
2021-09-13,1787.245,1798.314,1783.302,1792.955,64475,200,0
2021-09-14,1792.956,1808.59,1780.279,1803.691,69514,200,0
2021-09-15,1803.701,1806.763,1790.604,1795.002,64394,200,0
2021-09-16,1794.956,1796.083,1745.019,1753.841,101355,200,0
2021-09-17,1753.851,1767.452,1747.306,1754.536,89910,200,0
2021-09-19,1754.698,1755.162,1751.188,1754.118,5273,200,0
2021-09-20,1754.088,1766.923,1741.681,1764.948,85249,200,0
2021-09-21,1764.917,1781.613,1757.869,1774.882,77168,200,0
2021-09-22,1774.886,1787.164,1764.582,1766.984,98346,200,0
2021-09-23,1767.014,1776.51,1737.392,1746.235,99084,200,0
2021-09-24,1746.247,1757.561,1740.411,1750.494,79903,200,0
2021-09-26,1750.033,1750.774,1748.214,1749.526,2905,200,0
2021-09-27,1749.536,1760.795,1744.808,1751.215,82724,200,0
2021-09-28,1751.213,1754.411,1728.069,1735.3,106454,200,0
2021-09-29,1735.309,1745.472,1721.571,1728.823,94762,200,0
2021-09-30,1728.854,1764.08,1722.212,1753.039,98475,200,0
2021-10-01,1753.006,1764.191,1749.685,1760.466,95099,200,0
2021-10-03,1760.954,1765.195,1760.954,1763.118,4733,200,0
2021-10-04,1763.088,1770.487,1747.675,1768.073,91638,200,0
2021-10-05,1768.042,1768.32,1748.561,1759.285,83830,200,0
2021-10-06,1759.317,1765.063,1745.822,1763.946,96089,200,0
2021-10-07,1763.913,1766.891,1751.935,1755.097,78481,200,0
2021-10-08,1755.098,1781.292,1753.32,1757.212,94050,200,0
2021-10-10,1757.272,1757.764,1750.915,1753.953,5682,200,0
2021-10-11,1753.956,1760.948,1750.128,1753.295,67170,200,0
2021-10-12,1753.334,1769.3,1750.573,1760.362,86508,200,0
2021-10-13,1760.331,1795.969,1757.826,1791.698,90119,200,0
2021-10-14,1791.671,1800.406,1786.625,1795.327,60960,200,0
2021-10-15,1795.277,1796.369,1764.652,1767.427,79640,200,0
2021-10-17,1766.961,1772.013,1764.565,1770.952,4852,200,0
2021-10-18,1770.983,1772.007,1760.276,1763.964,90635,200,0
2021-10-19,1763.995,1785.062,1763.269,1768.661,85459,200,0
2021-10-20,1768.664,1788.368,1766.839,1781.408,81134,200,0
2021-10-21,1781.376,1789.316,1776.245,1784.594,86070,200,0
2021-10-22,1784.561,1813.56,1782.595,1792.853,80469,200,0
2021-10-24,1792.926,1794.371,1792.388,1794.347,2853,200,0
2021-10-25,1794.376,1809.913,1792.182,1807.792,65583,200,0
2021-10-26,1807.777,1807.848,1782.191,1793.554,77614,200,0
2021-10-27,1793.571,1799.027,1783.447,1796.583,90869,200,0
2021-10-28,1796.552,1810.38,1791.986,1799.575,108982,200,0
2021-10-29,1799.559,1799.944,1771.896,1783.296,108281,200,0
2021-10-31,1783.269,1783.269,1779.055,1780.02,3101,200,0
2021-11-01,1779.988,1795.686,1779.988,1792.077,77580,200,0
2021-11-02,1792.107,1796.349,1786.172,1787.125,77102,200,0
2021-11-03,1787.099,1787.579,1758.534,1777.368,111417,200,0
2021-11-04,1777.398,1798.894,1770.712,1791.317,87569,200,0
2021-11-05,1791.322,1818.269,1784.842,1818.127,101610,200,0
2021-11-07,1815.75,1818.072,1815.47,1815.82,2370,200,0
2021-11-08,1815.83,1826.395,1812.403,1824.498,81654,200,0
2021-11-09,1824.463,1832.624,1819.069,1829.822,88085,200,0
2021-11-10,1829.849,1868.473,1822.256,1848.511,113417,200,0
2021-11-11,1848.493,1865.917,1842.86,1862.059,82046,200,0
2021-11-12,1862.018,1868.574,1845.229,1864.361,86426,200,0
2021-11-14,1866.804,1867.783,1865.24,1865.476,2251,200,0
2021-11-15,1865.49,1870.267,1856.308,1862.291,78175,200,0
2021-11-16,1862.259,1877.067,1849.644,1850.41,99146,200,0
2021-11-17,1850.379,1868.063,1849.53,1866.636,78553,200,0
2021-11-18,1866.651,1870.883,1855.023,1859.578,83780,200,0
2021-11-19,1859.585,1865.621,1842.813,1846.196,101460,200,0
2021-11-21,1842.207,1847.169,1841.485,1844.909,3841,200,0
2021-11-22,1844.934,1849.046,1802.202,1808.997,114437,200,0
2021-11-23,1809.027,1812.37,1781.914,1791.231,112713,200,0
2021-11-24,1791.262,1796.27,1778.15,1789.698,98747,200,0
2021-11-25,1789.676,1795.027,1787.851,1792.628,44287,200,0
2021-11-26,1792.616,1815.467,1780.054,1787.433,94172,200,0
2021-11-28,1788.597,1795.644,1780.188,1795.377,6526,200,0
2021-11-29,1795.346,1799.361,1781.122,1786.826,98892,200,0
2021-11-30,1786.816,1808.561,1769.831,1773.206,139380,200,0
2021-12-01,1773.209,1794.267,1772.598,1781.914,121649,200,0
2021-12-02,1781.925,1781.971,1761.841,1768.985,104071,200,0
2021-12-03,1768.994,1786.072,1766.078,1783.414,109984,200,0
2021-12-05,1782.102,1784.094,1780.691,1782.901,2235,200,0
2021-12-06,1782.933,1787.683,1775.556,1780.864,77848,200,0
2021-12-07,1780.836,1787.791,1771.948,1784.617,74359,200,0
2021-12-08,1784.607,1793.061,1779.58,1783.474,79004,200,0
2021-12-09,1783.472,1787.554,1773.417,1776.327,77338,200,0
2021-12-10,1776.329,1789.283,1770.069,1782.805,76673,200,0
2021-12-12,1782.732,1784.389,1782.71,1783.216,1672,200,0
2021-12-13,1783.217,1791.581,1781.775,1785.754,62154,200,0
2021-12-14,1785.757,1789.462,1766.419,1772.485,74133,200,0
2021-12-15,1772.515,1781.409,1753.053,1779.528,104229,200,0
2021-12-16,1779.56,1799.621,1775.504,1798.738,83382,200,0
2021-12-17,1798.77,1814.191,1795.794,1798.064,76773,200,0
2021-12-19,1800.61,1801.676,1799.386,1800.171,2264,200,0
2021-12-20,1800.202,1804.089,1788.286,1791.492,72725,200,0
2021-12-21,1791.51,1800.288,1784.748,1790.438,68139,200,0
2021-12-22,1790.468,1804.962,1785.846,1803.592,61580,200,0
2021-12-23,1803.558,1810.687,1798.609,1808.451,57442,200,0
2021-12-26,1806.207,1808.526,1805.977,1807.26,1460,200,0
2021-12-27,1807.282,1813.384,1802.85,1812.329,53327,200,0
2021-12-28,1812.36,1820.191,1805.006,1806.557,58094,200,0
2021-12-29,1806.524,1807.626,1789.212,1804.526,66338,200,0
2021-12-30,1804.533,1817.117,1796.118,1815.704,61977,200,0
2021-12-31,1815.737,1828.722,1814.704,1827.615,57542,200,0
2022-01-02,1830.615,1831.73,1828.021,1828.453,1680,200,0
2022-01-03,1828.422,1831.542,1798.304,1804.101,76069,200,0
2022-01-04,1804.127,1816.68,1798.452,1813.873,78919,200,0
2022-01-05,1813.885,1829.591,1808.259,1810.306,79757,200,0
2022-01-06,1810.339,1811.475,1786.332,1791.365,98877,200,0
2022-01-07,1791.381,1798.604,1782.289,1796.899,85416,200,0
2022-01-09,1794.898,1796.069,1794.505,1795.087,1989,200,0
2022-01-10,1795.117,1802.899,1790.033,1801.225,77478,200,0
2022-01-11,1801.195,1823.249,1801.195,1820.681,77466,200,0
2022-01-12,1820.647,1828.061,1814.465,1825.28,74718,200,0
2022-01-13,1825.249,1828.107,1812.206,1820.817,71760,200,0
2022-01-14,1820.785,1829.045,1814.63,1817.639,79454,200,0
2022-01-16,1817.663,1818.081,1815.859,1816.379,1623,200,0
2022-01-17,1816.377,1823.141,1813.109,1819.029,41145,200,0
2022-01-18,1818.985,1822.726,1805.73,1814.231,92130,200,0
2022-01-19,1814.262,1843.326,1810.042,1838.495,84062,200,0
2022-01-20,1838.496,1847.796,1835.726,1838.889,81864,200,0
2022-01-21,1838.895,1843.095,1828.186,1834.664,85210,200,0
2022-01-23,1833.144,1837.088,1833.123,1834.669,2717,200,0
2022-01-24,1834.699,1844.124,1829.487,1843.521,91028,200,0
2022-01-25,1843.527,1853.785,1834.667,1849.526,86212,200,0
2022-01-26,1849.505,1849.51,1814.84,1821.928,107635,200,0
2022-01-27,1821.924,1821.949,1791.76,1797.205,109585,200,0
2022-01-28,1797.232,1799.343,1780.165,1791.634,97736,200,0
2022-01-30,1789.345,1790.575,1788.327,1789.464,2523,200,0
2022-01-31,1789.494,1799.841,1785.425,1797.738,81420,200,0
2022-02-01,1797.736,1808.524,1795.718,1800.694,81768,200,0
2022-02-02,1800.711,1810.736,1794.218,1807.83,73932,200,0
2022-02-03,1807.797,1808.931,1788.521,1805.719,88834,200,0
2022-02-04,1805.691,1814.862,1792.076,1807.732,93010,200,0
2022-02-06,1808.436,1811.438,1807.877,1810.028,2355,200,0
2022-02-07,1810.035,1823.503,1808.628,1822.004,75588,200,0
2022-02-08,1821.979,1828.737,1815.347,1826.134,67268,200,0
2022-02-09,1825.759,1835.783,1824.344,1832.541,64087,200,0
2022-02-10,1832.543,1841.879,1821.482,1826.796,105641,200,0
2022-02-11,1826.765,1865.332,1820.541,1858.955,126030,200,0
2022-02-13,1855.638,1861.547,1855.387,1859.56,4307,200,0
2022-02-14,1859.538,1874.102,1850.562,1871.048,110678,200,0
2022-02-15,1871.07,1879.466,1844.121,1852.964,102306,200,0
2022-02-16,1852.951,1872.512,1850.275,1869.906,84930,200,0
2022-02-17,1869.938,1900.989,1867.772,1899.944,117575,200,0
2022-02-18,1899.977,1902.395,1886.288,1897.807,90032,200,0
2022-02-20,1903.076,1906.406,1900.349,1904.863,3826,200,0
2022-02-21,1904.861,1914.018,1887.562,1909.377,78560,200,0
2022-02-22,1909.376,1913.754,1891.161,1898.158,103220,200,0
2022-02-23,1898.156,1911.524,1889.367,1910.758,84987,200,0
2022-02-24,1910.754,1974.331,1877.772,1906.5,248409,200,0
2022-02-25,1906.531,1921.484,1882.823,1889.003,146899,200,0
2022-02-27,1920.95,1927.279,1904.347,1910.214,13716,200,0
2022-02-28,1910.181,1919.182,1890.826,1906.268,142190,200,0
2022-03-01,1906.236,1949.979,1901.217,1942.269,137936,200,0
2022-03-02,1942.264,1947.706,1913.468,1928.835,156325,200,0
2022-03-03,1928.805,1941.243,1921.838,1934.87,121881,200,0
2022-03-04,1934.879,1970.844,1929.366,1970.317,152725,200,0
2022-03-06,1981.416,1991.349,1981.269,1988.583,11613,200,0
2022-03-07,1988.6,2002.716,1960.799,1998.703,222824,200,0
2022-03-08,1998.736,2070.292,1980.856,2043.828,317420,200,0
2022-03-09,2043.799,2059.01,1975.866,1989.867,262576,200,0
2022-03-10,1989.862,2009.102,1970.412,1995.387,206027,200,0
2022-03-11,1995.388,1997.308,1958.366,1988.214,163022,200,0
2022-03-13,1980.342,1983.847,1970.76,1974.302,8522,200,0
2022-03-14,1974.263,1978.865,1949.352,1952.184,132435,200,0
2022-03-15,1952.176,1952.208,1906.916,1918.085,154230,200,0
2022-03-16,1918.082,1929.424,1894.75,1926.898,152631,200,0
2022-03-17,1926.899,1949.689,1925.557,1943.947,117789,200,0
2022-03-18,1943.915,1945.34,1917.946,1921.271,113298,200,0
2022-03-20,1925.067,1926.334,1918.261,1918.985,4780,200,0
2022-03-21,1919.007,1941.097,1917.662,1935.506,98940,200,0
2022-03-22,1935.543,1938.331,1910.378,1919.665,109093,200,0
2022-03-23,1919.663,1948.282,1915.575,1946.104,93583,200,0
2022-03-24,1946.106,1966.151,1937.434,1959.217,111431,200,0
2022-03-25,1959.236,1964.253,1943.079,1958.248,99757,200,0
2022-03-27,1955.588,1957.911,1954.787,1957.222,4351,200,0
2022-03-28,1957.209,1958.405,1916.898,1924.041,130401,200,0
2022-03-29,1924.04,1929.272,1890.113,1916.354,135007,200,0
2022-03-30,1916.363,1938.489,1915.905,1934.017,107123,200,0
2022-03-31,1934.044,1949.76,1918.817,1936.702,110771,200,0
2022-04-01,1936.704,1939.493,1917.848,1924.495,111591,200,0
2022-04-03,1924.673,1924.995,1921.444,1924.674,3323,200,0
2022-04-04,1924.635,1936.808,1915.19,1931.493,98316,200,0
2022-04-05,1931.51,1944.555,1917.767,1920.617,106538,200,0
2022-04-06,1920.618,1933.482,1914.737,1923.806,123710,200,0
2022-04-07,1923.783,1937.653,1920.496,1932.938,100050,200,0
2022-04-08,1932.968,1948.146,1927.668,1947.868,91436,200,0
2022-04-10,1948.292,1950.0,1943.18,1944.606,4962,200,0
2022-04-11,1944.61,1969.585,1939.925,1952.799,114353,200,0
2022-04-12,1952.772,1978.253,1949.605,1965.922,112665,200,0
2022-04-13,1965.899,1981.532,1962.745,1977.083,97551,200,0
2022-04-14,1977.082,1980.198,1960.42,1973.111,95792,200,0
2022-04-17,1972.91,1987.767,1971.978,1986.477,7360,200,0
2022-04-18,1986.494,1998.178,1976.208,1977.131,100495,200,0
2022-04-19,1977.161,1981.76,1943.618,1949.718,115161,200,0
2022-04-20,1949.748,1958.332,1939.088,1956.797,111133,200,0
2022-04-21,1956.794,1957.397,1936.478,1950.905,109301,200,0
2022-04-22,1950.899,1955.483,1926.267,1931.5,122261,200,0
2022-04-24,1932.305,1934.435,1929.527,1932.663,4920,200,0
2022-04-25,1932.661,1932.726,1891.134,1899.39,142707,200,0
2022-04-26,1899.375,1911.179,1895.449,1906.528,119602,200,0
2022-04-27,1906.529,1906.789,1881.037,1885.633,120990,200,0
2022-04-28,1885.625,1896.735,1871.9,1895.515,122058,200,0
2022-04-29,1895.526,1919.762,1894.415,1896.72,112171,200,0
2022-05-01,1899.389,1899.899,1896.106,1897.236,6224,200,0
2022-05-02,1897.206,1898.451,1854.428,1863.149,110239,200,0
2022-05-03,1863.117,1877.892,1850.192,1868.33,100201,200,0
2022-05-04,1868.298,1894.144,1861.388,1893.782,120296,200,0
2022-05-05,1893.821,1909.551,1872.327,1874.231,135684,200,0
2022-05-06,1874.199,1892.504,1865.888,1883.631,115754,200,0
2022-05-08,1883.561,1885.697,1879.889,1881.256,5207,200,0
2022-05-09,1881.244,1882.073,1851.677,1854.636,116544,200,0
2022-05-10,1854.605,1865.301,1833.108,1833.584,123399,200,0
2022-05-11,1833.614,1857.973,1831.974,1854.064,129735,200,0
2022-05-12,1854.063,1858.745,1810.519,1821.379,138220,200,0
2022-05-13,1821.414,1828.472,1798.81,1811.491,105512,200,0
2022-05-15,1813.943,1814.561,1809.718,1813.161,5868,200,0
2022-05-16,1813.19,1829.184,1786.381,1826.353,109857,200,0
2022-05-17,1826.388,1836.051,1812.886,1814.521,102817,200,0
2022-05-18,1814.49,1824.673,1807.231,1816.015,96091,200,0
2022-05-19,1816.029,1849.115,1810.833,1842.072,111098,200,0
2022-05-20,1842.064,1849.365,1832.312,1846.487,90597,200,0
2022-05-22,1848.976,1849.587,1843.478,1846.283,5062,200,0
2022-05-23,1846.284,1865.372,1845.756,1853.883,87087,200,0
2022-05-24,1853.919,1869.656,1849.303,1867.329,80538,200,0
2022-05-25,1867.361,1867.995,1841.3,1853.974,82339,200,0
2022-05-26,1853.944,1854.26,1840.804,1852.779,83104,200,0
2022-05-27,1852.748,1862.113,1847.933,1853.024,77108,200,0
2022-05-29,1852.618,1853.909,1848.158,1849.849,3394,200,0
2022-05-30,1849.872,1863.953,1848.661,1852.384,53671,200,0
2022-05-31,1852.416,1857.07,1835.015,1836.404,92851,200,0
2022-06-01,1836.437,1849.923,1828.429,1845.949,96121,200,0
2022-06-02,1845.953,1870.543,1844.065,1869.855,82913,200,0
2022-06-03,1869.886,1873.967,1847.249,1850.96,77386,200,0
2022-06-05,1850.955,1853.237,1850.103,1851.478,2805,200,0
2022-06-06,1851.48,1857.898,1837.957,1839.385,73857,200,0
2022-06-07,1839.404,1855.484,1836.939,1853.566,79488,200,0
2022-06-08,1853.569,1859.61,1844.488,1852.692,74411,200,0
2022-06-09,1852.695,1855.255,1840.008,1846.918,81415,200,0
2022-06-10,1846.945,1875.847,1825.079,1871.532,115442,200,0
2022-06-12,1878.07,1878.832,1874.666,1876.949,6102,200,0
2022-06-13,1876.93,1877.351,1809.14,1821.013,138261,200,0
2022-06-14,1820.98,1831.57,1805.064,1810.902,123222,200,0
2022-06-15,1810.872,1841.828,1808.642,1833.827,151096,200,0
2022-06-16,1833.811,1857.493,1815.391,1850.809,130439,200,0
2022-06-17,1850.821,1852.917,1833.817,1840.248,109101,200,0
2022-06-19,1836.197,1840.32,1834.725,1838.432,5130,200,0
2022-06-20,1838.436,1846.093,1835.153,1839.091,63606,200,0
2022-06-21,1839.053,1843.581,1828.531,1831.32,90405,200,0
2022-06-22,1831.288,1847.815,1823.291,1836.562,103024,200,0
2022-06-23,1836.593,1846.058,1822.481,1824.582,102434,200,0
2022-06-24,1824.585,1831.621,1816.879,1827.1,94125,200,0
2022-06-26,1836.268,1836.298,1829.99,1831.005,7001,200,0
2022-06-27,1830.973,1840.818,1820.729,1823.494,87970,200,0
2022-06-28,1823.506,1829.452,1818.256,1818.377,79623,200,0
2022-06-29,1818.347,1833.03,1811.898,1818.883,89393,200,0
2022-06-30,1818.896,1825.133,1802.627,1806.548,100828,200,0
2022-07-01,1806.552,1809.394,1784.473,1809.341,112101,200,0
2022-07-03,1810.342,1810.937,1808.034,1808.071,4033,200,0
2022-07-04,1808.062,1814.091,1803.948,1809.285,56439,200,0
2022-07-05,1809.287,1812.081,1763.729,1769.527,109591,200,0
2022-07-06,1769.524,1772.784,1732.221,1739.958,124549,200,0
2022-07-07,1739.989,1748.998,1736.482,1741.722,89351,200,0
2022-07-08,1741.754,1752.349,1732.813,1742.249,93331,200,0
2022-07-10,1741.119,1744.589,1740.873,1741.965,3889,200,0
2022-07-11,1741.998,1743.548,1731.223,1733.238,80153,200,0
2022-07-12,1733.236,1743.94,1723.036,1725.287,99125,200,0
2022-07-13,1725.317,1745.318,1707.071,1731.99,124098,200,0
2022-07-14,1731.972,1733.521,1697.565,1711.655,129549,200,0
2022-07-15,1711.692,1716.563,1698.927,1707.44,99116,200,0
2022-07-17,1706.571,1710.646,1706.536,1710.292,4179,200,0
2022-07-18,1710.261,1723.834,1706.616,1708.215,87737,200,0
2022-07-19,1708.198,1718.373,1705.3,1709.954,78373,200,0
2022-07-20,1709.924,1714.476,1692.191,1695.406,83285,200,0
2022-07-21,1695.357,1720.269,1680.811,1718.076,117457,200,0
2022-07-22,1718.046,1739.229,1712.809,1727.469,94925,200,0
2022-07-24,1726.25,1727.089,1724.282,1724.673,3980,200,0
2022-07-25,1724.676,1736.012,1714.721,1718.99,81380,200,0
2022-07-26,1719.03,1728.145,1713.605,1717.929,79872,200,0
2022-07-27,1717.896,1740.307,1711.358,1738.764,95606,200,0
2022-07-28,1738.733,1757.039,1733.993,1754.908,113789,200,0
2022-07-29,1754.898,1767.905,1752.116,1766.178,95370,200,0
2022-07-31,1765.356,1765.39,1760.893,1762.141,3687,200,0
2022-08-01,1762.172,1775.302,1758.22,1772.228,88755,200,0
2022-08-02,1772.261,1787.973,1754.784,1756.675,112400,200,0
2022-08-03,1756.669,1772.769,1754.321,1763.586,92445,200,0
2022-08-04,1763.617,1794.882,1763.358,1793.38,86654,200,0
2022-08-05,1793.347,1794.863,1764.955,1775.628,98373,200,0
2022-08-07,1773.369,1775.046,1772.643,1774.558,3684,200,0
2022-08-08,1774.562,1790.631,1771.119,1789.176,73981,200,0
2022-08-09,1789.146,1800.41,1783.177,1794.082,75716,200,0
2022-08-10,1794.086,1807.831,1787.574,1791.66,91473,200,0
2022-08-11,1791.675,1799.215,1783.471,1788.95,82896,200,0
2022-08-12,1788.923,1802.198,1784.86,1801.884,74534,200,0
2022-08-14,1801.505,1801.765,1798.969,1799.103,3025,200,0
2022-08-15,1799.072,1801.693,1772.949,1778.509,84793,200,0
2022-08-16,1778.547,1783.068,1771.198,1775.556,73288,200,0
2022-08-17,1775.564,1782.159,1759.7,1764.909,91793,200,0
2022-08-18,1764.911,1772.362,1755.304,1758.387,80126,200,0
2022-08-19,1758.39,1758.55,1745.49,1747.376,77223,200,0
2022-08-21,1745.586,1748.094,1744.969,1745.664,3670,200,0
2022-08-22,1745.668,1748.992,1727.749,1735.22,84063,200,0
2022-08-23,1735.227,1754.057,1730.786,1745.97,85342,200,0
2022-08-24,1745.972,1755.904,1742.431,1750.98,78538,200,0
2022-08-25,1750.974,1765.437,1749.921,1756.377,78251,200,0
2022-08-26,1756.379,1758.757,1734.13,1737.998,101769,200,0
2022-08-28,1734.774,1738.525,1733.125,1734.735,6173,200,0
2022-08-29,1734.741,1745.407,1720.28,1739.526,90790,200,0
2022-08-30,1739.51,1740.474,1721.131,1723.304,84207,200,0
2022-08-31,1723.302,1726.483,1705.48,1708.952,93068,200,0
2022-09-01,1708.919,1708.919,1688.723,1697.174,97164,200,0
2022-09-02,1697.165,1717.932,1696.266,1712.532,91250,200,0
2022-09-04,1711.024,1711.509,1707.899,1707.958,3100,200,0
2022-09-05,1707.929,1715.705,1707.72,1713.927,51594,200,0
2022-09-06,1713.921,1726.337,1699.751,1703.478,95465,200,0
2022-09-07,1703.475,1719.426,1691.358,1716.553,95638,200,0
2022-09-08,1716.548,1728.138,1703.864,1710.648,106170,200,0
2022-09-09,1710.618,1729.336,1709.683,1717.186,87222,200,0
2022-09-11,1718.402,1720.155,1716.742,1718.396,3416,200,0
2022-09-12,1718.365,1735.081,1711.946,1725.246,92494,200,0
2022-09-13,1725.236,1731.772,1696.993,1702.097,114580,200,0
2022-09-14,1702.141,1707.068,1693.596,1697.512,99562,200,0
2022-09-15,1697.494,1697.775,1660.181,1662.336,103864,200,0
2022-09-16,1662.338,1680.361,1654.095,1675.286,95581,200,0
2022-09-18,1674.412,1679.963,1673.966,1677.946,4036,200,0
2022-09-19,1677.914,1678.74,1659.457,1675.752,84650,200,0
2022-09-20,1675.744,1679.43,1659.913,1666.4,87178,200,0
2022-09-21,1666.392,1688.033,1653.772,1667.043,141336,200,0
2022-09-22,1667.04,1684.833,1655.368,1672.724,138885,200,0
2022-09-23,1672.737,1675.933,1639.714,1643.877,118540,200,0
2022-09-25,1643.172,1645.673,1640.355,1644.085,5575,200,0
2022-09-26,1644.082,1649.598,1621.048,1627.669,150756,200,0
2022-09-27,1627.637,1642.384,1626.649,1628.797,114230,200,0
2022-09-28,1628.795,1662.66,1614.427,1656.115,147585,200,0
2022-09-29,1656.147,1665.171,1641.435,1664.567,132548,200,0
2022-09-30,1664.576,1675.424,1659.198,1660.963,121497,200,0
2022-10-02,1664.009,1665.394,1663.255,1664.152,4625,200,0
2022-10-03,1664.122,1702.553,1659.578,1700.996,126185,200,0
2022-10-04,1701.0,1729.469,1695.125,1725.563,120521,200,0
2022-10-05,1725.562,1727.552,1700.495,1718.379,118208,200,0
2022-10-06,1718.416,1725.491,1706.888,1711.869,108881,200,0
2022-10-07,1711.89,1714.764,1690.453,1695.001,116044,200,0
2022-10-09,1696.236,1699.857,1695.794,1696.694,4572,200,0
2022-10-10,1696.695,1697.232,1665.618,1670.131,101537,200,0
2022-10-11,1670.1,1683.879,1660.867,1664.037,122726,200,0
2022-10-12,1664.015,1678.298,1661.379,1674.483,118122,200,0
2022-10-13,1674.46,1682.36,1642.337,1663.441,152379,200,0
2022-10-14,1663.418,1671.694,1640.123,1644.267,126306,200,0
2022-10-16,1646.163,1647.656,1644.094,1647.47,4635,200,0
2022-10-17,1647.455,1668.389,1646.361,1650.698,97294,200,0
2022-10-18,1650.73,1660.853,1645.81,1652.305,104396,200,0
2022-10-19,1652.304,1653.366,1626.464,1627.097,103988,200,0
2022-10-20,1627.064,1645.57,1622.403,1626.98,107874,200,0
2022-10-21,1626.979,1658.087,1616.856,1657.806,154343,200,0
2022-10-23,1659.975,1670.606,1656.61,1661.251,20029,200,0
2022-10-24,1661.219,1663.306,1643.903,1651.742,126312,200,0
2022-10-25,1651.773,1662.281,1638.121,1652.755,107108,200,0
2022-10-26,1652.765,1674.834,1649.733,1667.513,110063,200,0
2022-10-27,1667.524,1670.754,1654.798,1661.862,122403,200,0
2022-10-28,1661.861,1666.992,1637.811,1644.628,109931,200,0
2022-10-30,1643.727,1645.373,1643.003,1643.446,4695,200,0
2022-10-31,1643.413,1645.56,1631.677,1632.419,86334,200,0
2022-11-01,1632.452,1656.969,1630.689,1646.772,109646,200,0
2022-11-02,1646.804,1669.428,1631.8,1633.721,137225,200,0
2022-11-03,1633.718,1640.911,1616.624,1629.737,115067,200,0
2022-11-04,1629.771,1681.665,1629.315,1680.966,133196,200,0
2022-11-06,1675.168,1680.309,1672.277,1672.66,5338,200,0
2022-11-07,1672.698,1681.865,1666.852,1674.072,103128,200,0
2022-11-08,1674.084,1716.901,1664.665,1711.587,118524,200,0
2022-11-09,1711.583,1722.291,1702.124,1706.45,124416,200,0
2022-11-10,1706.469,1757.196,1703.98,1752.196,145419,200,0
2022-11-11,1752.192,1772.822,1747.23,1771.096,129640,200,0
2022-11-13,1763.488,1764.891,1761.422,1763.439,4142,200,0
2022-11-14,1763.447,1775.007,1753.101,1769.481,114630,200,0
2022-11-15,1769.516,1786.472,1767.047,1780.746,154449,200,0
2022-11-16,1780.774,1784.992,1770.272,1773.843,121911,200,0
2022-11-17,1773.862,1774.762,1754.443,1760.058,111269,200,0
2022-11-18,1760.026,1767.674,1747.487,1750.852,93341,200,0
2022-11-20,1751.196,1752.595,1750.869,1752.261,2432,200,0
2022-11-21,1752.256,1752.986,1732.473,1738.506,101152,200,0
2022-11-22,1738.513,1749.613,1737.008,1741.139,89700,200,0
2022-11-23,1741.14,1753.378,1726.349,1752.271,106094,200,0
2022-11-24,1752.302,1758.565,1752.297,1755.189,62917,200,0
2022-11-25,1755.375,1761.12,1745.947,1755.969,74199,200,0
2022-11-27,1753.479,1754.215,1749.919,1750.9,1548,200,0
2022-11-28,1750.883,1763.703,1739.601,1741.231,103654,200,0
2022-11-29,1741.252,1758.929,1740.23,1748.884,96409,200,0
2022-11-30,1748.92,1773.44,1744.645,1773.332,121965,200,0
2022-12-01,1773.354,1804.439,1771.933,1802.253,122288,200,0
2022-12-02,1802.284,1802.96,1778.425,1797.945,117900,200,0
2022-12-04,1795.131,1799.341,1794.397,1798.946,3012,200,0
2022-12-05,1798.977,1809.868,1765.756,1769.348,110083,200,0
2022-12-06,1769.314,1780.835,1767.201,1770.915,94680,200,0
2022-12-07,1770.918,1790.489,1768.683,1786.964,105227,200,0
2022-12-08,1786.974,1794.813,1781.372,1789.207,87442,200,0
2022-12-09,1789.21,1806.043,1788.466,1797.425,98102,200,0
2022-12-11,1795.942,1796.635,1794.757,1794.954,2137,200,0
2022-12-12,1794.938,1795.446,1777.541,1781.893,86584,200,0
2022-12-13,1781.894,1824.45,1780.983,1809.588,130049,200,0
2022-12-14,1809.586,1814.085,1795.718,1807.616,129141,200,0
2022-12-15,1807.617,1807.818,1773.434,1776.49,120665,200,0
2022-12-16,1776.456,1794.228,1774.271,1793.062,95319,200,0
2022-12-18,1792.453,1793.006,1790.95,1791.017,2246,200,0
2022-12-19,1790.997,1798.712,1783.783,1787.255,82183,200,0
2022-12-20,1787.224,1821.02,1784.563,1817.199,125528,200,0
2022-12-21,1817.168,1823.76,1811.854,1814.892,90916,200,0
2022-12-22,1814.856,1820.365,1784.764,1793.44,99411,200,0
2022-12-23,1793.461,1803.194,1791.14,1798.469,85412,200,0
2022-12-26,1799.575,1803.087,1799.248,1800.842,1600,1955,0
2022-12-27,1800.845,1833.269,1800.238,1812.353,91863,200,0
2022-12-28,1812.377,1814.566,1796.946,1805.765,88179,200,0
2022-12-29,1805.728,1820.145,1804.34,1815.096,81997,200,0
2022-12-30,1815.108,1825.985,1813.339,1823.51,88314,200,0
2023-01-02,1826.216,1830.46,1823.998,1829.131,2382,834,0
2023-01-03,1829.11,1849.902,1826.747,1836.522,123230,200,0
2023-01-04,1836.501,1865.086,1836.185,1854.827,124307,200,0
2023-01-05,1854.794,1858.971,1825.035,1832.799,116569,200,0
2023-01-06,1832.8,1869.783,1831.265,1865.989,119653,200,0
2023-01-08,1866.736,1869.889,1866.716,1869.602,3665,200,0
2023-01-09,1869.595,1881.424,1867.099,1870.49,108244,200,0
2023-01-10,1870.477,1880.719,1867.789,1877.167,103805,200,0
2023-01-11,1877.196,1886.576,1867.093,1876.939,100758,200,0
2023-01-12,1876.935,1901.591,1873.263,1898.023,133243,200,0
2023-01-13,1897.993,1921.854,1892.282,1920.251,111565,200,0
2023-01-15,1919.066,1920.45,1916.844,1916.893,2928,200,0
2023-01-16,1916.904,1928.751,1910.813,1917.856,69359,200,0
2023-01-17,1917.882,1918.996,1903.633,1908.691,101941,200,0
2023-01-18,1908.674,1925.862,1896.559,1906.818,129170,200,0
2023-01-19,1906.848,1935.129,1900.95,1931.68,114679,200,0
2023-01-20,1931.683,1937.383,1920.58,1925.883,97928,200,0
2023-01-22,1924.243,1927.327,1924.189,1927.258,2521,200,0
2023-01-23,1927.232,1935.466,1911.296,1931.325,105372,200,0
2023-01-24,1931.313,1942.395,1916.962,1936.963,101119,200,0
2023-01-25,1936.953,1948.739,1919.804,1948.321,107046,200,0
2023-01-26,1948.346,1949.116,1918.41,1930.718,113361,200,0
2023-01-27,1930.679,1935.025,1916.655,1928.265,92726,200,0
2023-01-29,1926.746,1928.918,1926.408,1928.854,2430,200,0
2023-01-30,1928.859,1934.425,1920.627,1922.089,96195,200,0
2023-01-31,1922.121,1931.088,1900.736,1927.336,110416,200,0
2023-02-01,1927.329,1955.951,1920.494,1953.043,138667,200,0
2023-02-02,1953.008,1959.639,1911.211,1915.002,144428,200,0
2023-02-03,1914.998,1918.515,1861.424,1865.705,147066,0,0
2023-02-05,1864.169,1869.894,1863.718,1865.462,4303,200,0
2023-02-06,1865.429,1881.296,1862.982,1868.476,112453,200,0
2023-02-07,1868.507,1884.428,1864.972,1872.894,137566,200,0
2023-02-08,1872.893,1886.342,1868.977,1874.989,102318,200,0
2023-02-09,1874.983,1890.17,1858.842,1862.322,113695,200,0
2023-02-10,1862.353,1872.159,1852.744,1865.314,115674,200,0
2023-02-12,1863.97,1865.29,1862.633,1862.705,2215,200,0
2023-02-13,1862.739,1866.533,1850.417,1854.376,92838,200,0
2023-02-14,1854.38,1870.322,1843.19,1854.865,155845,200,0
2023-02-15,1854.862,1860.066,1830.262,1836.361,117910,200,0
2023-02-16,1836.353,1845.266,1827.567,1834.272,114973,200,0
2023-02-17,1834.288,1843.547,1818.861,1842.499,107726,200,0
2023-02-19,1841.163,1841.687,1838.386,1838.659,2114,200,0
2023-02-20,1838.666,1847.39,1837.282,1841.705,51903,200,0
2023-02-21,1841.659,1843.801,1830.204,1835.548,100276,200,0
2023-02-22,1835.552,1845.972,1823.473,1825.075,102613,200,0
2023-02-23,1825.086,1833.723,1817.218,1823.166,99240,200,0
2023-02-24,1823.197,1827.755,1808.9,1810.778,100816,200,0
2023-02-26,1811.892,1813.078,1811.23,1811.74,2184,200,0
2023-02-27,1811.728,1820.087,1806.176,1817.137,89208,200,0
2023-02-28,1817.138,1831.104,1804.393,1825.551,94264,200,0
2023-03-01,1825.552,1844.574,1823.042,1836.554,103946,200,0
2023-03-02,1836.53,1838.932,1829.947,1837.818,96438,200,0
2023-03-03,1837.787,1856.278,1837.756,1855.265,90685,200,0
2023-03-05,1853.694,1854.076,1852.152,1852.294,1832,200,0
2023-03-06,1852.302,1858.123,1845.066,1846.323,84795,200,0
2023-03-07,1846.303,1851.468,1812.67,1813.936,110332,200,0
2023-03-08,1813.935,1824.235,1809.372,1815.196,96065,200,0
2023-03-09,1815.209,1835.548,1811.922,1831.569,90830,200,0
2023-03-10,1831.565,1870.031,1827.702,1867.109,141680,200,0
2023-03-12,1883.412,1894.368,1875.749,1877.746,25379,200,0
2023-03-13,1877.716,1914.577,1871.496,1912.025,197343,200,0
2023-03-14,1912.055,1914.113,1895.228,1903.064,152966,200,0
2023-03-15,1903.055,1937.287,1885.584,1921.155,195734,200,0
2023-03-16,1921.145,1933.443,1907.298,1921.294,165436,200,0
2023-03-17,1921.306,1988.311,1918.196,1988.129,151331,200,0
2023-03-19,1985.925,1988.132,1975.037,1976.936,11961,200,0
2023-03-20,1976.968,2009.668,1965.627,1976.585,190905,200,0
2023-03-21,1976.581,1985.121,1935.343,1943.106,139958,200,0
2023-03-22,1943.074,1978.802,1934.057,1969.706,164684,200,0
2023-03-23,1969.755,2003.277,1966.317,1991.324,156340,200,0
2023-03-24,1991.292,2002.989,1975.165,1978.777,158797,200,0
2023-03-26,1976.4,1976.735,1969.153,1975.691,7621,200,0
2023-03-27,1975.658,1978.691,1943.944,1958.071,122548,200,0
2023-03-28,1958.04,1975.255,1949.141,1971.898,105019,200,0
2023-03-29,1971.93,1972.854,1958.55,1963.201,94574,200,0
2023-03-30,1963.222,1984.251,1955.195,1978.386,100053,200,0
2023-03-31,1978.412,1987.544,1966.806,1969.376,102318,200,0
2023-04-02,1966.275,1967.407,1956.964,1957.027,9069,200,0
2023-04-03,1957.063,1990.476,1949.542,1984.935,111861,200,0
2023-04-04,1984.929,2024.982,1976.814,2021.748,124065,200,0
2023-04-05,2021.716,2032.046,2009.919,2020.287,116544,200,0
2023-04-06,2020.269,2020.907,2000.81,2007.761,97604,200,0
2023-04-09,1997.006,2006.495,1995.817,2005.497,5722,200,0
2023-04-10,2005.529,2005.86,1981.436,1992.389,96569,200,0
2023-04-11,1992.356,2007.41,1988.773,2004.675,84787,200,0
2023-04-12,2004.684,2028.184,2000.987,2018.149,122580,200,0
2023-04-13,2018.118,2048.597,2015.276,2039.713,108079,200,0
2023-04-14,2039.712,2047.392,1992.364,2004.252,132331,200,0
2023-04-16,2001.207,2005.006,1999.651,2002.848,5116,200,0
2023-04-17,2002.866,2014.998,1980.899,1993.906,109442,200,0
2023-04-18,1993.915,2011.823,1991.048,2005.718,97030,200,0
2023-04-19,2005.719,2008.077,1969.176,1993.616,113424,200,0
2023-04-20,1993.651,2012.347,1990.476,2005.313,109834,200,0
2023-04-21,2005.287,2005.508,1971.584,1982.886,118262,200,0
2023-04-23,1982.082,1985.343,1981.789,1984.62,3555,200,0
2023-04-24,1984.618,1996.42,1974.028,1995.016,100105,200,0
2023-04-25,1995.015,2003.83,1976.067,2000.172,125716,200,0
2023-04-26,2000.178,2009.322,1983.348,1991.647,127310,200,0
2023-04-27,1991.617,2003.246,1974.016,1986.914,121208,200,0
2023-04-28,1986.879,1994.994,1976.103,1989.376,121133,200,0
2023-04-30,1989.602,1991.877,1986.62,1986.895,4632,200,0
2023-05-01,1986.927,2005.933,1977.054,1981.373,116660,200,0
2023-05-02,1981.385,2019.31,1978.455,2015.905,122126,200,0
2023-05-03,2015.916,2079.817,2007.655,2051.957,152916,200,0
2023-05-04,2051.959,2059.537,2030.327,2049.922,166005,200,0
2023-05-05,2049.924,2052.957,1999.451,2016.65,127098,200,0
2023-05-07,2016.428,2017.281,2014.174,2016.006,4614,200,0
2023-05-08,2015.976,2029.32,2015.15,2021.237,91200,200,0
2023-05-09,2021.266,2037.561,2019.483,2036.27,93233,200,0
2023-05-10,2036.31,2048.145,2021.356,2031.436,117038,200,0
2023-05-11,2031.411,2040.788,2011.104,2016.346,131662,200,0
2023-05-12,2016.367,2022.461,2000.895,2010.912,107767,200,0
2023-05-14,2008.664,2011.957,2008.664,2009.558,3383,200,0
2023-05-15,2009.551,2022.083,2008.637,2014.4,87552,200,0
2023-05-16,2014.411,2018.279,1985.414,1989.63,108084,200,0
2023-05-17,1989.633,1992.977,1974.734,1982.717,96744,200,0
2023-05-18,1982.731,1985.973,1951.937,1958.356,102467,200,0
2023-05-19,1958.364,1984.186,1954.003,1977.703,113065,200,0
2023-05-21,1978.005,1981.48,1978.005,1980.829,3723,200,0
2023-05-22,1980.827,1982.53,1968.84,1969.784,98372,200,0
2023-05-23,1969.814,1977.739,1954.232,1975.021,114179,200,0
2023-05-24,1975.043,1985.101,1956.683,1959.752,111498,200,0
2023-05-25,1959.748,1964.711,1938.813,1940.515,119455,200,0
2023-05-26,1940.492,1957.219,1936.576,1946.834,101876,200,0
2023-05-28,1943.265,1946.248,1943.227,1943.654,4454,200,0
2023-05-29,1943.687,1949.718,1940.27,1941.683,54792,200,0
2023-05-30,1941.498,1963.479,1932.042,1958.535,104724,200,0
2023-05-31,1958.544,1974.676,1953.625,1966.244,110081,200,0
2023-06-01,1966.275,1983.049,1953.338,1977.03,106037,200,0
2023-06-02,1977.033,1983.332,1947.58,1948.029,103366,200,0
2023-06-04,1947.366,1950.096,1947.297,1949.33,4212,200,0
2023-06-05,1949.344,1964.003,1938.048,1961.224,96579,200,0
2023-06-06,1961.231,1966.376,1954.345,1963.345,89172,200,0
2023-06-07,1963.315,1970.123,1939.839,1944.436,97632,200,0
2023-06-08,1944.433,1970.507,1942.764,1965.313,94452,200,0
2023-06-09,1965.282,1972.771,1956.58,1960.64,84884,200,0
2023-06-11,1959.592,1960.497,1958.014,1959.933,3142,200,0
2023-06-12,1959.941,1966.889,1949.168,1959.94,85963,200,0
2023-06-13,1959.953,1970.599,1939.975,1943.884,103096,200,0
2023-06-14,1943.891,1960.058,1939.673,1945.188,108725,200,0
2023-06-15,1945.146,1960.194,1924.838,1958.223,110031,200,0
2023-06-16,1958.202,1967.848,1953.188,1957.441,91811,200,0
2023-06-18,1958.5,1958.561,1956.235,1957.046,3500,200,0
2023-06-19,1957.075,1958.711,1947.734,1952.197,61239,200,0
2023-06-20,1952.416,1956.727,1929.734,1937.225,99432,200,0
2023-06-21,1937.257,1939.444,1918.898,1933.838,106480,200,0
2023-06-22,1933.87,1934.198,1912.355,1914.439,95120,200,0
2023-06-23,1914.47,1937.231,1910.091,1921.192,95840,200,0
2023-06-25,1922.951,1925.402,1922.682,1925.294,4393,200,0
2023-06-26,1925.293,1933.28,1920.902,1922.485,86293,200,0
2023-06-27,1922.501,1930.639,1910.8,1915.389,89604,200,0
2023-06-28,1915.42,1917.174,1902.74,1909.681,89683,200,0
2023-06-29,1909.712,1913.047,1892.9,1908.661,97296,200,0
2023-06-30,1908.692,1922.693,1900.502,1919.333,91774,200,0
2023-07-02,1918.552,1919.584,1917.464,1918.169,3359,200,0
2023-07-03,1918.164,1930.631,1910.003,1921.181,79021,200,0
2023-07-04,1921.18,1930.645,1920.024,1926.176,55088,200,0
2023-07-05,1926.247,1934.767,1914.765,1916.772,87066,200,0
2023-07-06,1916.784,1927.548,1902.568,1911.516,102466,200,0
2023-07-07,1911.543,1934.845,1909.625,1925.339,93352,200,0
2023-07-09,1925.288,1928.14,1923.842,1924.848,4469,200,0
2023-07-10,1924.858,1926.88,1912.299,1924.821,82802,200,0
2023-07-11,1924.822,1938.404,1924.406,1933.24,81676,200,0
2023-07-12,1933.244,1959.618,1933.171,1957.713,94139,200,0
2023-07-13,1957.714,1963.302,1952.294,1960.134,92704,200,0
2023-07-14,1960.124,1963.671,1950.661,1955.224,88693,200,0
2023-07-16,1954.975,1954.975,1951.354,1953.281,4158,200,0
2023-07-17,1953.281,1959.801,1945.753,1955.398,81285,200,0
2023-07-18,1955.396,1984.251,1954.677,1977.481,102261,200,0
2023-07-19,1977.464,1980.859,1969.742,1977.683,83629,200,0
2023-07-20,1977.661,1987.421,1965.32,1972.197,90618,200,0
2023-07-21,1972.227,1973.735,1956.605,1961.851,82269,200,0
2023-07-23,1962.228,1962.882,1960.351,1961.177,2975,200,0
2023-07-24,1961.172,1967.805,1953.174,1954.393,85842,200,0
2023-07-25,1954.394,1966.193,1951.987,1965.284,82964,200,0
2023-07-26,1965.283,1978.243,1961.962,1972.009,94557,200,0
2023-07-27,1972.012,1982.133,1942.018,1947.443,107132,200,0
2023-07-28,1947.411,1963.46,1946.054,1959.184,106930,200,0
2023-07-30,1959.875,1960.47,1957.373,1958.07,3962,200,0
2023-07-31,1958.054,1972.326,1950.718,1963.907,82320,200,0
2023-08-01,1963.876,1964.628,1941.209,1952.146,91699,200,0
2023-08-02,1952.14,1954.752,1932.864,1936.0,90755,200,0
2023-08-03,1936.025,1938.822,1929.496,1935.774,92181,200,0
2023-08-04,1935.747,1946.752,1925.221,1942.483,88425,200,0
2023-08-06,1942.559,1946.648,1942.415,1943.79,4376,200,0
2023-08-07,1943.785,1945.267,1931.462,1936.732,71969,200,0
2023-08-08,1936.763,1937.305,1922.708,1925.569,80952,200,0
2023-08-09,1925.574,1932.204,1914.027,1916.688,74599,200,0
2023-08-10,1916.688,1929.986,1910.558,1912.358,90707,200,0
2023-08-11,1912.358,1920.882,1911.858,1913.786,72546,200,0
2023-08-13,1913.666,1915.181,1912.345,1913.62,3311,200,0
2023-08-14,1913.62,1916.156,1902.465,1907.557,77695,200,0
2023-08-15,1907.567,1911.563,1896.208,1901.419,89220,200,0
2023-08-16,1901.412,1907.146,1891.67,1893.295,78610,200,0
2023-08-17,1893.298,1903.413,1884.996,1891.227,81669,200,0
2023-08-18,1891.231,1896.549,1886.724,1889.529,71950,200,0
2023-08-20,1889.357,1890.823,1888.8,1889.919,3176,200,0
2023-08-21,1889.934,1898.65,1884.547,1894.664,79727,200,0
2023-08-22,1894.674,1904.41,1889.054,1898.478,73999,200,0
2023-08-23,1898.476,1920.292,1898.432,1917.849,82488,200,0
2023-08-24,1917.82,1923.147,1911.754,1915.847,75291,200,0
2023-08-25,1915.845,1922.208,1903.541,1914.321,80412,200,0
2023-08-27,1915.974,1916.068,1914.322,1915.028,3309,200,0
2023-08-28,1915.029,1925.991,1912.694,1921.186,63478,200,0
2023-08-29,1921.199,1938.12,1914.407,1936.168,74860,200,0
2023-08-30,1936.176,1949.006,1934.94,1944.185,75654,200,0
2023-08-31,1944.195,1947.72,1939.033,1939.824,70633,200,0
2023-09-01,1939.828,1952.801,1934.334,1939.704,77950,200,0
2023-09-03,1939.987,1941.0,1939.406,1940.558,2143,200,0
2023-09-04,1940.537,1946.232,1936.688,1937.659,46359,200,0
2023-09-05,1937.551,1938.927,1925.272,1926.559,72886,200,0
2023-09-06,1926.569,1929.097,1915.243,1917.091,72850,200,0
2023-09-07,1917.086,1923.521,1916.163,1920.247,65702,200,0
2023-09-08,1920.255,1929.639,1917.247,1918.973,64951,200,0
2023-09-10,1919.621,1919.653,1916.576,1918.801,4001,200,0
2023-09-11,1918.795,1930.47,1918.316,1921.627,71025,200,0
2023-09-12,1921.59,1924.447,1907.352,1912.858,69301,200,0
2023-09-13,1912.857,1915.696,1905.465,1909.176,79590,200,0
2023-09-14,1909.169,1912.856,1900.968,1909.735,82533,200,0
2023-09-15,1909.766,1930.372,1909.766,1923.831,75302,200,0
2023-09-17,1924.077,1924.53,1922.547,1923.227,2713,200,0
2023-09-18,1923.227,1934.453,1922.773,1934.04,67187,200,0
2023-09-19,1934.061,1937.345,1929.723,1931.319,61547,200,0
2023-09-20,1931.317,1947.361,1927.837,1929.424,82829,200,0
2023-09-21,1929.428,1930.451,1913.841,1921.353,82598,200,0
2023-09-22,1921.361,1929.046,1921.19,1925.231,66563,200,0
2023-09-24,1926.118,1926.294,1924.402,1924.729,3126,200,0
2023-09-25,1924.73,1927.147,1915.084,1916.207,68715,200,0
2023-09-26,1916.209,1916.447,1899.103,1901.529,71468,200,0
2023-09-27,1901.524,1903.712,1872.507,1877.562,79474,200,0
2023-09-28,1877.583,1879.49,1857.644,1866.7,87839,200,0
2023-09-29,1866.695,1879.801,1846.282,1848.796,88172,200,0
2023-10-01,1847.284,1848.678,1845.687,1848.314,4066,200,0
2023-10-02,1848.314,1848.885,1820.404,1824.944,91696,200,0
2023-10-03,1824.919,1833.344,1815.218,1823.303,112741,200,0
2023-10-04,1823.303,1830.542,1816.556,1822.524,101114,200,0
2023-10-05,1822.472,1829.173,1812.994,1821.272,86949,200,0
2023-10-06,1821.272,1834.832,1810.402,1831.9,96655,200,0
2023-10-08,1853.39,1854.643,1845.525,1847.965,10973,200,0
2023-10-09,1847.992,1863.416,1844.161,1862.536,84496,200,0
2023-10-10,1862.582,1865.278,1852.97,1859.647,88395,200,0
2023-10-11,1859.633,1877.152,1858.59,1875.25,85910,200,0
2023-10-12,1875.251,1884.918,1867.883,1870.555,86449,200,0
2023-10-13,1870.546,1932.593,1870.055,1932.217,101879,200,0
2023-10-15,1927.521,1927.521,1921.177,1925.836,7670,200,0
2023-10-16,1925.842,1925.927,1908.144,1919.386,92375,200,0
2023-10-17,1919.382,1931.523,1912.343,1924.689,92899,200,0
2023-10-18,1924.689,1962.562,1923.755,1950.842,108623,200,0
2023-10-19,1950.783,1982.396,1945.057,1977.138,116084,200,0
2023-10-20,1977.172,1997.115,1971.974,1980.751,113238,200,0
2023-10-22,1972.732,1978.529,1970.062,1971.544,6190,200,0
2023-10-23,1971.505,1982.746,1964.308,1973.557,102780,200,0
2023-10-24,1973.555,1980.836,1953.444,1972.825,101127,200,0
2023-10-25,1972.826,1987.207,1962.998,1982.923,108492,200,0
2023-10-26,1982.941,1993.389,1971.735,1984.379,101346,200,0
2023-10-27,1984.378,2009.327,1976.817,2006.048,100587,200,0
2023-10-29,2002.954,2004.776,1996.868,2002.656,9368,200,0
2023-10-30,2002.684,2006.732,1990.976,1995.492,94987,200,0
2023-10-31,1995.509,2007.849,1978.806,1983.668,101440,200,0
2023-11-01,1983.67,1992.565,1969.83,1985.01,107150,200,0
2023-11-02,1984.989,1990.926,1978.79,1984.965,85335,200,0
2023-11-03,1984.956,2004.003,1983.221,1992.517,95322,200,0
2023-11-05,1991.419,1991.579,1987.146,1988.47,2475,200,0
2023-11-06,1988.474,1993.042,1975.737,1976.681,82670,200,0
2023-11-07,1976.653,1977.001,1956.655,1968.903,89557,200,0
2023-11-08,1968.908,1970.996,1947.335,1950.813,88948,200,0
2023-11-09,1950.815,1965.718,1944.498,1959.058,97838,200,0
2023-11-10,1959.06,1960.713,1932.898,1938.354,85516,200,0
2023-11-12,1941.002,1941.299,1921.37,1940.343,2180,200,0
2023-11-13,1940.374,1949.187,1931.604,1946.399,79730,200,0
2023-11-14,1946.418,1970.954,1937.494,1962.493,90767,200,0
2023-11-15,1962.487,1975.292,1955.428,1960.328,90349,200,0
2023-11-16,1960.333,1987.94,1956.42,1982.671,86906,199,0
2023-11-17,1982.649,1993.421,1978.514,1980.631,85050,199,0
2023-11-19,1977.456,1978.727,1974.119,1974.471,2467,199,0
2023-11-20,1974.58,1985.12,1965.418,1981.169,95965,199,0
2023-11-21,1981.155,2007.497,1980.712,1999.339,102334,199,0
2023-11-22,1999.338,2006.422,1986.85,1990.506,88592,199,0
2023-11-23,1990.515,1998.553,1989.762,1993.981,58353,199,0
2023-11-24,1994.072,2003.606,1991.482,2002.207,69475,199,0
2023-11-26,2000.891,2002.982,2000.483,2002.25,2311,357,0
2023-11-27,2002.364,2018.187,2001.814,2015.215,99762,199,0
2023-11-28,2015.217,2044.573,2011.335,2044.404,94638,199,0
2023-11-29,2044.426,2052.027,2035.228,2044.642,109493,199,0
2023-11-30,2044.64,2047.265,2031.252,2039.918,101362,199,0
2023-12-01,2040.075,2075.277,2033.848,2071.613,107713,199,0
2023-12-03,2074.341,2144.501,2071.646,2117.509,17147,381,0
2023-12-04,2117.934,2120.648,2019.986,2034.088,189356,199,0
2023-12-05,2033.93,2041.172,2009.744,2018.903,134473,199,0
2023-12-06,2018.904,2035.915,2018.684,2027.006,110355,199,0
2023-12-07,2026.977,2039.894,2020.091,2027.916,109404,199,0
2023-12-08,2028.063,2034.014,1994.547,2004.338,127469,199,0
2023-12-10,2005.584,2007.648,2004.562,2007.054,3157,199,0
2023-12-11,2006.993,2007.807,1975.839,1982.961,106063,199,0
2023-12-12,1982.952,1996.709,1977.124,1982.453,104517,199,0
2023-12-13,1982.452,2033.13,1973.033,2032.814,123710,199,0
2023-12-14,2032.855,2047.909,2027.375,2035.553,145127,199,0
2023-12-15,2035.521,2044.909,2015.542,2019.491,116219,199,0
2023-12-17,2019.802,2020.102,2015.893,2017.415,3345,199,0
2023-12-18,2017.414,2033.692,2016.067,2027.604,96920,199,0
2023-12-19,2027.568,2046.969,2021.696,2040.93,98179,199,0
2023-12-20,2040.862,2043.452,2027.383,2032.127,95392,199,0
2023-12-21,2032.103,2055.01,2031.904,2052.779,98526,199,0
2023-12-22,2052.787,2070.612,2046.755,2053.095,106388,199,0
2023-12-25,2057.319,2057.454,2053.147,2054.471,1439,1115,0
2023-12-26,2054.832,2069.052,2053.317,2065.53,58274,257,0
2023-12-27,2066.173,2084.424,2061.464,2079.169,88922,199,0
2023-12-28,2079.503,2088.447,2064.456,2066.564,100168,199,0
2023-12-29,2066.742,2074.727,2058.123,2062.838,93964,199,0
2024-01-01,2064.593,2066.002,2062.633,2063.543,1989,377,0
2024-01-02,2063.608,2078.877,2056.099,2059.476,101377,199,0
2024-01-03,2059.578,2065.974,2030.537,2042.666,121011,199,0
2024-01-04,2042.927,2050.971,2036.178,2043.865,97273,199,0
2024-01-05,2044.187,2063.993,2024.389,2045.474,128658,199,0
2024-01-07,2044.635,2045.574,2042.912,2044.207,2606,199,0
2024-01-08,2044.212,2046.581,2016.627,2030.438,111556,199,0
2024-01-09,2030.409,2041.974,2026.015,2030.401,106785,199,0
2024-01-10,2030.403,2040.3,2020.353,2026.358,102681,199,0
2024-01-11,2026.413,2048.205,2013.209,2034.954,134763,199,0
2024-01-12,2035.012,2062.284,2030.026,2049.032,119587,199,0
2024-01-14,2048.13,2048.705,2046.294,2047.586,2671,199,0
2024-01-15,2047.652,2058.626,2045.752,2053.836,73440,199,0
2024-01-16,2053.997,2054.508,2024.186,2027.828,127463,199,0
2024-01-17,2028.101,2032.935,2001.763,2009.247,121654,199,0
2024-01-18,2009.264,2024.229,2005.717,2023.423,100555,199,0
2024-01-19,2023.793,2039.258,2020.307,2029.452,91639,199,0
2024-01-21,2028.529,2028.562,2026.843,2027.505,2802,199,0
2024-01-22,2027.49,2032.074,2016.403,2020.552,95478,199,0
2024-01-23,2020.71,2037.899,2019.559,2029.137,95581,199,0
2024-01-24,2029.27,2036.593,2011.138,2016.101,105299,199,0
2024-01-25,2016.247,2025.23,2009.392,2020.248,98928,199,0
2024-01-26,2020.356,2026.814,2015.867,2018.469,84361,199,0
2024-01-28,2023.424,2028.614,2021.186,2021.831,5029,199,0
2024-01-29,2021.832,2037.561,2019.282,2030.73,90084,199,0
2024-01-30,2030.962,2048.558,2029.029,2036.234,98652,199,0
2024-01-31,2036.4,2055.979,2030.808,2039.786,126354,199,0
2024-02-01,2039.897,2065.458,2029.913,2054.624,120524,199,0
2024-02-02,2054.631,2057.623,2027.741,2039.609,109045,199,0
2024-02-04,2041.781,2042.213,2039.061,2039.715,3232,199,0
2024-02-05,2039.299,2039.819,2014.818,2024.86,98435,199,0
2024-02-06,2024.809,2038.88,2022.802,2035.069,90025,199,0
2024-02-07,2035.25,2044.517,2030.519,2036.228,84000,199,0
2024-02-08,2036.46,2038.687,2020.126,2034.124,89738,199,0
2024-02-09,2034.147,2037.174,2020.233,2024.192,82406,199,0
2024-02-11,2026.346,2026.706,2024.393,2025.266,2166,199,0
2024-02-12,2025.416,2027.565,2011.846,2018.65,77597,199,0
2024-02-13,2018.601,2032.799,1989.965,1991.193,99012,199,0
2024-02-14,1991.332,1996.041,1984.121,1993.452,91543,199,0
2024-02-15,1993.441,2008.224,1990.171,2003.155,87921,199,0
2024-02-16,2003.095,2015.125,1995.058,2013.269,89566,199,0
2024-02-18,2012.706,2019.066,1997.784,2010.604,4243,200,0
2024-02-19,2012.793,2022.957,2009.184,2016.206,63440,199,0
2024-02-20,2016.151,2030.814,2014.956,2024.128,80369,199,0
2024-02-21,2024.183,2032.227,2020.006,2025.566,82587,199,0
2024-02-22,2025.714,2034.833,2019.547,2024.681,88973,199,0
2024-02-23,2024.765,2041.348,2015.981,2035.524,84936,199,0
2024-02-25,2033.24,2034.939,2033.178,2034.224,2092,200,0
2024-02-26,2033.996,2037.014,2024.999,2031.073,80087,199,0
2024-02-27,2030.986,2039.471,2028.687,2030.09,76594,199,0
2024-02-28,2030.103,2037.897,2024.467,2034.303,77571,199,0
2024-02-29,2034.648,2050.657,2028.061,2043.981,88725,199,0
2024-03-01,2044.228,2088.309,2039.039,2083.315,98792,199,0
2024-03-03,2082.522,2086.155,2082.522,2083.44,2896,199,0
2024-03-04,2083.593,2119.884,2079.418,2114.48,99749,199,0
2024-03-05,2114.537,2141.881,2110.401,2128.16,124600,199,0
2024-03-06,2127.982,2152.234,2123.607,2147.192,119540,199,0
2024-03-07,2146.851,2164.753,2144.185,2161.478,123583,199,0
2024-03-08,2161.845,2195.115,2153.945,2178.502,136786,199,0
2024-03-10,2179.559,2183.827,2177.113,2182.226,5670,199,0
2024-03-11,2181.59,2189.01,2174.633,2183.552,102873,199,0
2024-03-12,2183.551,2184.48,2150.484,2156.913,130763,199,0
2024-03-13,2156.907,2179.804,2156.535,2175.362,102049,199,0
2024-03-14,2175.448,2176.968,2152.696,2161.62,105751,199,0
2024-03-15,2161.697,2172.743,2155.094,2155.698,95368,199,0
2024-03-17,2153.279,2156.535,2153.079,2156.514,5009,199,0
2024-03-18,2156.472,2163.613,2146.066,2161.65,93242,199,0
2024-03-19,2162.053,2162.839,2147.147,2157.009,97009,199,0
2024-03-20,2157.052,2211.005,2149.562,2203.501,130293,199,0
2024-03-21,2203.97,2212.563,2166.279,2181.491,142038,199,0
2024-03-22,2181.676,2186.043,2157.007,2165.348,111963,199,0
2024-03-24,2166.313,2168.893,2165.07,2168.332,5574,199,0
2024-03-25,2168.311,2181.256,2163.412,2172.881,102918,199,0
2024-03-26,2172.885,2200.059,2167.545,2179.467,109375,199,0
2024-03-27,2179.463,2197.586,2173.105,2190.968,107818,199,0
2024-03-28,2190.723,2236.293,2187.319,2232.586,123715,199,0
2024-03-31,2239.784,2247.301,2235.568,2244.927,10518,299,0
2024-04-01,2245.957,2265.623,2228.457,2248.942,129139,199,0
2024-04-02,2248.968,2288.236,2246.636,2280.206,151382,199,0
2024-04-03,2279.886,2302.417,2265.367,2297.446,153624,199,0
2024-04-04,2297.497,2305.537,2279.817,2288.89,143558,199,0
2024-04-05,2288.701,2330.526,2267.75,2329.355,173521,199,0
2024-04-07,2327.315,2328.568,2304.018,2311.647,19543,199,0
2024-04-08,2311.297,2354.159,2302.862,2338.79,231613,199,0
2024-04-09,2338.782,2365.338,2337.777,2354.778,184568,199,0
2024-04-10,2354.794,2360.086,2319.238,2335.429,228469,199,0
2024-04-11,2335.489,2379.373,2325.593,2377.001,178925,199,0
2024-04-12,2376.787,2431.527,2333.783,2344.382,305655,199,0
2024-04-14,2369.105,2371.92,2346.783,2364.486,11671,199,0
2024-04-15,2364.665,2392.013,2324.114,2381.833,250823,199,0
2024-04-16,2381.896,2398.252,2362.964,2382.843,237645,199,0
2024-04-17,2382.703,2395.586,2354.546,2367.838,195244,199,0
2024-04-18,2367.837,2392.799,2364.047,2380.004,168178,199,0
2024-04-19,2379.867,2417.905,2372.761,2390.677,255855,199,0
2024-04-21,2384.011,2388.596,2381.878,2386.483,9800,199,0
2024-04-22,2386.506,2386.506,2324.497,2333.737,189227,199,0
2024-04-23,2333.712,2334.377,2291.321,2323.21,218577,199,0
2024-04-24,2323.227,2337.29,2311.699,2316.219,155221,199,0
2024-04-25,2316.223,2344.872,2304.834,2330.62,174284,199,0
2024-04-26,2330.617,2352.555,2326.212,2337.792,141833,199,0
2024-04-28,2333.884,2336.825,2332.476,2335.987,6409,199,0
2024-04-29,2335.937,2346.718,2319.735,2333.173,153551,199,0
2024-04-30,2333.178,2336.113,2284.967,2291.244,156525,199,0
2024-05-01,2291.256,2328.284,2281.557,2323.809,178296,199,0
2024-05-02,2323.848,2326.492,2285.423,2304.247,147895,199,0
2024-05-03,2304.243,2320.712,2277.089,2301.626,171456,199,0
2024-05-05,2302.321,2303.288,2293.26,2293.968,7224,199,0
2024-05-06,2293.929,2332.092,2291.769,2325.943,148917,199,0
2024-05-07,2325.95,2329.926,2309.895,2315.211,117158,199,0
2024-05-08,2315.254,2321.336,2303.584,2308.734,124592,199,0
2024-05-09,2308.774,2348.325,2306.479,2346.524,132397,199,0
2024-05-10,2346.557,2378.476,2345.924,2360.449,146806,199,0
2024-05-12,2361.401,2363.087,2359.715,2360.407,5306,199,0
2024-05-13,2360.447,2364.488,2332.065,2338.408,129057,199,0
2024-05-14,2338.39,2359.593,2334.734,2355.774,131749,199,0
2024-05-15,2355.77,2391.91,2351.746,2391.769,159078,199,0
2024-05-16,2391.764,2397.343,2370.885,2377.726,139681,199,0
2024-05-17,2377.722,2422.741,2373.934,2413.939,137773,199,0
2024-05-19,2425.202,2425.202,2416.739,2420.193,10238,199,0
2024-05-20,2420.204,2450.026,2407.278,2426.133,208300,199,0
2024-05-21,2426.135,2433.944,2406.058,2421.654,171793,199,0
2024-05-22,2421.659,2426.533,2374.942,2382.124,169933,199,0
2024-05-23,2382.156,2383.692,2326.865,2332.012,192029,199,0
2024-05-24,2332.015,2347.385,2325.351,2333.782,122422,199,0
2024-05-26,2335.785,2340.683,2332.184,2337.175,6779,199,0
2024-05-27,2337.188,2358.449,2334.36,2352.371,95298,199,0
2024-05-28,2352.411,2364.082,2340.234,2359.685,146056,199,0
2024-05-29,2359.648,2361.325,2334.508,2338.364,130921,199,0
2024-05-30,2338.378,2351.847,2322.549,2343.907,155637,199,0
2024-05-31,2343.921,2359.695,2320.525,2327.192,154273,199,0
2024-06-02,2328.496,2328.774,2323.334,2325.937,6638,199,0
2024-06-03,2325.967,2354.73,2314.692,2350.629,144175,199,0
2024-06-04,2350.641,2352.798,2315.515,2328.785,147609,199,0
2024-06-05,2328.791,2357.389,2325.857,2355.011,136576,199,0
2024-06-06,2355.01,2378.511,2353.361,2376.73,138113,199,0
2024-06-07,2376.735,2387.702,2286.723,2293.798,196977,199,0
2024-06-09,2290.432,2300.041,2290.377,2298.479,7156,199,0
2024-06-10,2298.529,2313.766,2287.7,2309.93,120063,199,0
2024-06-11,2309.925,2319.95,2297.647,2315.071,131695,199,0
2024-06-12,2315.056,2341.629,2310.705,2320.555,172827,199,0
2024-06-13,2320.57,2326.755,2295.463,2302.335,146217,199,0
2024-06-14,2302.379,2336.559,2301.503,2332.825,127496,199,0
2024-06-16,2331.087,2331.486,2327.412,2328.873,4386,199,0
2024-06-17,2328.918,2328.948,2309.971,2320.645,110371,199,0
2024-06-18,2320.634,2333.087,2306.533,2328.254,120181,199,0
2024-06-19,2328.274,2334.964,2323.68,2329.342,73386,199,0
2024-06-20,2329.361,2365.486,2327.74,2360.745,127662,199,0
2024-06-21,2360.764,2368.743,2316.696,2321.501,135715,199,0
2024-06-23,2321.11,2322.193,2317.688,2319.185,5113,199,0
2024-06-24,2319.175,2334.63,2317.852,2330.877,110164,199,0
2024-06-25,2330.871,2337.091,2315.436,2320.027,117237,199,0
2024-06-26,2319.979,2323.897,2293.559,2298.402,129785,199,0
2024-06-27,2298.412,2330.936,2296.429,2327.72,116414,199,0
2024-06-28,2327.665,2339.809,2319.01,2326.638,115832,199,0
2024-06-30,2322.849,2326.157,2322.84,2324.93,4739,199,0
2024-07-01,2324.952,2338.483,2318.438,2332.222,114714,199,0
2024-07-02,2332.216,2336.763,2319.004,2330.18,112056,199,0
2024-07-03,2330.177,2364.926,2326.782,2358.699,118681,199,0
2024-07-04,2358.721,2362.537,2350.342,2356.721,72097,199,0
2024-07-05,2356.753,2392.941,2344.509,2391.567,127617,199,0
2024-07-07,2389.583,2390.178,2384.766,2386.122,5373,199,0
2024-07-08,2386.067,2391.09,2350.975,2361.711,122092,199,0
2024-07-09,2361.74,2371.583,2349.345,2364.965,121821,199,0
2024-07-10,2364.944,2386.67,2363.302,2372.852,102058,199,0
2024-07-11,2372.834,2424.538,2371.403,2415.851,157283,199,0
2024-07-12,2415.855,2418.233,2391.364,2411.399,121935,199,0
2024-07-14,2411.336,2412.245,2405.666,2408.653,6528,179,0
2024-07-15,2408.657,2439.771,2401.306,2422.494,131885,162,0
2024-07-16,2422.483,2469.967,2419.914,2468.278,147818,179,0
2024-07-17,2468.268,2483.739,2451.407,2461.296,180200,179,0
2024-07-18,2461.334,2474.966,2440.226,2441.25,145189,179,0
2024-07-19,2441.292,2441.343,2393.756,2400.45,172522,179,0
2024-07-21,2403.682,2411.931,2402.487,2411.528,7282,179,0
2024-07-22,2411.496,2412.157,2383.797,2395.783,141412,179,0
2024-07-23,2395.75,2412.001,2388.225,2408.513,129753,179,0
2024-07-24,2408.558,2431.954,2393.033,2398.669,151543,179,0
2024-07-25,2398.72,2399.985,2353.086,2363.801,219854,179,0
2024-07-26,2363.849,2390.799,2355.842,2387.114,141477,179,0
2024-07-28,2387.944,2403.155,2387.857,2397.006,11177,179,0
2024-07-29,2397.045,2402.485,2369.523,2381.143,146801,179,0
2024-07-30,2381.186,2412.799,2376.471,2409.807,149668,179,0
2024-07-31,2409.81,2450.968,2403.876,2445.743,174555,179,0
2024-08-01,2445.725,2462.291,2430.192,2445.844,204237,179,0
2024-08-02,2445.886,2477.722,2410.794,2441.892,265361,179,0
2024-08-04,2441.007,2446.342,2437.915,2440.952,13305,179,0
2024-08-05,2440.984,2458.836,2364.267,2404.837,361745,179,0
2024-08-06,2404.865,2418.307,2381.404,2383.778,233487,179,0
2024-08-07,2383.724,2407.09,2378.941,2384.791,182258,179,0
2024-08-08,2384.835,2427.818,2383.263,2424.589,181522,179,0
2024-08-09,2424.519,2437.011,2416.829,2430.805,149093,179,0
2024-08-11,2428.36,2433.234,2427.247,2427.927,6497,179,0
2024-08-12,2427.928,2476.033,2423.825,2475.536,134703,169,0
2024-08-13,2475.58,2476.963,2458.493,2464.06,142751,169,0
2024-08-14,2464.104,2480.064,2437.995,2449.408,169556,169,0
2024-08-15,2449.396,2470.095,2432.094,2457.303,164604,169,0
2024-08-16,2457.309,2509.783,2450.714,2507.82,160481,169,0
2024-08-18,2506.304,2506.778,2502.271,2506.45,7370,179,0
2024-08-19,2506.439,2507.482,2485.615,2503.544,149283,179,0
2024-08-20,2503.554,2531.668,2497.256,2512.964,163287,179,0
2024-08-21,2512.976,2519.942,2493.672,2512.684,157467,179,0
2024-08-22,2512.732,2514.701,2470.801,2487.564,159972,179,0
2024-08-23,2487.574,2518.35,2486.435,2512.357,157912,179,0
2024-08-25,2512.067,2516.683,2511.076,2515.903,7429,159,0
2024-08-26,2515.89,2527.009,2508.646,2515.512,146735,159,0
2024-08-27,2515.477,2529.062,2503.462,2525.269,154916,159,0
2024-08-28,2525.223,2525.825,2493.498,2508.11,153996,159,0
2024-08-29,2508.08,2528.669,2503.558,2519.613,154795,159,0
2024-08-30,2519.6,2526.914,2494.086,2503.342,167327,159,0
2024-09-01,2502.485,2504.755,2501.942,2502.98,5463,159,0
2024-09-02,2502.983,2507.334,2489.977,2497.242,100377,159,0
2024-09-03,2497.247,2506.249,2473.282,2493.223,190313,159,0
2024-09-04,2493.2,2500.3,2471.868,2495.829,165890,159,0
2024-09-05,2495.827,2523.574,2493.759,2517.282,168810,159,0
2024-09-06,2517.277,2529.204,2485.007,2497.524,235303,159,0
2024-09-08,2497.037,2498.277,2495.492,2496.869,6143,159,0
2024-09-09,2496.871,2507.701,2485.503,2506.813,161021,159,0
2024-09-10,2506.815,2518.868,2500.052,2518.678,148982,159,0
2024-09-11,2518.638,2529.06,2500.844,2511.901,192892,159,0
2024-09-12,2511.824,2560.091,2510.973,2558.422,193162,159,0
2024-09-13,2558.419,2586.12,2556.78,2579.067,173173,159,0
2024-09-15,2578.456,2580.454,2577.543,2579.163,7288,159,0
2024-09-16,2579.17,2589.651,2575.285,2583.659,139506,159,0
2024-09-17,2583.654,2586.956,2560.661,2574.05,165080,159,0
2024-09-18,2574.019,2600.138,2546.828,2559.239,254200,159,0
2024-09-19,2559.239,2594.963,2550.894,2587.282,209256,159,0
2024-09-20,2587.253,2625.754,2584.714,2622.098,185585,159,0
2024-09-22,2620.944,2622.125,2619.652,2620.234,5584,159,0
2024-09-23,2620.202,2634.881,2613.799,2626.3,162093,159,0
2024-09-24,2626.295,2664.366,2622.524,2658.204,201587,159,0
2024-09-25,2658.163,2670.629,2649.566,2656.296,188420,159,0
2024-09-26,2656.359,2685.611,2654.717,2672.61,224107,159,0
2024-09-27,2672.667,2674.266,2642.994,2657.983,209698,159,0
2024-09-29,2661.714,2665.106,2659.762,2663.543,9856,159,0
2024-09-30,2663.58,2666.049,2624.679,2635.634,203110,159,0
2024-10-01,2635.659,2673.197,2633.911,2660.361,202511,159,0
2024-10-02,2660.39,2663.323,2641.038,2660.333,170958,159,0
2024-10-03,2660.299,2662.968,2637.964,2655.804,184490,159,0
2024-10-04,2655.8,2670.167,2632.03,2653.489,203785,159,0
2024-10-06,2651.575,2652.397,2649.672,2650.128,6844,159,0
2024-10-07,2650.109,2659.615,2637.728,2642.944,173975,159,0
2024-10-08,2642.962,2652.982,2604.686,2621.868,242106,159,0
2024-10-09,2621.868,2624.321,2605.116,2608.476,175301,159,0
2024-10-10,2608.438,2636.032,2602.26,2633.149,198218,159,0
2024-10-11,2633.161,2661.462,2631.952,2656.836,151708,159,0
2024-10-13,2650.086,2652.472,2646.866,2648.091,9835,159,0
2024-10-14,2648.131,2666.867,2643.075,2649.351,156174,159,0
2024-10-15,2649.419,2668.93,2637.975,2660.5,174807,159,0
2024-10-16,2660.498,2685.394,2658.722,2674.087,175676,159,0
2024-10-17,2674.122,2696.788,2673.143,2693.709,191682,159,0
2024-10-18,2693.67,2722.633,2692.764,2721.778,182399,159,0
2024-10-20,2723.092,2725.129,2720.186,2723.416,7423,159,0
2024-10-21,2723.457,2740.515,2714.181,2721.483,211252,159,0
2024-10-22,2721.478,2748.905,2720.633,2746.557,170669,159,0
2024-10-23,2746.587,2758.508,2708.604,2721.258,211377,159,0
2024-10-24,2721.219,2743.208,2717.761,2733.844,178566,159,0
2024-10-25,2733.885,2747.774,2716.958,2747.023,158965,159,0
2024-10-27,2733.443,2740.176,2730.34,2735.815,12799,159,0
2024-10-28,2735.783,2745.917,2724.671,2744.427,158965,159,0
2024-10-29,2744.379,2775.397,2743.267,2774.915,180651,159,0
2024-10-30,2774.943,2790.075,2770.83,2785.49,176141,159,0
2024-10-31,2785.489,2790.091,2731.515,2746.691,197660,159,0
2024-11-01,2746.672,2762.25,2733.113,2736.69,186636,159,0
2024-11-03,2732.846,2740.334,2732.581,2738.352,5461,159,0
2024-11-04,2738.379,2748.157,2731.72,2736.006,162191,159,0
2024-11-05,2736.046,2749.917,2724.694,2745.702,157498,159,0
2024-11-06,2745.684,2749.681,2652.335,2664.048,373388,159,0
2024-11-07,2664.035,2710.36,2643.208,2706.866,239740,159,0
2024-11-08,2706.87,2710.418,2680.286,2684.758,201070,159,0
2024-11-10,2683.161,2685.654,2681.526,2685.605,3703,159,0
2024-11-11,2685.638,2686.141,2610.53,2624.038,211002,159,0
2024-11-12,2624.032,2627.19,2589.633,2598.952,234197,159,0
2024-11-13,2599.01,2618.841,2569.214,2570.989,227047,159,0
2024-11-14,2571.012,2577.432,2536.747,2566.899,243440,159,0
2024-11-15,2566.888,2576.067,2554.392,2562.969,203262,159,0
2024-11-17,2568.027,2575.523,2568.027,2571.452,5722,159,0
2024-11-18,2571.424,2615.11,2569.866,2612.704,190924,159,0
2024-11-19,2612.731,2639.432,2611.045,2635.161,199852,159,0
2024-11-20,2635.163,2655.433,2618.839,2652.153,172957,159,0
2024-11-21,2652.202,2673.522,2650.358,2669.159,180007,159,0
2024-11-22,2669.127,2715.662,2668.844,2715.573,214543,159,0
2024-11-24,2711.186,2721.437,2710.748,2719.756,8475,159,0
2024-11-25,2719.719,2720.143,2605.119,2610.456,325197,159,0
2024-11-26,2610.484,2641.986,2608.477,2632.254,231884,159,0
2024-11-27,2632.249,2658.172,2627.017,2637.168,182568,159,0
2024-11-28,2637.123,2649.674,2620.844,2638.765,122287,159,0
2024-11-29,2638.73,2666.383,2633.969,2655.162,154543,159,0
2024-12-01,2649.036,2650.324,2643.057,2645.79,5628,159,0
2024-12-02,2645.826,2651.786,2621.818,2642.211,226672,159,0
2024-12-03,2642.217,2655.66,2634.033,2642.725,183335,159,0
2024-12-04,2642.733,2657.147,2632.33,2650.397,188403,159,0
2024-12-05,2650.404,2655.518,2623.444,2633.713,173692,159,0
2024-12-06,2633.721,2645.733,2612.931,2632.914,205034,159,0
2024-12-09,2647.828,2676.454,2634.553,2660.449,167443,159,0
2024-12-10,2660.486,2698.378,2657.958,2695.991,180921,159,0
2024-12-11,2695.93,2721.055,2675.502,2719.922,185391,145,0
2024-12-12,2719.985,2726.206,2675.078,2680.623,73759,159,0
2024-12-13,2680.617,2692.778,2646.046,2648.392,70325,159,0
2024-12-15,2649.414,2653.127,2648.804,2651.479,1932,159,0
2024-12-16,2651.484,2664.447,2643.493,2651.744,118440,80,0
2024-12-17,2651.762,2658.611,2632.991,2647.378,161417,159,0
2024-12-18,2647.365,2651.707,2583.297,2588.225,184889,159,0
2024-12-19,2588.256,2626.457,2586.951,2593.519,208818,159,0
2024-12-20,2593.496,2631.875,2589.593,2622.841,178809,64,0
2024-12-22,2623.329,2624.92,2621.74,2624.293,1854,159,0
2024-12-23,2624.398,2633.24,2608.078,2615.492,123969,64,0
2024-12-24,2615.546,2621.472,2610.019,2616.713,100992,159,0
2024-12-25,2615.621,2620.115,2615.371,2618.656,2412,160,0
2024-12-26,2618.647,2639.151,2618.615,2632.684,118176,159,0
2024-12-27,2632.689,2638.314,2611.608,2621.623,135715,159,0
2024-12-29,2621.977,2626.156,2621.632,2624.035,4007,159,0
2024-12-30,2624.08,2628.175,2596.042,2606.677,141455,159,0
2024-12-31,2606.717,2627.555,2602.591,2624.381,122394,159,0
2025-01-01,2625.179,2625.839,2621.641,2623.766,3110,159,0
2025-01-02,2623.798,2660.463,2622.72,2658.328,161377,159,0
2025-01-03,2658.371,2665.214,2636.644,2640.37,133678,159,0
2025-01-05,2639.644,2642.394,2639.644,2641.063,3245,160,0
2025-01-06,2641.098,2649.489,2614.426,2634.681,194934,159,0
2025-01-07,2634.634,2664.264,2632.918,2649.807,171054,159,0
2025-01-08,2649.817,2670.053,2645.229,2662.507,162642,159,0
2025-01-09,2662.526,2678.351,2655.471,2669.95,136103,159,0
2025-01-10,2669.978,2698.026,2663.991,2689.565,274125,159,0
2025-01-12,2689.769,2691.364,2687.574,2691.105,5113,159,0
2025-01-13,2691.128,2693.368,2656.768,2667.978,264043,159,0
2025-01-14,2668.013,2678.294,2659.802,2675.589,201897,159,0
2025-01-15,2675.58,2697.97,2669.384,2694.956,219471,159,0
2025-01-16,2694.984,2724.74,2689.907,2714.585,245432,159,0
2025-01-17,2714.618,2717.346,2699.242,2702.879,165287,159,0
2025-01-19,2702.629,2703.086,2691.547,2696.424,4792,160,0
2025-01-20,2696.424,2713.77,2689.397,2710.445,143209,159,0
2025-01-21,2710.433,2745.963,2702.817,2744.259,169521,159,0
2025-01-22,2744.309,2763.43,2742.713,2755.583,221298,159,0
2025-01-23,2755.562,2758.925,2735.77,2754.543,235288,159,0
2025-01-24,2754.546,2786.013,2754.329,2771.079,222354,159,0
2025-01-26,2765.65,2769.721,2765.185,2767.553,8222,159,0
2025-01-27,2767.554,2772.54,2730.478,2741.71,279893,159,0
2025-01-28,2741.743,2765.052,2734.782,2762.699,205353,159,0
2025-01-29,2762.698,2766.271,2744.759,2760.306,227040,159,0
2025-01-30,2760.243,2798.476,2758.683,2796.146,234903,159,0
2025-01-31,2796.183,2817.244,2791.0,2799.348,294844,159,0
2025-02-02,2801.018,2804.653,2784.322,2793.709,37028,159,0
2025-02-03,2793.726,2830.566,2772.154,2814.027,392697,159,0
2025-02-04,2813.989,2845.508,2807.168,2841.21,312243,159,0
2025-02-05,2841.222,2882.429,2839.691,2869.283,290507,159,0
2025-02-06,2869.276,2873.274,2834.055,2857.996,290032,159,0
2025-02-07,2857.99,2886.751,2852.361,2860.969,273532,159,0
2025-02-09,2861.376,2870.59,2860.099,2867.495,7947,159,0
2025-02-10,2867.539,2921.603,2865.822,2917.847,259699,159,0
2025-02-11,2917.894,2942.624,2881.73,2898.562,361680,159,0
2025-02-12,2898.614,2909.267,2864.102,2905.781,269912,159,0
2025-02-13,2905.756,2932.484,2901.437,2931.217,228218,159,0
2025-02-14,2931.192,2940.0,2876.991,2882.809,290578,159,0
2025-02-16,2893.643,2894.033,2878.43,2879.221,15880,159,0
2025-02-17,2879.254,2906.478,2879.254,2899.373,173995,159,0
2025-02-18,2899.325,2936.994,2892.003,2934.061,167360,159,0
2025-02-19,2934.059,2947.049,2918.524,2935.384,195815,159,0
2025-02-20,2935.386,2954.975,2924.08,2941.53,194325,159,0
2025-02-21,2941.57,2949.786,2916.682,2936.453,201037,159,0
2025-02-23,2939.411,2940.547,2936.498,2936.867,6067,159,0
2025-02-24,2936.863,2956.181,2921.332,2949.957,209980,159,0
2025-02-25,2949.993,2952.552,2888.234,2918.604,244827,159,0
2025-02-26,2918.631,2930.141,2890.669,2919.118,192663,159,0
2025-02-27,2919.176,2919.176,2867.74,2876.063,265941,159,0
2025-02-28,2876.069,2885.034,2832.578,2858.242,244753,159,0
2025-03-02,2873.619,2876.994,2863.972,2870.799,14064,159,0
2025-03-03,2870.866,2895.267,2858.83,2890.886,205722,159,0
2025-03-04,2890.863,2927.891,2881.95,2914.363,223191,159,0
2025-03-05,2914.361,2930.042,2894.266,2918.236,264918,159,0
2025-03-06,2918.237,2926.611,2891.159,2910.314,233217,159,0
2025-03-07,2910.245,2930.458,2896.604,2911.256,273090,159,0
2025-03-09,2912.347,2917.051,2909.586,2916.187,10324,159,0
2025-03-10,2916.19,2918.312,2880.166,2884.685,259975,159,0
2025-03-11,2884.724,2922.262,2880.093,2915.551,191246,159,0
2025-03-12,2915.589,2940.545,2906.027,2938.039,202211,159,0
2025-03-13,2938.025,2989.915,2932.92,2986.435,208296,159,0
2025-03-14,2986.473,3004.895,2978.421,2986.37,200377,159,0
2025-03-16,2987.601,2994.118,2986.054,2990.061,7886,159,0
2025-03-17,2990.03,3002.807,2982.158,2999.831,149635,159,0
2025-03-18,2999.803,3038.334,2999.49,3031.774,178519,159,0
2025-03-19,3031.801,3051.996,3022.744,3050.026,176950,159,0
2025-03-20,3050.023,3057.459,3025.626,3046.409,193482,159,0
2025-03-21,3046.335,3047.435,2999.385,3023.493,193681,159,0
2025-03-23,3023.441,3026.292,3022.143,3024.721,6793,159,0
2025-03-24,3024.709,3033.226,3002.465,3009.91,176601,159,0
2025-03-25,3009.945,3035.977,3007.545,3021.041,148206,159,0
2025-03-26,3021.037,3032.042,3012.325,3021.623,154250,159,0
2025-03-27,3021.563,3059.885,3021.522,3055.71,209286,159,0
2025-03-28,3055.726,3086.831,3054.993,3085.146,214058,159,0
2025-03-30,3092.531,3097.834,3087.793,3089.213,13285,159,0
2025-03-31,3089.159,3128.165,3076.79,3120.581,277023,159,0
2025-04-01,3120.569,3149.059,3100.761,3115.16,272755,159,0
2025-04-02,3115.126,3167.792,3104.795,3162.702,319980,159,0
2025-04-03,3162.555,3164.812,3054.052,3112.884,498606,159,0
2025-04-04,3112.908,3136.725,3015.556,3038.506,516887,159,0
2025-04-06,3028.686,3032.445,2977.024,2999.944,46551,159,0
2025-04-07,2999.954,3055.804,2956.302,2981.392,686139,159,0
2025-04-08,2981.366,3022.746,2969.978,2978.398,333401,159,0
2025-04-09,2978.425,3099.665,2972.457,3086.784,458258,159,0
2025-04-10,3086.745,3191.341,3078.448,3188.972,359073,159,0
2025-04-11,3188.993,3245.436,3184.855,3237.519,383237,159,0
2025-04-13,3220.46,3224.747,3213.589,3223.805,19791,159,0
2025-04-14,3223.699,3245.757,3193.552,3212.598,266325,159,0
2025-04-15,3212.634,3251.826,3209.977,3251.78,184927,159,0
2025-04-16,3251.804,3357.758,3251.59,3350.133,295350,159,0
2025-04-17,3350.168,3356.281,3283.822,3327.671,308537,159,0
2025-04-20,3331.849,3353.153,3331.288,3348.078,23649,159,0
2025-04-21,3348.157,3444.267,3347.487,3434.548,296267,159,0
2025-04-22,3434.524,3500.033,3315.828,3336.561,546990,159,0
2025-04-23,3336.607,3386.646,3260.042,3316.384,494281,159,0
2025-04-24,3316.351,3370.789,3306.739,3348.976,350376,159,0
2025-04-25,3348.951,3363.132,3265.072,3318.726,320815,159,0
2025-04-27,3325.64,3330.256,3298.606,3302.739,25730,159,0
2025-04-28,3302.791,3353.021,3268.102,3337.61,306458,159,0
2025-04-29,3337.643,3340.039,3299.649,3317.122,257834,159,0
2025-04-30,3317.122,3327.971,3266.901,3272.887,298166,159,0
2025-05-01,3272.922,3276.314,3201.862,3237.253,319207,159,0
2025-05-02,3237.291,3269.242,3222.721,3240.947,280781,159,0
2025-05-04,3238.49,3252.3,3237.49,3247.922,17299,159,0
2025-05-05,3247.993,3338.052,3241.18,3334.031,263418,159,0
2025-05-06,3334.038,3435.016,3323.139,3400.723,376046,159,0
2025-05-07,3400.765,3401.666,3360.068,3376.488,357265,159,0
2025-05-08,3376.515,3414.851,3288.697,3316.412,386917,159,0
2025-05-09,3316.448,3347.556,3274.664,3326.805,270430,159,0
2025-05-11,3282.238,3292.619,3265.847,3287.534,32376,159,0
2025-05-12,3287.506,3289.998,3207.693,3236.88,398576,159,0
2025-05-13,3236.906,3265.659,3215.861,3254.426,263114,159,0
2025-05-14,3254.388,3254.658,3167.957,3186.008,312325,159,0
2025-05-15,3185.934,3252.132,3120.649,3237.15,310919,159,0
2025-05-16,3237.175,3244.615,3154.231,3202.159,313143,159,0
2025-05-18,3214.226,3245.26,3211.644,3234.91,28708,159,0
2025-05-19,3234.947,3249.812,3206.584,3222.532,267227,159,0
2025-05-20,3222.561,3304.144,3204.535,3290.695,274972,159,0
2025-05-21,3290.734,3324.897,3285.42,3320.082,284528,159,0
2025-05-22,3320.138,3345.43,3279.252,3300.146,302747,159,0
2025-05-23,3300.172,3365.93,3286.942,3356.285,303285,159,0
2025-05-25,3352.093,3352.48,3341.349,3342.691,22906,159,0
2025-05-26,3342.73,3356.859,3323.485,3346.139,165357,159,0
2025-05-27,3346.182,3350.029,3285.089,3309.402,249588,159,0
2025-05-28,3309.431,3325.551,3250.273,3259.895,245112,159,0
2025-05-29,3259.921,3331.225,3245.439,3315.503,267981,159,0
2025-05-30,3315.498,3322.742,3271.526,3289.665,264312,159,0
2025-06-01,3303.113,3316.742,3299.873,3310.255,17004,159,0
2025-06-02,3310.213,3392.238,3301.409,3387.456,234376,159,0
2025-06-03,3387.407,3388.687,3333.053,3359.996,224717,159,0
2025-06-04,3359.943,3384.709,3343.72,3378.042,217755,159,0
2025-06-05,3378.099,3403.592,3339.37,3361.81,318916,159,0
2025-06-06,3361.867,3375.685,3307.053,3311.702,266420,159,0
2025-06-08,3317.819,3321.215,3309.24,3318.038,14524,159,0
2025-06-09,3318.082,3338.24,3293.428,3326.766,199486,159,0
2025-06-10,3326.809,3349.153,3301.917,3327.862,227975,159,0
2025-06-11,3327.936,3373.534,3319.22,3365.376,271068,159,0
2025-06-12,3365.405,3399.045,3338.536,3395.882,279770,160,0
2025-06-13,3395.837,3446.819,3391.693,3433.449,340673,160,0
2025-06-15,3440.955,3451.251,3438.591,3444.141,24939,160,0
2025-06-16,3444.166,3451.224,3382.725,3402.769,275394,160,0
2025-06-17,3402.815,3403.256,3366.079,3387.392,266997,160,0
2025-06-18,3387.295,3400.011,3362.474,3375.023,245148,160,0
2025-06-19,3375.042,3387.968,3347.456,3368.739,184349,160,0
2025-06-20,3368.763,3374.477,3340.345,3368.546,185390,160,0
2025-06-22,3384.117,3388.96,3371.173,3372.755,26322,160,0
2025-06-23,3372.776,3393.565,3341.462,3344.235,254762,160,0
2025-06-24,3344.27,3357.912,3295.339,3324.142,255807,160,0
2025-06-25,3324.139,3340.158,3311.894,3339.028,159568,160,0
2025-06-26,3338.987,3350.37,3309.947,3318.758,197557,160,0
2025-06-27,3318.767,3322.012,3255.821,3274.526,241458,160,0
2025-06-29,3272.488,3274.249,3247.921,3263.806,27905,160,0
2025-06-30,3263.775,3314.602,3259.456,3312.441,184655,160,0
2025-07-01,3312.493,3358.015,3309.917,3338.152,187379,160,0
2025-07-02,3338.186,3365.726,3327.587,3349.395,176065,160,0
2025-07-03,3349.42,3363.677,3311.535,3330.871,180084,160,0
2025-07-04,3330.875,3345.127,3325.867,3334.998,96870,160,0
2025-07-06,3341.408,3341.918,3326.187,3328.853,11990,160,0
2025-07-07,3328.83,3345.823,3296.296,3334.653,206084,160,0
2025-07-08,3334.697,3339.5,3287.023,3302.277,195762,160,0
2025-07-09,3302.322,3321.176,3282.656,3317.64,178736,160,0
2025-07-10,3317.559,3330.318,3310.017,3323.808,159006,160,0
2025-07-11,3323.764,3368.736,3323.638,3355.105,186920,160,0
2025-07-13,3361.295,3374.017,3359.658,3367.772,17883,160,0
2025-07-14,3367.731,3375.078,3340.954,3345.337,170089,160,0
2025-07-15,3345.299,3366.356,3320.218,3331.056,176919,160,0
2025-07-16,3331.092,3377.523,3319.529,3346.526,240545,160,0
2025-07-17,3346.556,3347.405,3309.883,3340.139,165134,160,0
2025-07-18,3340.176,3361.236,3331.801,3350.395,137554,160,0
2025-07-20,3348.767,3350.115,3345.015,3349.128,7784,160,0
2025-07-21,3349.168,3402.783,3347.656,3396.532,159225,160,0
2025-07-22,3396.54,3433.507,3383.24,3427.458,182031,160,0
2025-07-23,3427.433,3438.98,3381.402,3390.008,207467,160,0
2025-07-24,3390.06,3393.438,3351.315,3369.419,177156,160,0
2025-07-25,3369.422,3373.578,3324.928,3336.826,151270,160,0
2025-07-27,3329.144,3337.465,3323.817,3333.683,15938,160,0
2025-07-28,3333.675,3345.352,3301.77,3312.468,173251,160,0
2025-07-29,3312.485,3334.142,3307.843,3327.531,171987,160,0
2025-07-30,3327.568,3334.025,3268.034,3285.303,217598,160,0
2025-07-31,3285.257,3314.83,3282.802,3288.651,190098,160,0
2025-08-01,3288.607,3363.566,3281.566,3363.119,223306,160,0
2025-08-03,3364.339,3364.563,3354.526,3361.957,12387,160,0
2025-08-04,3361.99,3385.353,3345.006,3377.407,153143,160,0
2025-08-05,3377.383,3390.402,3349.803,3383.151,149177,160,0
2025-08-06,3383.221,3385.34,3358.091,3370.155,144884,160,0
2025-08-07,3370.205,3408.99,3365.222,3400.47,258010,160,0
2025-08-08,3400.432,3404.271,3376.445,3398.564,357973,160,0
2025-08-10,3400.578,3401.819,3390.292,3391.548,14057,160,0
2025-08-11,3391.592,3391.639,3341.273,3349.027,216182,160,0
2025-08-12,3349.01,3359.254,3331.08,3350.57,206790,160,0
2025-08-13,3350.58,3370.735,3342.678,3362.702,143328,160,0
2025-08-14,3362.748,3374.859,3329.766,3335.551,190587,160,0
2025-08-15,3335.58,3348.747,3332.372,3335.213,137351,160,0
2025-08-17,3334.569,3335.381,3323.503,3327.087,10050,160,0
2025-08-18,3327.08,3358.417,3326.773,3330.978,131690,160,0
2025-08-19,3330.99,3345.328,3312.771,3314.231,143010,160,0
2025-08-20,3314.241,3352.092,3311.476,3346.836,133391,160,0
2025-08-21,3346.906,3348.081,3325.126,3338.411,134213,160,0
2025-08-22,3338.367,3378.869,3321.45,3372.299,158107,160,0
2025-08-24,3368.744,3371.052,3365.862,3368.995,7171,160,0
2025-08-25,3369.08,3376.306,3351.716,3354.854,109315,160,0
2025-08-26,3354.827,3393.583,3351.252,3390.862,161184,160,0
2025-08-27,3390.853,3399.502,3373.698,3395.819,132559,160,0
2025-08-28,3395.762,3423.212,3384.603,3414.819,139350,160,0
2025-08-29,3414.85,3453.924,3404.313,3448.035,137968,160,0
2025-08-31,3445.866,3452.606,3442.459,3447.952,9772,160,0
2025-09-01,3447.912,3489.928,3437.028,3479.211,164603,160,0
2025-09-02,3479.13,3540.094,3470.194,3529.984,247116,160,0
2025-09-03,3530.082,3578.427,3526.781,3560.292,236097,160,0
2025-09-04,3560.341,3563.473,3511.172,3552.54,233708,160,0
2025-09-05,3552.532,3600.076,3544.721,3586.597,237665,160,0
2025-09-07,3591.856,3596.716,3587.112,3591.151,23680,160,0
2025-09-08,3591.173,3646.316,3579.577,3634.992,215946,160,0
2025-09-09,3635.023,3674.523,3623.134,3633.568,271038,160,0
2025-09-10,3633.543,3657.622,3620.18,3644.883,193525,160,0
2025-09-11,3644.916,3649.134,3613.082,3631.842,208776,160,0
2025-09-12,3631.81,3656.62,3630.526,3643.484,160488,160,0
2025-09-14,3644.61,3646.044,3636.772,3638.241,7090,160,0
2025-09-15,3638.237,3685.623,3626.541,3676.965,172811,160,0
2025-09-16,3676.886,3703.088,3674.711,3694.245,180052,160,0
2025-09-17,3694.244,3707.49,3646.097,3669.169,284178,160,0
2025-09-18,3669.131,3673.021,3627.744,3640.239,243036,160,0
2025-09-19,3640.242,3685.203,3632.203,3684.861,189553,160,0
2025-09-21,3687.969,3692.29,3683.776,3686.253,11982,160,0
2025-09-22,3686.263,3749.254,3685.466,3747.763,221402,160,0
2025-09-23,3747.797,3791.084,3736.722,3763.836,278707,160,0
2025-09-24,3763.822,3779.257,3717.427,3742.92,232420,160,0
2025-09-25,3742.99,3761.648,3721.931,3744.717,283982,160,0
2025-09-26,3744.676,3783.85,3734.464,3761.041,234831,160,0
2025-09-28,3764.718,3772.495,3763.347,3766.899,12895,160,0
2025-09-29,3766.858,3834.0,3763.935,3832.835,317889,160,0
2025-09-30,3832.89,3871.7,3793.113,3862.927,357570,160,0
2025-10-01,3862.94,3895.356,3853.334,3863.518,322330,160,0
2025-10-02,3863.475,3897.154,3819.335,3862.41,313970,160,0
2025-10-03,3862.365,3891.669,3838.019,3887.045,266489,160,0
2025-10-05,3888.624,3920.986,3884.034,3909.45,35159,160,0
2025-10-06,3909.487,3976.198,3898.937,3969.514,377678,160,0
2025-10-07,3969.556,3995.936,3940.82,3994.411,347167,160,0
2025-10-08,3994.367,4059.321,3984.478,4011.688,367720,160,0
2025-10-09,4011.706,4057.972,3944.571,3989.932,549749,160,0
2025-10-10,3989.927,4022.825,3946.94,4010.399,516770,160,0
2025-10-12,4014.463,4060.232,4008.645,4035.147,49635,160,0
2025-10-13,4035.195,4132.068,4024.3,4128.045,408160,160,0
2025-10-14,4128.091,4179.744,4090.542,4161.613,642748,160,0
2025-10-15,4161.574,4218.249,4153.849,4209.458,457716,160,0
2025-10-16,4209.491,4380.074,4203.508,4365.805,520292,160,0
2025-10-17,4365.763,4378.578,4186.194,4250.936,982854,160,0
2025-10-19,4264.629,4268.301,4233.246,4237.893,40918,160,0
2025-10-20,4237.865,4381.58,4218.931,4360.492,587764,160,0
2025-10-21,4360.442,4372.296,4080.817,4093.165,904522,160,0
2025-10-22,4093.182,4161.36,4004.185,4087.666,1004992,160,0
2025-10-23,4087.709,4154.67,4065.957,4121.775,534048,160,0
2025-10-24,4121.8,4144.291,4043.978,4113.082,509565,160,0
2025-10-26,4083.575,4109.217,4061.912,4064.458,50114,160,0
2025-10-27,4064.532,4097.81,3971.348,3998.476,569255,160,0
2025-10-28,3998.379,4019.767,3886.535,3964.818,558874,160,0
2025-10-29,3964.838,4030.262,3917.163,3952.812,548669,160,0
2025-10-30,3952.798,4046.422,3915.334,4036.658,538153,160,0
2025-10-31,4036.633,4039.294,3972.406,4001.621,446380,160,0
2025-11-02,3990.719,3998.97,3977.946,3980.306,17439,160,0
2025-11-03,3980.254,4030.646,3962.306,3997.266,411852,160,0
2025-11-04,3997.301,4000.711,3928.81,3934.767,414603,160,0
2025-11-05,3934.793,3990.543,3929.598,3973.671,311962,160,0
2025-11-06,3973.63,4019.609,3964.543,3989.177,302268,160,0
2025-11-07,3989.218,4027.628,3984.058,4001.422,298321,160,0
2025-11-09,4004.876,4012.265,4004.067,4011.834,11812,160,0
2025-11-10,4011.87,4122.693,4011.132,4119.955,319417,160,0
2025-11-11,4119.992,4148.862,4097.107,4142.683,304180,160,0
2025-11-12,4142.574,4211.822,4098.895,4191.097,398842,160,0
2025-11-13,4191.055,4245.297,4145.366,4185.865,500559,160,0
2025-11-14,4185.908,4211.571,4032.194,4084.609,568727,160,0
2025-11-16,4083.755,4106.784,4071.875,4096.457,22938,160,0
2025-11-17,4096.528,4102.076,4006.827,4036.825,495199,160,0
2025-11-18,4036.862,4082.273,3998.037,4076.65,476028,160,0
2025-11-19,4076.692,4132.686,4055.572,4104.662,494156,160,0
2025-11-20,4104.692,4110.341,4038.705,4079.125,600499,160,0
2025-11-21,4079.174,4101.312,4022.258,4066.113,546706,160,0
2025-11-23,4072.469,4077.701,4065.797,4075.117,14594,160,0
2025-11-24,4075.148,4144.405,4039.842,4143.81,375344,160,0
2025-11-25,4143.802,4159.414,4109.156,4133.73,427092,160,0
2025-11-26,4133.737,4173.595,4132.595,4165.012,342401,160,0
2025-11-27,4164.965,4167.313,4142.601,4163.431,206771,160,0
2025-11-28,4163.371,4226.479,4147.529,4219.163,232061,160,0
2025-11-30,4219.988,4225.308,4205.841,4221.933,15689,160,0
2025-12-01,4221.906,4264.532,4215.434,4227.7,427635,160,0
2025-12-02,4227.704,4230.859,4163.566,4212.876,427542,160,0
2025-12-03,4212.913,4241.579,4194.48,4207.165,387561,160,0
2025-12-04,4207.102,4219.486,4174.868,4206.079,353085,160,0
2025-12-05,4206.077,4259.24,4191.863,4198.522,355866,160,0
2025-12-07,4202.426,4208.458,4189.804,4201.389,2189,160,0
2025-12-08,4201.433,4218.963,4176.137,4194.735,266750,160,0
2025-12-09,4194.74,4221.526,4170.097,4210.87,334230,160,0
2025-12-10,4210.815,4238.706,4181.686,4232.419,368622,160,0
2025-12-11,4232.502,4285.959,4204.316,4276.523,581908,160,0
2025-12-12,4276.471,4353.57,4256.958,4300.983,505968,160,0
2025-12-14,4300.525,4308.411,4299.862,4302.391,9925,160,0
2025-12-15,4302.431,4350.352,4285.18,4304.15,359708,160,0
2025-12-16,4304.132,4335.137,4271.599,4307.86,394075,160,0
2025-12-17,4307.905,4349.297,4306.453,4339.201,389348,160,0
2025-12-18,4339.15,4374.645,4308.654,4335.144,415106,160,0
2025-12-19,4335.17,4356.559,4309.221,4339.365,308804,160,0
2025-12-21,4340.979,4356.441,4339.944,4355.345,7979,160,0
2025-12-22,4355.278,4461.775,4355.278,4460.243,301595,160,0
2025-12-23,4460.236,4510.399,4430.559,4503.344,369121,160,0
2025-12-24,4503.359,4525.969,4448.294,4480.715,347240,160,0
2025-12-25,4486.193,4500.024,4484.435,4495.245,9555,160,0
2025-12-26,4495.172,4550.188,4492.303,4532.515,414544,160,0
2025-12-28,4546.214,4548.5,4523.347,4527.184,25289,160,0
2025-12-29,4527.21,4528.031,4302.137,4345.645,685817,160,0
2025-12-30,4345.585,4404.262,4324.41,4338.922,464785,160,0
2025-12-31,4338.977,4373.45,4274.341,4318.847,442589,160,0
2026-01-01,4328.34,4351.526,4327.673,4348.349,8141,160,0
2026-01-02,4348.358,4402.465,4309.68,4331.759,382328,160,0
2026-01-04,4353.486,4375.927,4349.834,4372.57,15661,160,0
2026-01-05,4372.597,4460.29,4370.227,4440.334,450856,160,0
2026-01-06,4440.426,4500.541,4427.675,4493.223,379402,160,0
2026-01-07,4493.308,4495.931,4423.563,4463.418,434753,160,0
2026-01-08,4463.439,4484.203,4407.557,4475.597,418805,160,0
2026-01-09,4475.632,4517.18,4452.819,4509.075,373446,160,0
2026-01-11,4517.918,4545.01,4517.918,4539.96,13229,160,0
2026-01-12,4540.027,4630.183,4536.272,4599.371,486255,160,0
2026-01-13,4599.408,4634.774,4569.234,4597.136,418566,160,0
2026-01-14,4597.181,4643.164,4597.11,4615.294,457715,160,0
2026-01-15,4615.256,4624.902,4580.995,4610.284,441747,160,0
2026-01-16,4610.243,4620.563,4536.729,4596.588,437162,160,0
2026-01-18,4655.358,4690.7,4653.824,4672.573,25469,160,0
2026-01-19,4672.63,4682.114,4653.138,4665.406,259591,160,0
2026-01-20,4665.371,4781.083,4659.455,4775.878,447317,160,0
2026-01-21,4775.829,4888.495,4755.85,4778.381,728330,160,0
2026-01-22,4778.317,4960.587,4772.208,4958.972,460131,160,0
2026-01-23,4959.011,4989.804,4899.542,4988.337,466552,160,0
2026-01-25,5019.847,5040.296,5003.575,5039.789,30605,160,0
2026-01-26,5039.821,5111.144,4989.632,5043.629,847116,160,0
2026-01-27,5043.588,5190.49,5013.485,5172.433,767074,160,0
2026-01-28,5172.389,5570.018,5157.059,5513.022,1049429,160,0
2026-01-29,5512.989,5595.349,5094.978,5438.589,1287104,160,0
2026-01-30,5438.551,5450.946,4682.526,4891.496,2315638,160,0
2026-02-01,4793.519,4819.788,4697.912,4741.422,41133,160,0
2026-02-02,4741.564,4884.89,4401.961,4774.148,1430317,160,0
2026-02-03,4774.235,4993.649,4745.469,4947.236,746083,160,0
2026-02-04,4947.389,5091.855,4852.203,5012.195,567185,160,0
2026-02-05,5012.269,5020.51,4703.368,4703.768,828534,160,0
2026-02-06,4703.682,4971.478,4655.213,4968.145,470223,160,0
2026-02-08,4967.633,5046.837,4964.697,5035.944,13778,240,0
2026-02-09,5036.019,5086.697,4968.921,5031.903,310322,160,0
2026-02-10,5031.829,5078.663,4998.72,5041.55,293093,160,0
2026-02-11,5041.616,5119.259,5019.052,5061.397,283086,160,0
2026-02-12,5061.305,5083.763,4878.366,4920.302,388345,160,0
2026-02-13,4920.054,5046.101,4913.787,5042.605,295612,160,0
2026-02-15,5026.64,5032.237,5010.128,5019.914,9934,240,0
2026-02-16,5019.874,5031.48,4964.573,4989.986,142463,160,0
2026-02-17,4989.899,4991.592,4841.149,4859.523,317843,160,0
2026-02-18,4859.221,5010.974,4858.455,4976.255,188346,160,0
2026-02-19,4976.015,5022.336,4960.446,4987.7,183001,160,0
2026-02-20,4987.764,5108.031,4981.699,5105.809,252250,160,0
2026-02-22,5111.637,5171.868,5108.785,5165.373,10741,240,0
2026-02-23,5165.366,5249.439,5122.192,5235.933,231559,240,0
2026-02-24,5235.839,5238.095,5093.319,5146.578,264174,240,0
2026-02-25,5146.576,5217.614,5136.459,5163.125,207782,240,0
2026-02-26,5163.219,5205.41,5130.47,5184.462,235766,240,0
2026-02-27,5184.431,5281.253,5166.688,5279.022,218301,240,0
2026-03-01,5319.272,5393.371,5314.681,5386.916,16153,360,0
2026-03-02,5386.641,5419.03,5260.224,5345.688,412454,360,0
2026-03-03,5345.693,5379.802,4995.96,5125.056,664194,240,0
2026-03-04,5125.116,5205.974,5105.702,5164.962,390977,240,0
2026-03-05,5164.887,5194.986,5050.681,5086.266,340918,240,0
2026-03-06,5086.068,5176.565,5062.475,5174.067,292218,240,0
2026-03-08,5178.794,5180.193,5044.202,5075.442,40721,264,0
2026-03-09,5075.974,5155.948,5014.438,5139.445,342432,240,0
2026-03-10,5139.609,5238.432,5124.549,5196.851,239061,360,0
2026-03-11,5196.925,5223.041,5129.795,5134.222,202198,360,0
2026-03-12,5134.08,5191.657,5054.751,5098.163,218473,240,0
2026-03-13,5098.067,5128.363,5009.525,5020.977,225061,240,0
2026-03-15,5017.112,5030.407,4966.796,4997.507,23597,160,0
2026-03-16,4997.434,5038.067,4970.011,5012.795,235426,160,0
2026-03-17,5012.899,5044.474,4973.345,5002.75,187397,200,0
2026-03-18,5002.803,5016.311,4804.247,4836.86,292082,200,0
2026-03-19,4836.657,4866.892,4502.61,4643.703,605488,200,0
2026-03-20,4643.631,4735.802,4477.057,4497.479,732855,260,0
2026-03-22,4477.751,4536.1,4449.511,4464.724,48927,280,0
2026-03-23,4464.563,4512.782,4098.357,4441.191,2070834,260,0
2026-03-24,4441.133,4551.356,4305.617,4546.757,1134606,336,0
2026-03-25,4546.67,4602.458,4486.821,4498.103,710584,280,0
2026-03-26,4498.351,4544.567,4350.95,4404.911,933059,280,0
2026-03-27,4404.958,4555.421,4375.187,4495.377,505575,280,0
2026-03-29,4511.704,4513.9,4443.776,4448.566,33532,280,0
2026-03-30,4448.666,4580.694,4418.467,4513.571,446052,280,0
2026-03-31,4513.54,4699.99,4482.562,4696.42,476870,280,0
2026-04-01,4696.362,4800.288,4667.099,4784.149,372655,280,0
2026-04-02,4784.22,4798.722,4553.758,4675.248,605491,280,0
2026-04-05,4662.786,4662.786,4605.062,4610.601,30870,280,0
2026-04-06,4610.685,4706.668,4600.547,4658.85,305316,280,0
2026-04-07,4658.955,4836.35,4607.254,4833.203,506255,280,0
2026-04-08,4833.471,4857.34,4699.492,4715.52,398196,280,0
2026-04-09,4715.678,4801.202,4698.134,4763.591,299062,280,0
2026-04-10,4763.654,4795.16,4730.601,4749.32,239446,160,0
2026-04-12,4670.253,4685.152,4644.106,4671.255,23069,280,0
2026-04-13,4671.339,4765.958,4664.642,4757.364,285549,280,0
2026-04-14,4757.642,4850.578,4751.512,4836.91,234097,280,0
2026-04-15,4836.967,4871.29,4786.07,4823.547,242685,280,0
2026-04-16,4823.203,4838.319,4772.907,4791.644,228738,280,0
2026-04-17,4791.552,4889.686,4767.561,4832.882,255400,280,0
2026-04-19,4774.48,4795.276,4736.757,4755.183,23474,360,0
2026-04-20,4755.285,4833.095,4744.969,4821.563,244612,280,0
2026-04-21,4821.611,4830.532,4668.17,4737.924,327572,280,0
2026-04-22,4738.061,4772.287,4723.353,4727.939,201267,280,0
2026-04-23,4728.005,4753.764,4664.031,4695.224,334673,280,0
2026-04-24,4695.297,4740.324,4657.657,4708.409,244510,280,0
2026-04-26,4696.068,4699.827,4674.842,4680.054,11780,280,0
2026-04-27,4680.118,4730.124,4666.995,4692.035,198314,280,0
2026-04-28,4692.097,4701.388,4554.677,4595.762,284685,280,0
2026-04-29,4595.717,4610.188,4510.099,4561.717,298710,280,0
2026-04-30,4561.621,4646.985,4540.766,4626.341,293818,280,0
2026-05-01,4626.429,4660.228,4559.759,4613.396,218460,280,0
2026-05-03,4625.982,4629.33,4611.106,4613.764,11665,280,0
2026-05-04,4613.93,4618.557,4500.602,4518.866,343284,280,0
2026-05-05,4519.021,4595.796,4513.422,4593.801,194493,280,0
2026-05-06,4593.761,4723.017,4588.283,4698.855,259448,280,0
2026-05-07,4698.977,4764.782,4681.762,4704.064,293811,280,0
2026-05-08,4703.996,4749.575,4693.892,4715.309,235200,280,0
2026-05-10,4691.841,4698.539,4678.931,4691.675,12921,280,0
2026-05-11,4691.609,4770.005,4648.189,4767.591,255391,280,0
2026-05-12,4767.215,4773.652,4637.982,4716.694,280959,280,0
2026-05-13,4716.95,4727.045,4669.361,4696.689,217954,280,0
2026-05-14,4696.333,4718.881,4644.191,4652.328,254611,280,0
2026-05-15,4652.404,4658.214,4511.162,4539.766,376161,280,0
2026-05-17,4538.378,4554.832,4531.793,4537.191,19322,280,0
2026-05-18,4536.965,4588.977,4480.265,4581.862,405523,280,0
2026-05-19,4581.926,4589.369,4464.373,4489.452,330519,280,0
2026-05-20,4489.396,4553.062,4453.399,4546.321,355942,280,0
2026-05-21,4546.372,4570.947,4488.377,4535.299,341952,280,0
2026-05-22,4535.552,4540.956,4491.538,4507.776,241221,280,0
2026-05-24,4545.372,4579.984,4543.319,4567.183,15805,280,0
2026-05-25,4567.126,4580.395,4550.32,4559.694,157176,280,0
2026-05-26,4559.691,4560.242,4482.236,4519.734,243181,280,0
2026-05-27,4519.674,4525.732,4401.186,4447.141,283573,280,0
2026-05-28,4447.199,4516.533,4366.232,4494.974,311268,280,0
2026-05-29,4495.125,4595.189,4492.02,4540.363,253487,280,0
2026-05-31,4521.201,4545.74,4518.354,4539.348,13335,280,0
2026-06-01,4539.409,4546.159,4447.501,4484.275,248521,280,0
2026-06-02,4484.473,4541.595,4462.278,4474.199,220189,280,0
2026-06-03,4474.127,4496.745,4423.591,4457.39,252590,280,0
2026-06-04,4457.449,4515.517,4443.045,4461.516,253929,280,0
2026-06-05,4461.474,4475.911,4311.591,4328.774,346709,260,0
2026-06-07,4325.114,4347.047,4310.191,4343.828,24457,260,0
2026-06-08,4343.881,4353.304,4268.309,4317.619,371709,260,0
2026-06-09,4317.567,4363.463,4210.224,4222.118,381434,260,0
2026-06-10,4222.169,4228.412,4023.773,4047.261,535986,260,0
2026-06-11,4047.319,4246.422,4036.098,4219.785,618742,260,0
2026-06-12,4219.997,4235.558,4170.007,4218.665,386471,260,0
2026-06-14,4270.346,4308.995,4269.222,4293.94,20000,280,0
2026-06-15,4293.886,4369.303,4285.447,4315.715,245104,260,0
2026-06-16,4315.658,4354.979,4306.624,4331.111,213590,260,0
2026-06-17,4331.252,4382.441,4218.832,4277.846,416285,260,0
2026-06-18,4278.178,4329.89,4186.72,4188.559,327616,260,0
2026-06-19,4188.495,4198.235,4121.603,4155.421,206961,260,0
2026-06-21,4153.418,4164.776,4136.447,4140.09,17281,260,0
2026-06-22,4140.335,4221.249,4139.902,4187.682,295090,260,0
2026-06-23,4187.625,4198.671,4080.804,4099.321,353001,260,0
2026-06-24,4099.259,4111.984,3958.811,4012.325,761003,160,0
2026-06-25,4012.27,4044.334,3962.365,4014.651,477698,240,0
2026-06-26,4014.59,4096.054,3982.879,4088.245,325883,240,0
2026-06-28,4075.881,4085.307,4051.708,4062.831,18212,240,0
2026-06-29,4062.635,4075.713,4000.148,4015.028,306680,240,0
2026-06-30,4014.97,4063.437,3942.099,4005.593,340781,240,0
2026-07-01,4005.653,4115.736,3959.988,4035.169,331466,240,0
2026-07-02,4034.972,4144.132,4030.584,4126.116,355622,160,0
2026-07-03,4126.207,4195.506,4122.965,4174.913,176810,240,0
2026-07-05,4177.917,4202.273,4173.191,4182.987,18345,240,0
2026-07-06,4183.254,4203.185,4128.412,4157.372,259384,240,0
2026-07-07,4157.318,4180.456,4092.023,4098.576,284750,240,0
2026-07-08,4098.471,4134.08,4021.714,4076.276,444250,240,0
2026-07-09,4076.084,4138.194,4054.046,4123.547,259027,240,0
2026-07-10,4123.495,4134.804,4072.658,4119.908,220402,240,0
2026-07-12,4098.561,4099.253,4068.425,4084.311,18500,240,0
2026-07-13,4084.359,4091.138,3986.457,4000.913,344648,240,0
2026-07-14,4000.975,4103.078,3983.307,4053.123,330341,160,0
2026-07-15,4052.928,4081.502,4017.244,4057.894,272011,240,0
2026-07-16,4057.945,4061.333,3969.226,3985.782,300434,240,0
2026-07-17,3985.83,4023.877,3959.36,4017.685,309558,240,0
2026-07-19,4000.132,4002.918,3989.154,3995.625,14079,240,0
2026-07-20,3995.494,4040.765,3982.626,4009.702,279033,240,0
2026-07-21,4009.812,4087.436,4003.815,4080.668,233787,240,0
2026-07-22,4080.459,4166.064,4076.583,4133.267,254765,240,0
2026-07-23,4133.319,4141.157,4039.957,4046.905,287549,240,0
2026-07-24,4046.993,4082.12,4021.844,4052.772,210370,240,0
2026-07-26,4091.771,4096.553,4083.583,4093.898,10979,240,0
2026-07-27,4094.295,4116.292,4065.247,4073.195,251359,240,0
2026-07-28,4073.146,4074.211,4011.292,4025.098,257903,240,0
2026-07-29,4024.898,4116.458,3995.886,4084.754,381815,240,0
2026-07-30,4084.555,4120.398,4028.255,4105.897,382651,240,0
2026-07-31,4105.848,4107.253,4020.803,4043.812,235227,240,0
2026-08-02,4073.04,4079.535,4063.069,4074.778,13923,240,0
2026-08-03,4074.839,4079.158,4018.977,4053.762,243544,240,0
2026-08-04,4053.703,4106.425,4042.403,4072.308,248394,240,0
2026-08-05,4072.356,4281.986,4070.191,4278.055,315497,240,0
2026-08-06,4278.111,4304.246,4223.147,4252.14,298623,240,0
2026-08-07,4252.394,4371.969,4229.509,4342.475,336771,240,0
2026-08-09,4347.782,4349.153,4331.889,4332.663,12435,240,0
2026-08-10,4332.6,4402.621,4313.179,4402.264,262328,240,0
2026-08-11,4402.212,4435.299,4356.622,4371.373,281485,240,0
2026-08-12,4371.541,4441.423,4366.413,4414.262,265152,240,0
2026-08-13,4414.6,4449.802,4343.704,4356.612,292703,240,0
2026-08-14,4356.547,4397.008,4310.827,4375.776,224344,240,0
2026-08-16,4379.402,4386.917,4366.989,4370.359,11415,240,0
2026-08-17,4370.182,4428.7,4368.092,4425.733,226704,240,0
2026-08-18,4425.739,4436.253,4327.099,4332.857,252362,240,0
2026-08-19,4333.163,4527.511,4324.382,4511.841,331978,240,0
2026-08-20,4511.898,4541.022,4450.39,4526.459,315307,260,0
2026-08-21,4526.34,4632.13,4508.614,4604.044,267414,260,0
2026-08-23,4615.655,4624.62,4604.499,4623.935,14361,260,0
2026-08-24,4624.199,4682.94,4594.334,4679.762,457520,260,0
2026-08-25,4679.802,4697.047,4605.205,4654.856,525757,260,0
2026-08-26,4654.638,4670.634,4582.917,4623.564,273523,260,0
2026-08-27,4623.466,4643.181,4564.795,4594.556,252571,260,0
2026-08-28,4594.612,4632.24,4445.343,4456.134,430682,260,0
2026-08-30,4439.04,4466.891,4435.62,4458.24,17125,260,0
2026-08-31,4458.301,4472.423,4396.361,4452.137,304611,260,0
2026-09-01,4452.22,4461.502,4322.672,4324.635,344186,240,0
2026-09-02,4324.688,4397.767,4282.227,4385.397,328410,240,0
2026-09-03,4385.81,4510.953,4382.629,4479.843,295577,260,0
2026-09-04,4480.209,4490.905,4365.204,4430.155,302152,260,0
2026-09-06,4421.983,4435.023,4417.61,4423.098,9804,260,0
2026-09-07,4423.16,4429.787,4380.933,4423.039,185210,260,0
2026-09-08,4422.885,4443.097,4345.122,4350.031,305592,240,0
2026-09-09,4349.791,4434.161,4340.916,4394.034,277083,240,0
2026-09-10,4393.941,4435.004,4311.082,4315.237,372578,240,0
2026-09-11,4315.164,4402.687,4291.761,4349.302,371982,240,0
2026-09-13,4339.582,4342.489,4328.399,4332.941,11294,240,0
2026-09-14,4332.802,4355.284,4253.404,4288.286,333749,240,0
2026-09-15,4288.232,4317.368,4261.13,4283.306,253752,240,0
2026-09-16,4283.373,4368.171,4234.93,4271.571,397787,240,0
2026-09-17,4271.627,4381.363,4266.026,4346.397,306084,240,0
2026-09-18,4346.062,4399.722,4334.052,4378.062,251769,240,0
2026-09-20,4374.114,4382.457,4368.665,4372.514,9619,240,0
2026-09-21,4372.494,4383.445,4322.715,4368.405,247886,240,0
2026-09-22,4368.471,4376.057,4291.384,4321.635,127640,240,0
